일자	축제 명	성별	연령대	현지인 관광객 수(성별_연령)	외지인 관광객 수(성별_연령)	국적명	외국인 관광객 수(국적)	시간대	현지인 관광객 수(시간대)	외지인 관광객 수(시간대)	외국인 관광객 수(시간대)
2019-09-26	보은대추축제	남자	10대	634	125						
2019-09-26	보은대추축제	남자	10대이하	19	2						
2019-09-26	보은대추축제	남자	20대	272	317						
2019-09-26	보은대추축제	남자	30대	476	267						
2019-09-26	보은대추축제	남자	40대	652	311						
2019-09-26	보은대추축제	남자	50대	936	514						
2019-09-26	보은대추축제	남자	60대	539	330						
2019-09-26	보은대추축제	남자	70대이상	318	81						
2019-09-26	보은대추축제	여자	10대	310	191						
2019-09-26	보은대추축제	여자	10대이하	39	24						
2019-09-26	보은대추축제	여자	20대	255	227						
2019-09-26	보은대추축제	여자	30대	396	176						
2019-09-26	보은대추축제	여자	40대	598	254						
2019-09-26	보은대추축제	여자	50대	875	262						
2019-09-26	보은대추축제	여자	60대	609	190						
2019-09-26	보은대추축제	여자	70대이상	257	65						
2019-09-26	보은대추축제					독일	2				
2019-09-26	보은대추축제					말레이시아	3				
2019-09-26	보은대추축제					미국	1				
2019-09-26	보은대추축제							새벽	959	508	0
2019-09-26	보은대추축제							야간	667	376	1
2019-09-26	보은대추축제							오전	1397	611	2
2019-09-26	보은대추축제							오후	1571	731	0
2019-09-26	보은대추축제							저녁	1254	479	1
2019-09-26	보은대추축제							점심	1337	631	2
2019-09-27	보은대추축제	남자	10대	607	159						
2019-09-27	보은대추축제	남자	10대이하	11	2						
2019-09-27	보은대추축제	남자	20대	314	466						
2019-09-27	보은대추축제	남자	30대	491	279						
2019-09-27	보은대추축제	남자	40대	672	631						
2019-09-27	보은대추축제	남자	50대	996	829						
2019-09-27	보은대추축제	남자	60대	615	529						
2019-09-27	보은대추축제	남자	70대이상	293	107						
2019-09-27	보은대추축제	여자	10대	363	170						
2019-09-27	보은대추축제	여자	10대이하	29	12						
2019-09-27	보은대추축제	여자	20대	215	263						
2019-09-27	보은대추축제	여자	30대	441	204						
2019-09-27	보은대추축제	여자	40대	614	396						
2019-09-27	보은대추축제	여자	50대	938	538						
2019-09-27	보은대추축제	여자	60대	692	288						
2019-09-27	보은대추축제	여자	70대이상	179	118						
2019-09-27	보은대추축제					미국	1				
2019-09-27	보은대추축제							새벽	908	649	0
2019-09-27	보은대추축제							야간	818	788	0
2019-09-27	보은대추축제							오전	1280	620	0
2019-09-27	보은대추축제							오후	1656	1127	0
2019-09-27	보은대추축제							저녁	1527	979	1
2019-09-27	보은대추축제							점심	1281	828	0
2019-09-28	보은대추축제	남자	10대	426	273						
2019-09-28	보은대추축제	남자	10대이하	29	20						
2019-09-28	보은대추축제	남자	20대	318	495						
2019-09-28	보은대추축제	남자	30대	412	559						
2019-09-28	보은대추축제	남자	40대	730	1236						
2019-09-28	보은대추축제	남자	50대	1033	1613						
2019-09-28	보은대추축제	남자	60대	479	936						
2019-09-28	보은대추축제	남자	70대이상	219	230						
2019-09-28	보은대추축제	여자	10대	415	366						
2019-09-28	보은대추축제	여자	10대이하	59	85						
2019-09-28	보은대추축제	여자	20대	212	421						
2019-09-28	보은대추축제	여자	30대	302	516						
2019-09-28	보은대추축제	여자	40대	581	850						
2019-09-28	보은대추축제	여자	50대	824	1301						
2019-09-28	보은대추축제	여자	60대	523	600						
2019-09-28	보은대추축제	여자	70대이상	129	211						
2019-09-28	보은대추축제					태국	4				
2019-09-28	보은대추축제							새벽	902	1468	0
2019-09-28	보은대추축제							야간	821	1189	0
2019-09-28	보은대추축제							오전	1072	1485	0
2019-09-28	보은대추축제							오후	1447	2206	2
2019-09-28	보은대추축제							저녁	1332	1477	0
2019-09-28	보은대추축제							점심	1117	1887	2
2019-09-29	보은대추축제	남자	10대	423	255						
2019-09-29	보은대추축제	남자	10대이하	28	48						
2019-09-29	보은대추축제	남자	20대	322	467						
2019-09-29	보은대추축제	남자	30대	321	595						
2019-09-29	보은대추축제	남자	40대	676	992						
2019-09-29	보은대추축제	남자	50대	831	1378						
2019-09-29	보은대추축제	남자	60대	318	960						
2019-09-29	보은대추축제	남자	70대이상	211	206						
2019-09-29	보은대추축제	여자	10대	323	230						
2019-09-29	보은대추축제	여자	10대이하	28	60						
2019-09-29	보은대추축제	여자	20대	201	487						
2019-09-29	보은대추축제	여자	30대	357	600						
2019-09-29	보은대추축제	여자	40대	438	798						
2019-09-29	보은대추축제	여자	50대	617	1185						
2019-09-29	보은대추축제	여자	60대	401	511						
2019-09-29	보은대추축제	여자	70대이상	83	148						
2019-09-29	보은대추축제					대만	5				
2019-09-29	보은대추축제					미국	1				
2019-09-29	보은대추축제					중국	4				
2019-09-29	보은대추축제					태국	12				
2019-09-29	보은대추축제							새벽	1007	2372	0
2019-09-29	보은대추축제							야간	577	335	0
2019-09-29	보은대추축제							오전	937	2006	2
2019-09-29	보은대추축제							오후	1171	1708	3
2019-09-29	보은대추축제							저녁	999	594	1
2019-09-29	보은대추축제							점심	887	1905	16
2019-09-30	보은대추축제	남자	10대	643	100						
2019-09-30	보은대추축제	남자	10대이하	27	3						
2019-09-30	보은대추축제	남자	20대	315	178						
2019-09-30	보은대추축제	남자	30대	406	203						
2019-09-30	보은대추축제	남자	40대	704	350						
2019-09-30	보은대추축제	남자	50대	908	445						
2019-09-30	보은대추축제	남자	60대	569	517						
2019-09-30	보은대추축제	남자	70대이상	311	152						
2019-09-30	보은대추축제	여자	10대	303	101						
2019-09-30	보은대추축제	여자	10대이하	17	19						
2019-09-30	보은대추축제	여자	20대	257	200						
2019-09-30	보은대추축제	여자	30대	426	129						
2019-09-30	보은대추축제	여자	40대	603	299						
2019-09-30	보은대추축제	여자	50대	802	427						
2019-09-30	보은대추축제	여자	60대	573	382						
2019-09-30	보은대추축제	여자	70대이상	278	115						
2019-09-30	보은대추축제					말레이시아	3				
2019-09-30	보은대추축제					미국	2				
2019-09-30	보은대추축제					일본	5				
2019-09-30	보은대추축제					중국	3				
2019-09-30	보은대추축제							새벽	873	558	0
2019-09-30	보은대추축제							야간	700	455	5
2019-09-30	보은대추축제							오전	1352	489	0
2019-09-30	보은대추축제							오후	1560	829	3
2019-09-30	보은대추축제							저녁	1309	592	2
2019-09-30	보은대추축제							점심	1348	697	3
2019-10-01	보은대추축제	남자	10대	512	278						
2019-10-01	보은대추축제	남자	10대이하	37	6						
2019-10-01	보은대추축제	남자	20대	326	300						
2019-10-01	보은대추축제	남자	30대	442	255						
2019-10-01	보은대추축제	남자	40대	609	279						
2019-10-01	보은대추축제	남자	50대	910	372						
2019-10-01	보은대추축제	남자	60대	599	404						
2019-10-01	보은대추축제	남자	70대이상	332	236						
2019-10-01	보은대추축제	여자	10대	244	29						
2019-10-01	보은대추축제	여자	10대이하	23	0						
2019-10-01	보은대추축제	여자	20대	246	187						
2019-10-01	보은대추축제	여자	30대	359	88						
2019-10-01	보은대추축제	여자	40대	631	289						
2019-10-01	보은대추축제	여자	50대	808	494						
2019-10-01	보은대추축제	여자	60대	556	461						
2019-10-01	보은대추축제	여자	70대이상	232	201						
2019-10-01	보은대추축제					기타	2				
2019-10-01	보은대추축제					독일	0				
2019-10-01	보은대추축제					미국	0				
2019-10-01	보은대추축제					일본	32				
2019-10-01	보은대추축제					중국	1				
2019-10-01	보은대추축제					홍콩	0				
2019-10-01	보은대추축제							새벽	726	568	8
2019-10-01	보은대추축제							야간	703	469	5
2019-10-01	보은대추축제							오전	1193	557	8
2019-10-01	보은대추축제							오후	1589	817	5
2019-10-01	보은대추축제							저녁	1445	583	4
2019-10-01	보은대추축제							점심	1210	885	5
2019-10-02	보은대추축제	남자	10대	494	273						
2019-10-02	보은대추축제	남자	10대이하	38	5						
2019-10-02	보은대추축제	남자	20대	326	199						
2019-10-02	보은대추축제	남자	30대	409	227						
2019-10-02	보은대추축제	남자	40대	606	159						
2019-10-02	보은대추축제	남자	50대	877	279						
2019-10-02	보은대추축제	남자	60대	576	204						
2019-10-02	보은대추축제	남자	70대이상	296	54						
2019-10-02	보은대추축제	여자	10대	307	40						
2019-10-02	보은대추축제	여자	10대이하	17	4						
2019-10-02	보은대추축제	여자	20대	244	233						
2019-10-02	보은대추축제	여자	30대	285	112						
2019-10-02	보은대추축제	여자	40대	661	280						
2019-10-02	보은대추축제	여자	50대	715	254						
2019-10-02	보은대추축제	여자	60대	472	185						
2019-10-02	보은대추축제	여자	70대이상	222	64						
2019-10-02	보은대추축제					기타	0				
2019-10-02	보은대추축제					미국	0				
2019-10-02	보은대추축제					베트남	0				
2019-10-02	보은대추축제					일본	31				
2019-10-02	보은대추축제					중국	2				
2019-10-02	보은대추축제					홍콩	5				
2019-10-02	보은대추축제							새벽	785	778	10
2019-10-02	보은대추축제							야간	685	220	5
2019-10-02	보은대추축제							오전	1166	648	8
2019-10-02	보은대추축제							오후	1492	275	6
2019-10-02	보은대추축제							저녁	1241	235	5
2019-10-02	보은대추축제							점심	1176	416	4
2019-10-03	보은대추축제	남자	10대	467	733						
2019-10-03	보은대추축제	남자	10대이하	65	131						
2019-10-03	보은대추축제	남자	20대	330	324						
2019-10-03	보은대추축제	남자	30대	377	488						
2019-10-03	보은대추축제	남자	40대	570	907						
2019-10-03	보은대추축제	남자	50대	1053	761						
2019-10-03	보은대추축제	남자	60대	579	387						
2019-10-03	보은대추축제	남자	70대이상	271	149						
2019-10-03	보은대추축제	여자	10대	363	150						
2019-10-03	보은대추축제	여자	10대이하	33	86						
2019-10-03	보은대추축제	여자	20대	231	303						
2019-10-03	보은대추축제	여자	30대	308	441						
2019-10-03	보은대추축제	여자	40대	534	711						
2019-10-03	보은대추축제	여자	50대	745	631						
2019-10-03	보은대추축제	여자	60대	412	316						
2019-10-03	보은대추축제	여자	70대이상	126	100						
2019-10-03	보은대추축제					기타	7				
2019-10-03	보은대추축제					미국	1				
2019-10-03	보은대추축제					일본	21				
2019-10-03	보은대추축제					중국	0				
2019-10-03	보은대추축제					홍콩	7				
2019-10-03	보은대추축제							새벽	851	542	11
2019-10-03	보은대추축제							야간	728	828	4
2019-10-03	보은대추축제							오전	974	696	7
2019-10-03	보은대추축제							오후	1518	1919	6
2019-10-03	보은대추축제							저녁	1263	1096	4
2019-10-03	보은대추축제							점심	1130	1537	4
2019-10-04	보은대추축제	남자	10대	501	671						
2019-10-04	보은대추축제	남자	10대이하	64	167						
2019-10-04	보은대추축제	남자	20대	338	262						
2019-10-04	보은대추축제	남자	30대	458	372						
2019-10-04	보은대추축제	남자	40대	621	937						
2019-10-04	보은대추축제	남자	50대	1078	580						
2019-10-04	보은대추축제	남자	60대	734	440						
2019-10-04	보은대추축제	남자	70대이상	538	144						
2019-10-04	보은대추축제	여자	10대	411	176						
2019-10-04	보은대추축제	여자	10대이하	37	86						
2019-10-04	보은대추축제	여자	20대	298	253						
2019-10-04	보은대추축제	여자	30대	349	407						
2019-10-04	보은대추축제	여자	40대	685	722						
2019-10-04	보은대추축제	여자	50대	948	710						
2019-10-04	보은대추축제	여자	60대	630	524						
2019-10-04	보은대추축제	여자	70대이상	282	115						
2019-10-04	보은대추축제					기타	4				
2019-10-04	보은대추축제					미국	1				
2019-10-04	보은대추축제					일본	10				
2019-10-04	보은대추축제					중국	3				
2019-10-04	보은대추축제					홍콩	5				
2019-10-04	보은대추축제							새벽	977	1008	14
2019-10-04	보은대추축제							야간	852	970	3
2019-10-04	보은대추축제							오전	1444	892	3
2019-10-04	보은대추축제							오후	1666	1571	0
2019-10-04	보은대추축제							저녁	1472	1110	1
2019-10-04	보은대추축제							점심	1561	1015	2
2019-10-05	보은대추축제	남자	10대	541	639						
2019-10-05	보은대추축제	남자	10대이하	50	137						
2019-10-05	보은대추축제	남자	20대	334	709						
2019-10-05	보은대추축제	남자	30대	364	627						
2019-10-05	보은대추축제	남자	40대	503	1320						
2019-10-05	보은대추축제	남자	50대	854	1103						
2019-10-05	보은대추축제	남자	60대	548	817						
2019-10-05	보은대추축제	남자	70대이상	275	224						
2019-10-05	보은대추축제	여자	10대	420	285						
2019-10-05	보은대추축제	여자	10대이하	14	47						
2019-10-05	보은대추축제	여자	20대	249	561						
2019-10-05	보은대추축제	여자	30대	274	614						
2019-10-05	보은대추축제	여자	40대	511	1058						
2019-10-05	보은대추축제	여자	50대	662	1188						
2019-10-05	보은대추축제	여자	60대	433	774						
2019-10-05	보은대추축제	여자	70대이상	102	205						
2019-10-05	보은대추축제					기타	18				
2019-10-05	보은대추축제					미국	5				
2019-10-05	보은대추축제					중국	0				
2019-10-05	보은대추축제					캐나다	1				
2019-10-05	보은대추축제					프랑스	3				
2019-10-05	보은대추축제					홍콩	5				
2019-10-05	보은대추축제							새벽	937	1870	12
2019-10-05	보은대추축제							야간	644	1197	2
2019-10-05	보은대추축제							오전	1152	1845	6
2019-10-05	보은대추축제							오후	1323	2213	3
2019-10-05	보은대추축제							저녁	1008	1396	5
2019-10-05	보은대추축제							점심	1070	1787	4
2019-10-06	보은대추축제	남자	10대	511	492						
2019-10-06	보은대추축제	남자	10대이하	47	86						
2019-10-06	보은대추축제	남자	20대	318	726						
2019-10-06	보은대추축제	남자	30대	295	647						
2019-10-06	보은대추축제	남자	40대	513	1369						
2019-10-06	보은대추축제	남자	50대	738	1237						
2019-10-06	보은대추축제	남자	60대	535	878						
2019-10-06	보은대추축제	남자	70대이상	261	245						
2019-10-06	보은대추축제	여자	10대	369	274						
2019-10-06	보은대추축제	여자	10대이하	19	50						
2019-10-06	보은대추축제	여자	20대	238	596						
2019-10-06	보은대추축제	여자	30대	300	634						
2019-10-06	보은대추축제	여자	40대	492	966						
2019-10-06	보은대추축제	여자	50대	714	1179						
2019-10-06	보은대추축제	여자	60대	447	705						
2019-10-06	보은대추축제	여자	70대이상	122	212						
2019-10-06	보은대추축제					미국	2				
2019-10-06	보은대추축제					프랑스	2				
2019-10-06	보은대추축제					홍콩	12				
2019-10-06	보은대추축제							새벽	953	2825	5
2019-10-06	보은대추축제							야간	526	228	1
2019-10-06	보은대추축제							오전	1064	2681	5
2019-10-06	보은대추축제							오후	1328	1880	2
2019-10-06	보은대추축제							저녁	1079	431	1
2019-10-06	보은대추축제							점심	969	2251	2
2019-10-07	보은대추축제	남자	10대	537	109						
2019-10-07	보은대추축제	남자	10대이하	28	21						
2019-10-07	보은대추축제	남자	20대	228	161						
2019-10-07	보은대추축제	남자	30대	399	264						
2019-10-07	보은대추축제	남자	40대	587	278						
2019-10-07	보은대추축제	남자	50대	923	421						
2019-10-07	보은대추축제	남자	60대	631	283						
2019-10-07	보은대추축제	남자	70대이상	387	91						
2019-10-07	보은대추축제	여자	10대	369	45						
2019-10-07	보은대추축제	여자	10대이하	26	0						
2019-10-07	보은대추축제	여자	20대	202	162						
2019-10-07	보은대추축제	여자	30대	367	136						
2019-10-07	보은대추축제	여자	40대	583	282						
2019-10-07	보은대추축제	여자	50대	849	372						
2019-10-07	보은대추축제	여자	60대	509	314						
2019-10-07	보은대추축제	여자	70대이상	222	94						
2019-10-07	보은대추축제					미국	6				
2019-10-07	보은대추축제					베트남	4				
2019-10-07	보은대추축제					태국	1				
2019-10-07	보은대추축제					필리핀	3				
2019-10-07	보은대추축제					홍콩	1				
2019-10-07	보은대추축제							새벽	843	522	3
2019-10-07	보은대추축제							야간	619	312	4
2019-10-07	보은대추축제							오전	1253	505	2
2019-10-07	보은대추축제							오후	1618	710	0
2019-10-07	보은대추축제							저녁	1228	383	1
2019-10-07	보은대추축제							점심	1286	601	5
2019-10-08	보은대추축제	남자	10대	518	75						
2019-10-08	보은대추축제	남자	10대이하	52	15						
2019-10-08	보은대추축제	남자	20대	277	189						
2019-10-08	보은대추축제	남자	30대	447	252						
2019-10-08	보은대추축제	남자	40대	579	324						
2019-10-08	보은대추축제	남자	50대	1003	566						
2019-10-08	보은대추축제	남자	60대	536	377						
2019-10-08	보은대추축제	남자	70대이상	346	88						
2019-10-08	보은대추축제	여자	10대	308	41						
2019-10-08	보은대추축제	여자	10대이하	32	3						
2019-10-08	보은대추축제	여자	20대	259	146						
2019-10-08	보은대추축제	여자	30대	393	94						
2019-10-08	보은대추축제	여자	40대	578	415						
2019-10-08	보은대추축제	여자	50대	860	849						
2019-10-08	보은대추축제	여자	60대	536	585						
2019-10-08	보은대추축제	여자	70대이상	235	168						
2019-10-08	보은대추축제					미국	2				
2019-10-08	보은대추축제					중국	1				
2019-10-08	보은대추축제					태국	3				
2019-10-08	보은대추축제					필리핀	16				
2019-10-08	보은대추축제					홍콩	3				
2019-10-08	보은대추축제							새벽	818	429	8
2019-10-08	보은대추축제							야간	721	626	0
2019-10-08	보은대추축제							오전	1218	516	8
2019-10-08	보은대추축제							오후	1551	1043	3
2019-10-08	보은대추축제							저녁	1380	771	0
2019-10-08	보은대추축제							점심	1271	802	6
2019-10-09	보은대추축제	남자	10대	532	149						
2019-10-09	보은대추축제	남자	10대이하	60	20						
2019-10-09	보은대추축제	남자	20대	297	409						
2019-10-09	보은대추축제	남자	30대	390	726						
2019-10-09	보은대추축제	남자	40대	586	878						
2019-10-09	보은대추축제	남자	50대	859	1337						
2019-10-09	보은대추축제	남자	60대	451	827						
2019-10-09	보은대추축제	남자	70대이상	274	243						
2019-10-09	보은대추축제	여자	10대	314	101						
2019-10-09	보은대추축제	여자	10대이하	41	31						
2019-10-09	보은대추축제	여자	20대	199	359						
2019-10-09	보은대추축제	여자	30대	321	595						
2019-10-09	보은대추축제	여자	40대	504	1014						
2019-10-09	보은대추축제	여자	50대	633	1740						
2019-10-09	보은대추축제	여자	60대	389	879						
2019-10-09	보은대추축제	여자	70대이상	138	238						
2019-10-09	보은대추축제					미국	5				
2019-10-09	보은대추축제					캐나다	2				
2019-10-09	보은대추축제					프랑스	0				
2019-10-09	보은대추축제							새벽	870	1234	2
2019-10-09	보은대추축제							야간	652	836	1
2019-10-09	보은대추축제							오전	1001	1453	1
2019-10-09	보은대추축제							오후	1319	2657	0
2019-10-09	보은대추축제							저녁	1115	1068	1
2019-10-09	보은대추축제							점심	1031	2298	2
2019-10-10	보은대추축제	남자	10대	443	47						
2019-10-10	보은대추축제	남자	10대이하	50	5						
2019-10-10	보은대추축제	남자	20대	303	305						
2019-10-10	보은대추축제	남자	30대	450	488						
2019-10-10	보은대추축제	남자	40대	645	513						
2019-10-10	보은대추축제	남자	50대	995	724						
2019-10-10	보은대추축제	남자	60대	599	470						
2019-10-10	보은대추축제	남자	70대이상	467	158						
2019-10-10	보은대추축제	여자	10대	358	49						
2019-10-10	보은대추축제	여자	10대이하	30	14						
2019-10-10	보은대추축제	여자	20대	255	217						
2019-10-10	보은대추축제	여자	30대	365	270						
2019-10-10	보은대추축제	여자	40대	658	434						
2019-10-10	보은대추축제	여자	50대	924	630						
2019-10-10	보은대추축제	여자	60대	529	390						
2019-10-10	보은대추축제	여자	70대이상	242	143						
2019-10-10	보은대추축제					기타	11				
2019-10-10	보은대추축제					독일	1				
2019-10-10	보은대추축제					말레이시아	1				
2019-10-10	보은대추축제					미국	1				
2019-10-10	보은대추축제					중국	15				
2019-10-10	보은대추축제							새벽	848	1178	1
2019-10-10	보은대추축제							야간	686	374	12
2019-10-10	보은대추축제							오전	1389	1122	0
2019-10-10	보은대추축제							오후	1661	773	5
2019-10-10	보은대추축제							저녁	1360	514	11
2019-10-10	보은대추축제							점심	1369	896	0
2019-10-11	보은대추축제	남자	10대	558	81						
2019-10-11	보은대추축제	남자	10대이하	48	17						
2019-10-11	보은대추축제	남자	20대	409	546						
2019-10-11	보은대추축제	남자	30대	602	674						
2019-10-11	보은대추축제	남자	40대	765	1300						
2019-10-11	보은대추축제	남자	50대	1466	2478						
2019-10-11	보은대추축제	남자	60대	1042	2052						
2019-10-11	보은대추축제	남자	70대이상	588	712						
2019-10-11	보은대추축제	여자	10대	436	128						
2019-10-11	보은대추축제	여자	10대이하	51	16						
2019-10-11	보은대추축제	여자	20대	395	522						
2019-10-11	보은대추축제	여자	30대	520	685						
2019-10-11	보은대추축제	여자	40대	859	1940						
2019-10-11	보은대추축제	여자	50대	1555	4128						
2019-10-11	보은대추축제	여자	60대	1001	2336						
2019-10-11	보은대추축제	여자	70대이상	303	732						
2019-10-11	보은대추축제					기타	9				
2019-10-11	보은대추축제					미국	7				
2019-10-11	보은대추축제					베트남	1				
2019-10-11	보은대추축제					일본	9				
2019-10-11	보은대추축제					중국	70				
2019-10-11	보은대추축제					프랑스	2				
2019-10-11	보은대추축제					홍콩	1				
2019-10-11	보은대추축제							새벽	736	745	17
2019-10-11	보은대추축제							야간	1264	2537	19
2019-10-11	보은대추축제							오전	1788	1295	12
2019-10-11	보은대추축제							오후	2613	6056	20
2019-10-11	보은대추축제							저녁	2364	3734	16
2019-10-11	보은대추축제							점심	1833	3980	15
2019-10-12	보은대추축제	남자	10대	587	814						
2019-10-12	보은대추축제	남자	10대이하	55	323						
2019-10-12	보은대추축제	남자	20대	474	1322						
2019-10-12	보은대추축제	남자	30대	563	2297						
2019-10-12	보은대추축제	남자	40대	866	3653						
2019-10-12	보은대추축제	남자	50대	1344	6433						
2019-10-12	보은대추축제	남자	60대	868	4507						
2019-10-12	보은대추축제	남자	70대이상	438	1346						
2019-10-12	보은대추축제	여자	10대	500	649						
2019-10-12	보은대추축제	여자	10대이하	29	194						
2019-10-12	보은대추축제	여자	20대	427	1564						
2019-10-12	보은대추축제	여자	30대	478	2689						
2019-10-12	보은대추축제	여자	40대	791	4518						
2019-10-12	보은대추축제	여자	50대	1458	8835						
2019-10-12	보은대추축제	여자	60대	857	4920						
2019-10-12	보은대추축제	여자	70대이상	298	1322						
2019-10-12	보은대추축제					미국	10				
2019-10-12	보은대추축제					일본	23				
2019-10-12	보은대추축제					중국	47				
2019-10-12	보은대추축제					프랑스	5				
2019-10-12	보은대추축제					홍콩	9				
2019-10-12	보은대추축제							새벽	866	4461	30
2019-10-12	보은대추축제							야간	990	3180	7
2019-10-12	보은대추축제							오전	1652	5951	29
2019-10-12	보은대추축제							오후	2677	14921	6
2019-10-12	보은대추축제							저녁	2014	6808	8
2019-10-12	보은대추축제							점심	1834	10065	14
2019-10-13	보은대추축제	남자	10대	518	1016						
2019-10-13	보은대추축제	남자	10대이하	83	328						
2019-10-13	보은대추축제	남자	20대	415	1232						
2019-10-13	보은대추축제	남자	30대	479	2601						
2019-10-13	보은대추축제	남자	40대	654	3988						
2019-10-13	보은대추축제	남자	50대	1238	7712						
2019-10-13	보은대추축제	남자	60대	841	5913						
2019-10-13	보은대추축제	남자	70대이상	433	1467						
2019-10-13	보은대추축제	여자	10대	392	655						
2019-10-13	보은대추축제	여자	10대이하	36	259						
2019-10-13	보은대추축제	여자	20대	445	1570						
2019-10-13	보은대추축제	여자	30대	507	3217						
2019-10-13	보은대추축제	여자	40대	727	4327						
2019-10-13	보은대추축제	여자	50대	1359	9895						
2019-10-13	보은대추축제	여자	60대	820	5189						
2019-10-13	보은대추축제	여자	70대이상	260	1170						
2019-10-13	보은대추축제					기타	1				
2019-10-13	보은대추축제					미국	10				
2019-10-13	보은대추축제					싱가포르	1				
2019-10-13	보은대추축제					일본	25				
2019-10-13	보은대추축제					중국	17				
2019-10-13	보은대추축제					프랑스	2				
2019-10-13	보은대추축제					호주	1				
2019-10-13	보은대추축제					홍콩	1				
2019-10-13	보은대추축제							새벽	836	4932	17
2019-10-13	보은대추축제							야간	691	1223	8
2019-10-13	보은대추축제							오전	1533	6389	14
2019-10-13	보은대추축제							오후	2701	19101	10
2019-10-13	보은대추축제							저녁	1602	4046	3
2019-10-13	보은대추축제							점심	1844	14848	6
2019-10-14	보은대추축제	남자	10대	491	99						
2019-10-14	보은대추축제	남자	10대이하	46	6						
2019-10-14	보은대추축제	남자	20대	394	376						
2019-10-14	보은대추축제	남자	30대	547	623						
2019-10-14	보은대추축제	남자	40대	725	1080						
2019-10-14	보은대추축제	남자	50대	1322	2094						
2019-10-14	보은대추축제	남자	60대	782	1934						
2019-10-14	보은대추축제	남자	70대이상	437	863						
2019-10-14	보은대추축제	여자	10대	334	93						
2019-10-14	보은대추축제	여자	10대이하	20	5						
2019-10-14	보은대추축제	여자	20대	379	676						
2019-10-14	보은대추축제	여자	30대	427	614						
2019-10-14	보은대추축제	여자	40대	848	923						
2019-10-14	보은대추축제	여자	50대	1318	2895						
2019-10-14	보은대추축제	여자	60대	816	2153						
2019-10-14	보은대추축제	여자	70대이상	345	991						
2019-10-14	보은대추축제					미국	6				
2019-10-14	보은대추축제					일본	3				
2019-10-14	보은대추축제					중국	10				
2019-10-14	보은대추축제					태국	2				
2019-10-14	보은대추축제					프랑스	2				
2019-10-14	보은대추축제							새벽	794	1235	9
2019-10-14	보은대추축제							야간	896	826	1
2019-10-14	보은대추축제							오전	1596	1479	7
2019-10-14	보은대추축제							오후	2297	5698	3
2019-10-14	보은대추축제							저녁	1968	2085	1
2019-10-14	보은대추축제							점심	1680	4102	2
2019-10-15	보은대추축제	남자	10대	453	169						
2019-10-15	보은대추축제	남자	10대이하	67	7						
2019-10-15	보은대추축제	남자	20대	340	450						
2019-10-15	보은대추축제	남자	30대	571	688						
2019-10-15	보은대추축제	남자	40대	669	1043						
2019-10-15	보은대추축제	남자	50대	1201	2186						
2019-10-15	보은대추축제	남자	60대	832	2258						
2019-10-15	보은대추축제	남자	70대이상	423	1159						
2019-10-15	보은대추축제	여자	10대	313	96						
2019-10-15	보은대추축제	여자	10대이하	24	0						
2019-10-15	보은대추축제	여자	20대	357	380						
2019-10-15	보은대추축제	여자	30대	431	538						
2019-10-15	보은대추축제	여자	40대	861	954						
2019-10-15	보은대추축제	여자	50대	1265	3209						
2019-10-15	보은대추축제	여자	60대	882	2292						
2019-10-15	보은대추축제	여자	70대이상	321	1019						
2019-10-15	보은대추축제					미국	11				
2019-10-15	보은대추축제					싱가포르	2				
2019-10-15	보은대추축제					중국	6				
2019-10-15	보은대추축제					태국	5				
2019-10-15	보은대추축제					프랑스	3				
2019-10-15	보은대추축제							새벽	843	1052	4
2019-10-15	보은대추축제							야간	727	842	1
2019-10-15	보은대추축제							오전	1729	1843	7
2019-10-15	보은대추축제							오후	2413	6206	5
2019-10-15	보은대추축제							저녁	1573	1663	4
2019-10-15	보은대추축제							점심	1725	4842	6
2019-10-16	보은대추축제	남자	10대	444	892						
2019-10-16	보은대추축제	남자	10대이하	27	5						
2019-10-16	보은대추축제	남자	20대	352	348						
2019-10-16	보은대추축제	남자	30대	538	659						
2019-10-16	보은대추축제	남자	40대	669	874						
2019-10-16	보은대추축제	남자	50대	1091	1895						
2019-10-16	보은대추축제	남자	60대	798	2099						
2019-10-16	보은대추축제	남자	70대이상	460	1110						
2019-10-16	보은대추축제	여자	10대	360	353						
2019-10-16	보은대추축제	여자	10대이하	28	5						
2019-10-16	보은대추축제	여자	20대	339	347						
2019-10-16	보은대추축제	여자	30대	479	414						
2019-10-16	보은대추축제	여자	40대	777	926						
2019-10-16	보은대추축제	여자	50대	1249	2602						
2019-10-16	보은대추축제	여자	60대	762	2039						
2019-10-16	보은대추축제	여자	70대이상	340	815						
2019-10-16	보은대추축제					기타	9				
2019-10-16	보은대추축제					독일	2				
2019-10-16	보은대추축제					미국	0				
2019-10-16	보은대추축제					태국	5				
2019-10-16	보은대추축제							새벽	737	1230	0
2019-10-16	보은대추축제							야간	736	1027	1
2019-10-16	보은대추축제							오전	1557	1762	6
2019-10-16	보은대추축제							오후	2359	5213	0
2019-10-16	보은대추축제							저녁	1581	1834	1
2019-10-16	보은대추축제							점심	1743	4317	8
2019-10-17	보은대추축제	남자	10대	433	1574						
2019-10-17	보은대추축제	남자	10대이하	42	15						
2019-10-17	보은대추축제	남자	20대	339	398						
2019-10-17	보은대추축제	남자	30대	479	501						
2019-10-17	보은대추축제	남자	40대	704	974						
2019-10-17	보은대추축제	남자	50대	1197	1898						
2019-10-17	보은대추축제	남자	60대	808	1911						
2019-10-17	보은대추축제	남자	70대이상	495	909						
2019-10-17	보은대추축제	여자	10대	295	551						
2019-10-17	보은대추축제	여자	10대이하	34	7						
2019-10-17	보은대추축제	여자	20대	331	413						
2019-10-17	보은대추축제	여자	30대	448	367						
2019-10-17	보은대추축제	여자	40대	761	882						
2019-10-17	보은대추축제	여자	50대	1181	2474						
2019-10-17	보은대추축제	여자	60대	837	1924						
2019-10-17	보은대추축제	여자	70대이상	345	861						
2019-10-17	보은대추축제					기타	1				
2019-10-17	보은대추축제					대만	3				
2019-10-17	보은대추축제					독일	2				
2019-10-17	보은대추축제					미국	1				
2019-10-17	보은대추축제					중국	2				
2019-10-17	보은대추축제					홍콩	9				
2019-10-17	보은대추축제							새벽	827	1442	0
2019-10-17	보은대추축제							야간	767	1248	2
2019-10-17	보은대추축제							오전	1540	1790	2
2019-10-17	보은대추축제							오후	2234	5224	5
2019-10-17	보은대추축제							저녁	1706	1997	2
2019-10-17	보은대추축제							점심	1655	3958	7
2019-10-18	보은대추축제	남자	10대	442	1126						
2019-10-18	보은대추축제	남자	10대이하	40	46						
2019-10-18	보은대추축제	남자	20대	353	614						
2019-10-18	보은대추축제	남자	30대	518	541						
2019-10-18	보은대추축제	남자	40대	711	1120						
2019-10-18	보은대추축제	남자	50대	1186	1955						
2019-10-18	보은대추축제	남자	60대	818	1842						
2019-10-18	보은대추축제	남자	70대이상	559	918						
2019-10-18	보은대추축제	여자	10대	411	401						
2019-10-18	보은대추축제	여자	10대이하	21	10						
2019-10-18	보은대추축제	여자	20대	380	543						
2019-10-18	보은대추축제	여자	30대	478	502						
2019-10-18	보은대추축제	여자	40대	843	1088						
2019-10-18	보은대추축제	여자	50대	1344	2514						
2019-10-18	보은대추축제	여자	60대	766	1787						
2019-10-18	보은대추축제	여자	70대이상	292	812						
2019-10-18	보은대추축제					미국	3				
2019-10-18	보은대추축제					일본	4				
2019-10-18	보은대추축제					홍콩	4				
2019-10-18	보은대추축제							새벽	831	1976	3
2019-10-18	보은대추축제							야간	811	1232	0
2019-10-18	보은대추축제							오전	1615	2306	1
2019-10-18	보은대추축제							오후	2489	4614	3
2019-10-18	보은대추축제							저녁	1674	1840	1
2019-10-18	보은대추축제							점심	1742	3851	3
2019-10-19	보은대추축제	남자	10대	604	752						
2019-10-19	보은대추축제	남자	10대이하	57	206						
2019-10-19	보은대추축제	남자	20대	418	1250						
2019-10-19	보은대추축제	남자	30대	574	2186						
2019-10-19	보은대추축제	남자	40대	734	3281						
2019-10-19	보은대추축제	남자	50대	1252	5933						
2019-10-19	보은대추축제	남자	60대	838	3875						
2019-10-19	보은대추축제	남자	70대이상	483	1178						
2019-10-19	보은대추축제	여자	10대	511	675						
2019-10-19	보은대추축제	여자	10대이하	33	168						
2019-10-19	보은대추축제	여자	20대	425	1380						
2019-10-19	보은대추축제	여자	30대	488	2392						
2019-10-19	보은대추축제	여자	40대	873	3743						
2019-10-19	보은대추축제	여자	50대	1443	6581						
2019-10-19	보은대추축제	여자	60대	808	3496						
2019-10-19	보은대추축제	여자	70대이상	292	1119						
2019-10-19	보은대추축제					미국	2				
2019-10-19	보은대추축제					중국	4				
2019-10-19	보은대추축제					홍콩	3				
2019-10-19	보은대추축제							새벽	748	2215	0
2019-10-19	보은대추축제							야간	934	3321	0
2019-10-19	보은대추축제							오전	1572	3485	0
2019-10-19	보은대추축제							오후	2644	14384	7
2019-10-19	보은대추축제							저녁	2128	6317	1
2019-10-19	보은대추축제							점심	1807	8493	1
2019-10-20	보은대추축제	남자	10대	454	586						
2019-10-20	보은대추축제	남자	10대이하	51	95						
2019-10-20	보은대추축제	남자	20대	401	1365						
2019-10-20	보은대추축제	남자	30대	536	2459						
2019-10-20	보은대추축제	남자	40대	715	3231						
2019-10-20	보은대추축제	남자	50대	1321	6375						
2019-10-20	보은대추축제	남자	60대	884	4172						
2019-10-20	보은대추축제	남자	70대이상	415	1220						
2019-10-20	보은대추축제	여자	10대	405	511						
2019-10-20	보은대추축제	여자	10대이하	32	116						
2019-10-20	보은대추축제	여자	20대	382	1351						
2019-10-20	보은대추축제	여자	30대	384	2184						
2019-10-20	보은대추축제	여자	40대	757	3666						
2019-10-20	보은대추축제	여자	50대	1322	7377						
2019-10-20	보은대추축제	여자	60대	786	3449						
2019-10-20	보은대추축제	여자	70대이상	252	1020						
2019-10-20	보은대추축제					미국	7				
2019-10-20	보은대추축제					중국	3				
2019-10-20	보은대추축제					홍콩	8				
2019-10-20	보은대추축제							새벽	893	5080	0
2019-10-20	보은대추축제							야간	644	788	0
2019-10-20	보은대추축제							오전	1530	6334	3
2019-10-20	보은대추축제							오후	2669	13270	11
2019-10-20	보은대추축제							저녁	1751	2746	0
2019-10-20	보은대추축제							점심	1610	10959	4
2019-10-21	보은대추축제	남자	10대	458	92						
2019-10-21	보은대추축제	남자	10대이하	42	6						
2019-10-21	보은대추축제	남자	20대	369	329						
2019-10-21	보은대추축제	남자	30대	395	360						
2019-10-21	보은대추축제	남자	40대	552	477						
2019-10-21	보은대추축제	남자	50대	925	805						
2019-10-21	보은대추축제	남자	60대	555	631						
2019-10-21	보은대추축제	남자	70대이상	347	219						
2019-10-21	보은대추축제	여자	10대	320	39						
2019-10-21	보은대추축제	여자	10대이하	21	2						
2019-10-21	보은대추축제	여자	20대	189	173						
2019-10-21	보은대추축제	여자	30대	334	191						
2019-10-21	보은대추축제	여자	40대	617	361						
2019-10-21	보은대추축제	여자	50대	744	836						
2019-10-21	보은대추축제	여자	60대	516	583						
2019-10-21	보은대추축제	여자	70대이상	243	293						
2019-10-21	보은대추축제					말레이시아	2				
2019-10-21	보은대추축제					베트남	5				
2019-10-21	보은대추축제					중국	2				
2019-10-21	보은대추축제					프랑스	4				
2019-10-21	보은대추축제							새벽	1024	910	0
2019-10-21	보은대추축제							야간	599	458	0
2019-10-21	보은대추축제							오전	1230	846	0
2019-10-21	보은대추축제							오후	1485	1246	6
2019-10-21	보은대추축제							저녁	1151	589	5
2019-10-21	보은대추축제							점심	1138	1348	2
2019-10-22	보은대추축제	남자	10대	423	89						
2019-10-22	보은대추축제	남자	10대이하	35	8						
2019-10-22	보은대추축제	남자	20대	324	253						
2019-10-22	보은대추축제	남자	30대	437	399						
2019-10-22	보은대추축제	남자	40대	597	469						
2019-10-22	보은대추축제	남자	50대	872	817						
2019-10-22	보은대추축제	남자	60대	528	632						
2019-10-22	보은대추축제	남자	70대이상	334	225						
2019-10-22	보은대추축제	여자	10대	314	29						
2019-10-22	보은대추축제	여자	10대이하	27	0						
2019-10-22	보은대추축제	여자	20대	255	231						
2019-10-22	보은대추축제	여자	30대	357	182						
2019-10-22	보은대추축제	여자	40대	723	309						
2019-10-22	보은대추축제	여자	50대	772	720						
2019-10-22	보은대추축제	여자	60대	501	562						
2019-10-22	보은대추축제	여자	70대이상	275	190						
2019-10-22	보은대추축제					대만	10				
2019-10-22	보은대추축제					베트남	3				
2019-10-22	보은대추축제					캐나다	2				
2019-10-22	보은대추축제					프랑스	5				
2019-10-22	보은대추축제					호주	1				
2019-10-22	보은대추축제							새벽	903	865	0
2019-10-22	보은대추축제							야간	725	425	0
2019-10-22	보은대추축제							오전	1198	888	6
2019-10-22	보은대추축제							오후	1452	1220	5
2019-10-22	보은대추축제							저녁	1345	494	4
2019-10-22	보은대추축제							점심	1151	1223	6
2019-10-23	보은대추축제	남자	10대	529	201						
2019-10-23	보은대추축제	남자	10대이하	51	11						
2019-10-23	보은대추축제	남자	20대	356	278						
2019-10-23	보은대추축제	남자	30대	401	462						
2019-10-23	보은대추축제	남자	40대	534	413						
2019-10-23	보은대추축제	남자	50대	848	670						
2019-10-23	보은대추축제	남자	60대	463	563						
2019-10-23	보은대추축제	남자	70대이상	356	283						
2019-10-23	보은대추축제	여자	10대	304	125						
2019-10-23	보은대추축제	여자	10대이하	41	2						
2019-10-23	보은대추축제	여자	20대	259	197						
2019-10-23	보은대추축제	여자	30대	378	138						
2019-10-23	보은대추축제	여자	40대	657	318						
2019-10-23	보은대추축제	여자	50대	733	620						
2019-10-23	보은대추축제	여자	60대	497	525						
2019-10-23	보은대추축제	여자	70대이상	212	185						
2019-10-23	보은대추축제					기타	4				
2019-10-23	보은대추축제					러시아	1				
2019-10-23	보은대추축제					미국	6				
2019-10-23	보은대추축제					베트남	3				
2019-10-23	보은대추축제					중국	2				
2019-10-23	보은대추축제					프랑스	3				
2019-10-23	보은대추축제					호주	2				
2019-10-23	보은대추축제							새벽	957	753	0
2019-10-23	보은대추축제							야간	634	493	0
2019-10-23	보은대추축제							오전	1187	821	1
2019-10-23	보은대추축제							오후	1449	1122	6
2019-10-23	보은대추축제							저녁	1236	582	3
2019-10-23	보은대추축제							점심	1156	1220	11
2019-10-24	보은대추축제	남자	10대	481	189						
2019-10-24	보은대추축제	남자	10대이하	55	5						
2019-10-24	보은대추축제	남자	20대	303	354						
2019-10-24	보은대추축제	남자	30대	459	614						
2019-10-24	보은대추축제	남자	40대	625	588						
2019-10-24	보은대추축제	남자	50대	823	786						
2019-10-24	보은대추축제	남자	60대	544	717						
2019-10-24	보은대추축제	남자	70대이상	325	259						
2019-10-24	보은대추축제	여자	10대	303	117						
2019-10-24	보은대추축제	여자	10대이하	24	0						
2019-10-24	보은대추축제	여자	20대	303	334						
2019-10-24	보은대추축제	여자	30대	389	152						
2019-10-24	보은대추축제	여자	40대	663	338						
2019-10-24	보은대추축제	여자	50대	831	835						
2019-10-24	보은대추축제	여자	60대	517	565						
2019-10-24	보은대추축제	여자	70대이상	180	318						
2019-10-24	보은대추축제					대만	9				
2019-10-24	보은대추축제					캐나다	4				
2019-10-24	보은대추축제					태국	5				
2019-10-24	보은대추축제					홍콩	2				
2019-10-24	보은대추축제							새벽	952	952	0
2019-10-24	보은대추축제							야간	777	622	0
2019-10-24	보은대추축제							오전	1161	1001	0
2019-10-24	보은대추축제							오후	1420	1268	11
2019-10-24	보은대추축제							저녁	1381	707	4
2019-10-24	보은대추축제							점심	1134	1621	5
2019-10-25	보은대추축제	남자	10대	513	143						
2019-10-25	보은대추축제	남자	10대이하	62	4						
2019-10-25	보은대추축제	남자	20대	302	399						
2019-10-25	보은대추축제	남자	30대	434	639						
2019-10-25	보은대추축제	남자	40대	560	663						
2019-10-25	보은대추축제	남자	50대	904	1072						
2019-10-25	보은대추축제	남자	60대	535	687						
2019-10-25	보은대추축제	남자	70대이상	334	290						
2019-10-25	보은대추축제	여자	10대	326	58						
2019-10-25	보은대추축제	여자	10대이하	26	13						
2019-10-25	보은대추축제	여자	20대	331	414						
2019-10-25	보은대추축제	여자	30대	366	216						
2019-10-25	보은대추축제	여자	40대	689	550						
2019-10-25	보은대추축제	여자	50대	885	1113						
2019-10-25	보은대추축제	여자	60대	507	718						
2019-10-25	보은대추축제	여자	70대이상	172	237						
2019-10-25	보은대추축제					대만	14				
2019-10-25	보은대추축제					미국	1				
2019-10-25	보은대추축제							새벽	992	1155	0
2019-10-25	보은대추축제							야간	805	943	0
2019-10-25	보은대추축제							오전	1114	971	2
2019-10-25	보은대추축제							오후	1551	1685	6
2019-10-25	보은대추축제							저녁	1341	994	0
2019-10-25	보은대추축제							점심	1143	1468	7
2019-10-26	보은대추축제	남자	10대	574	748						
2019-10-26	보은대추축제	남자	10대이하	42	33						
2019-10-26	보은대추축제	남자	20대	361	813						
2019-10-26	보은대추축제	남자	30대	349	1301						
2019-10-26	보은대추축제	남자	40대	564	2297						
2019-10-26	보은대추축제	남자	50대	806	3853						
2019-10-26	보은대추축제	남자	60대	514	2047						
2019-10-26	보은대추축제	남자	70대이상	326	554						
2019-10-26	보은대추축제	여자	10대	488	287						
2019-10-26	보은대추축제	여자	10대이하	43	73						
2019-10-26	보은대추축제	여자	20대	328	820						
2019-10-26	보은대추축제	여자	30대	393	1145						
2019-10-26	보은대추축제	여자	40대	613	2029						
2019-10-26	보은대추축제	여자	50대	764	3437						
2019-10-26	보은대추축제	여자	60대	479	1688						
2019-10-26	보은대추축제	여자	70대이상	154	403						
2019-10-26	보은대추축제					미국	2				
2019-10-26	보은대추축제					베트남	4				
2019-10-26	보은대추축제					영국	3				
2019-10-26	보은대추축제					홍콩	2				
2019-10-26	보은대추축제							새벽	944	1910	2
2019-10-26	보은대추축제							야간	652	2411	1
2019-10-26	보은대추축제							오전	1238	2744	3
2019-10-26	보은대추축제							오후	1540	6394	2
2019-10-26	보은대추축제							저녁	1137	3021	3
2019-10-26	보은대추축제							점심	1287	5048	0
2019-10-27	보은대추축제	남자	10대	501	650						
2019-10-27	보은대추축제	남자	10대이하	35	79						
2019-10-27	보은대추축제	남자	20대	288	880						
2019-10-27	보은대추축제	남자	30대	285	1292						
2019-10-27	보은대추축제	남자	40대	461	2371						
2019-10-27	보은대추축제	남자	50대	642	4096						
2019-10-27	보은대추축제	남자	60대	369	2260						
2019-10-27	보은대추축제	남자	70대이상	262	420						
2019-10-27	보은대추축제	여자	10대	465	357						
2019-10-27	보은대추축제	여자	10대이하	14	94						
2019-10-27	보은대추축제	여자	20대	251	919						
2019-10-27	보은대추축제	여자	30대	306	1254						
2019-10-27	보은대추축제	여자	40대	514	2249						
2019-10-27	보은대추축제	여자	50대	608	4127						
2019-10-27	보은대추축제	여자	60대	463	1524						
2019-10-27	보은대추축제	여자	70대이상	109	317						
2019-10-27	보은대추축제					미국	5				
2019-10-27	보은대추축제					베트남	2				
2019-10-27	보은대추축제					중국	5				
2019-10-27	보은대추축제					홍콩	4				
2019-10-27	보은대추축제							새벽	925	4752	0
2019-10-27	보은대추축제							야간	511	478	0
2019-10-27	보은대추축제							오전	1026	4922	2
2019-10-27	보은대추축제							오후	1204	6078	9
2019-10-27	보은대추축제							저녁	1007	948	0
2019-10-27	보은대추축제							점심	900	5711	5
2019-10-28	보은대추축제	남자	10대	511	104						
2019-10-28	보은대추축제	남자	10대이하	66	16						
2019-10-28	보은대추축제	남자	20대	304	347						
2019-10-28	보은대추축제	남자	30대	456	402						
2019-10-28	보은대추축제	남자	40대	573	495						
2019-10-28	보은대추축제	남자	50대	852	719						
2019-10-28	보은대추축제	남자	60대	513	727						
2019-10-28	보은대추축제	남자	70대이상	344	303						
2019-10-28	보은대추축제	여자	10대	328	99						
2019-10-28	보은대추축제	여자	10대이하	29	3						
2019-10-28	보은대추축제	여자	20대	255	227						
2019-10-28	보은대추축제	여자	30대	403	269						
2019-10-28	보은대추축제	여자	40대	720	398						
2019-10-28	보은대추축제	여자	50대	756	829						
2019-10-28	보은대추축제	여자	60대	498	665						
2019-10-28	보은대추축제	여자	70대이상	233	370						
2019-10-28	보은대추축제					GCC	2				
2019-10-28	보은대추축제					기타	4				
2019-10-28	보은대추축제					베트남	4				
2019-10-28	보은대추축제							새벽	946	854	0
2019-10-28	보은대추축제							야간	662	449	4
2019-10-28	보은대추축제							오전	1203	832	0
2019-10-28	보은대추축제							오후	1492	1631	4
2019-10-28	보은대추축제							저녁	1348	624	2
2019-10-28	보은대추축제							점심	1190	1583	0
2019-10-29	보은대추축제	남자	10대	490	92						
2019-10-29	보은대추축제	남자	10대이하	36	5						
2019-10-29	보은대추축제	남자	20대	332	358						
2019-10-29	보은대추축제	남자	30대	424	483						
2019-10-29	보은대추축제	남자	40대	523	678						
2019-10-29	보은대추축제	남자	50대	819	916						
2019-10-29	보은대추축제	남자	60대	520	878						
2019-10-29	보은대추축제	남자	70대이상	358	273						
2019-10-29	보은대추축제	여자	10대	310	32						
2019-10-29	보은대추축제	여자	10대이하	13	2						
2019-10-29	보은대추축제	여자	20대	263	289						
2019-10-29	보은대추축제	여자	30대	358	167						
2019-10-29	보은대추축제	여자	40대	686	563						
2019-10-29	보은대추축제	여자	50대	836	1110						
2019-10-29	보은대추축제	여자	60대	488	713						
2019-10-29	보은대추축제	여자	70대이상	234	317						
2019-10-29	보은대추축제					GCC	2				
2019-10-29	보은대추축제					기타	2				
2019-10-29	보은대추축제					미국	2				
2019-10-29	보은대추축제					홍콩	1				
2019-10-29	보은대추축제							새벽	911	894	1
2019-10-29	보은대추축제							야간	661	606	1
2019-10-29	보은대추축제							오전	1164	966	2
2019-10-29	보은대추축제							오후	1492	1816	2
2019-10-29	보은대추축제							저녁	1282	712	0
2019-10-29	보은대추축제							점심	1180	1882	1
2019-10-30	보은대추축제	남자	10대	481	105						
2019-10-30	보은대추축제	남자	10대이하	67	8						
2019-10-30	보은대추축제	남자	20대	314	489						
2019-10-30	보은대추축제	남자	30대	451	545						
2019-10-30	보은대추축제	남자	40대	632	796						
2019-10-30	보은대추축제	남자	50대	815	1023						
2019-10-30	보은대추축제	남자	60대	561	864						
2019-10-30	보은대추축제	남자	70대이상	356	282						
2019-10-30	보은대추축제	여자	10대	359	43						
2019-10-30	보은대추축제	여자	10대이하	29	4						
2019-10-30	보은대추축제	여자	20대	256	439						
2019-10-30	보은대추축제	여자	30대	354	184						
2019-10-30	보은대추축제	여자	40대	709	559						
2019-10-30	보은대추축제	여자	50대	800	1140						
2019-10-30	보은대추축제	여자	60대	466	674						
2019-10-30	보은대추축제	여자	70대이상	176	303						
2019-10-30	보은대추축제					기타	10				
2019-10-30	보은대추축제					미국	0				
2019-10-30	보은대추축제					중국	2				
2019-10-30	보은대추축제					필리핀	14				
2019-10-30	보은대추축제							새벽	847	1048	6
2019-10-30	보은대추축제							야간	764	1017	3
2019-10-30	보은대추축제							오전	1137	1061	5
2019-10-30	보은대추축제							오후	1468	1780	6
2019-10-30	보은대추축제							저녁	1450	815	2
2019-10-30	보은대추축제							점심	1160	1737	4
2019-10-31	보은대추축제	남자	10대	500	106						
2019-10-31	보은대추축제	남자	10대이하	32	4						
2019-10-31	보은대추축제	남자	20대	315	747						
2019-10-31	보은대추축제	남자	30대	474	738						
2019-10-31	보은대추축제	남자	40대	608	851						
2019-10-31	보은대추축제	남자	50대	908	879						
2019-10-31	보은대추축제	남자	60대	605	724						
2019-10-31	보은대추축제	남자	70대이상	362	233						
2019-10-31	보은대추축제	여자	10대	327	45						
2019-10-31	보은대추축제	여자	10대이하	24	28						
2019-10-31	보은대추축제	여자	20대	290	816						
2019-10-31	보은대추축제	여자	30대	394	289						
2019-10-31	보은대추축제	여자	40대	606	511						
2019-10-31	보은대추축제	여자	50대	935	833						
2019-10-31	보은대추축제	여자	60대	468	534						
2019-10-31	보은대추축제	여자	70대이상	225	223						
2019-10-31	보은대추축제					기타	9				
2019-10-31	보은대추축제					미국	3				
2019-10-31	보은대추축제					프랑스	15				
2019-10-31	보은대추축제					필리핀	26				
2019-10-31	보은대추축제					홍콩	10				
2019-10-31	보은대추축제							새벽	943	1581	15
2019-10-31	보은대추축제							야간	747	744	12
2019-10-31	보은대추축제							오전	1147	1348	8
2019-10-31	보은대추축제							오후	1566	1550	10
2019-10-31	보은대추축제							저녁	1368	746	12
2019-10-31	보은대추축제							점심	1302	1592	6
2019-11-01	보은대추축제	남자	10대	597	168						
2019-11-01	보은대추축제	남자	10대이하	35	24						
2019-11-01	보은대추축제	남자	20대	356	612						
2019-11-01	보은대추축제	남자	30대	433	787						
2019-11-01	보은대추축제	남자	40대	718	985						
2019-11-01	보은대추축제	남자	50대	990	1209						
2019-11-01	보은대추축제	남자	60대	662	788						
2019-11-01	보은대추축제	남자	70대이상	342	214						
2019-11-01	보은대추축제	여자	10대	579	146						
2019-11-01	보은대추축제	여자	10대이하	49	36						
2019-11-01	보은대추축제	여자	20대	284	789						
2019-11-01	보은대추축제	여자	30대	429	388						
2019-11-01	보은대추축제	여자	40대	725	641						
2019-11-01	보은대추축제	여자	50대	837	1098						
2019-11-01	보은대추축제	여자	60대	620	628						
2019-11-01	보은대추축제	여자	70대이상	366	211						
2019-11-01	보은대추축제					미국	0				
2019-11-01	보은대추축제					싱가포르	0				
2019-11-01	보은대추축제					프랑스	11				
2019-11-01	보은대추축제					필리핀	21				
2019-11-01	보은대추축제							새벽	1019	1403	13
2019-11-01	보은대추축제							야간	741	1028	3
2019-11-01	보은대추축제							오전	1288	1362	7
2019-11-01	보은대추축제							오후	1982	1897	3
2019-11-01	보은대추축제							저녁	1433	1133	3
2019-11-01	보은대추축제							점심	1559	1901	3
2019-11-02	보은대추축제	남자	10대	530	758						
2019-11-02	보은대추축제	남자	10대이하	51	209						
2019-11-02	보은대추축제	남자	20대	305	826						
2019-11-02	보은대추축제	남자	30대	391	1474						
2019-11-02	보은대추축제	남자	40대	683	2554						
2019-11-02	보은대추축제	남자	50대	932	3577						
2019-11-02	보은대추축제	남자	60대	486	1942						
2019-11-02	보은대추축제	남자	70대이상	309	373						
2019-11-02	보은대추축제	여자	10대	481	410						
2019-11-02	보은대추축제	여자	10대이하	54	100						
2019-11-02	보은대추축제	여자	20대	273	802						
2019-11-02	보은대추축제	여자	30대	341	1106						
2019-11-02	보은대추축제	여자	40대	690	2188						
2019-11-02	보은대추축제	여자	50대	676	3088						
2019-11-02	보은대추축제	여자	60대	429	1462						
2019-11-02	보은대추축제	여자	70대이상	232	394						
2019-11-02	보은대추축제					기타	16				
2019-11-02	보은대추축제					대만	4				
2019-11-02	보은대추축제					러시아	2				
2019-11-02	보은대추축제					미국	1				
2019-11-02	보은대추축제					영국	2				
2019-11-02	보은대추축제					중국	5				
2019-11-02	보은대추축제					필리핀	5				
2019-11-02	보은대추축제							새벽	925	2038	5
2019-11-02	보은대추축제							야간	745	2227	6
2019-11-02	보은대추축제							오전	1197	2820	0
2019-11-02	보은대추축제							오후	1610	6367	11
2019-11-02	보은대추축제							저녁	1220	2868	5
2019-11-02	보은대추축제							점심	1166	4943	8
2019-11-03	보은대추축제	남자	10대	459	675						
2019-11-03	보은대추축제	남자	10대이하	26	206						
2019-11-03	보은대추축제	남자	20대	293	747						
2019-11-03	보은대추축제	남자	30대	361	1516						
2019-11-03	보은대추축제	남자	40대	635	2703						
2019-11-03	보은대추축제	남자	50대	729	4229						
2019-11-03	보은대추축제	남자	60대	389	2048						
2019-11-03	보은대추축제	남자	70대이상	191	369						
2019-11-03	보은대추축제	여자	10대	345	343						
2019-11-03	보은대추축제	여자	10대이하	39	131						
2019-11-03	보은대추축제	여자	20대	192	694						
2019-11-03	보은대추축제	여자	30대	275	1385						
2019-11-03	보은대추축제	여자	40대	466	2120						
2019-11-03	보은대추축제	여자	50대	599	3601						
2019-11-03	보은대추축제	여자	60대	355	1755						
2019-11-03	보은대추축제	여자	70대이상	161	395						
2019-11-03	보은대추축제					기타	7				
2019-11-03	보은대추축제					독일	2				
2019-11-03	보은대추축제					미국	0				
2019-11-03	보은대추축제							새벽	878	4621	5
2019-11-03	보은대추축제							야간	538	418	0
2019-11-03	보은대추축제							오전	904	4702	2
2019-11-03	보은대추축제							오후	1295	5864	1
2019-11-03	보은대추축제							저녁	957	792	0
2019-11-03	보은대추축제							점심	943	6520	1
2019-11-04	보은대추축제	남자	10대	526	119						
2019-11-04	보은대추축제	남자	10대이하	20	0						
2019-11-04	보은대추축제	남자	20대	261	178						
2019-11-04	보은대추축제	남자	30대	469	516						
2019-11-04	보은대추축제	남자	40대	693	529						
2019-11-04	보은대추축제	남자	50대	963	904						
2019-11-04	보은대추축제	남자	60대	542	599						
2019-11-04	보은대추축제	남자	70대이상	351	264						
2019-11-04	보은대추축제	여자	10대	287	22						
2019-11-04	보은대추축제	여자	10대이하	54	27						
2019-11-04	보은대추축제	여자	20대	220	143						
2019-11-04	보은대추축제	여자	30대	391	317						
2019-11-04	보은대추축제	여자	40대	706	439						
2019-11-04	보은대추축제	여자	50대	704	902						
2019-11-04	보은대추축제	여자	60대	572	474						
2019-11-04	보은대추축제	여자	70대이상	310	172						
2019-11-04	보은대추축제					기타	2				
2019-11-04	보은대추축제					베트남	6				
2019-11-04	보은대추축제					인도네시아	21				
2019-11-04	보은대추축제					홍콩	6				
2019-11-04	보은대추축제							새벽	999	768	0
2019-11-04	보은대추축제							야간	688	385	0
2019-11-04	보은대추축제							오전	1194	735	0
2019-11-04	보은대추축제							오후	1592	1502	35
2019-11-04	보은대추축제							저녁	1393	579	0
2019-11-04	보은대추축제							점심	1203	1636	0
2019-05-09	생거진천농다리축제	남자	10대	0	6						
2019-05-09	생거진천농다리축제	남자	20대	2	6						
2019-05-09	생거진천농다리축제	남자	30대	2	9						
2019-05-09	생거진천농다리축제	남자	40대	4	47						
2019-05-09	생거진천농다리축제	남자	50대	2	35						
2019-05-09	생거진천농다리축제	남자	60대	17	32						
2019-05-09	생거진천농다리축제	남자	70대이상	0	32						
2019-05-09	생거진천농다리축제	여자	20대	0	6						
2019-05-09	생거진천농다리축제	여자	30대	2	17						
2019-05-09	생거진천농다리축제	여자	40대	0	44						
2019-05-09	생거진천농다리축제	여자	50대	22	80						
2019-05-09	생거진천농다리축제	여자	60대	4	70						
2019-05-09	생거진천농다리축제	여자	70대이상	4	12						
2019-05-09	생거진천농다리축제							새벽	2	12	0
2019-05-09	생거진천농다리축제							야간	0	6	0
2019-05-09	생거진천농다리축제							오전	14	47	0
2019-05-09	생거진천농다리축제							오후	18	203	0
2019-05-09	생거진천농다리축제							저녁	6	0	0
2019-05-09	생거진천농다리축제							점심	19	128	0
2019-05-10	생거진천농다리축제	남자	20대	2	9						
2019-05-10	생거진천농다리축제	남자	30대	3	6						
2019-05-10	생거진천농다리축제	남자	40대	3	36						
2019-05-10	생거진천농다리축제	남자	50대	2	42						
2019-05-10	생거진천농다리축제	남자	60대	15	21						
2019-05-10	생거진천농다리축제	남자	70대이상	0	24						
2019-05-10	생거진천농다리축제	여자	20대	0	3						
2019-05-10	생거진천농다리축제	여자	30대	0	9						
2019-05-10	생거진천농다리축제	여자	40대	2	33						
2019-05-10	생거진천농다리축제	여자	50대	15	58						
2019-05-10	생거진천농다리축제	여자	60대	0	49						
2019-05-10	생거진천농다리축제	여자	70대이상	0	21						
2019-05-10	생거진천농다리축제							새벽	0	18	0
2019-05-10	생거진천농다리축제							오전	9	54	0
2019-05-10	생거진천농다리축제							오후	20	155	0
2019-05-10	생거진천농다리축제							저녁	2	3	0
2019-05-10	생거진천농다리축제							점심	11	81	0
2019-05-11	생거진천농다리축제	남자	10대	0	11						
2019-05-11	생거진천농다리축제	남자	10대이하	0	10						
2019-05-11	생거진천농다리축제	남자	20대	6	76						
2019-05-11	생거진천농다리축제	남자	30대	5	122						
2019-05-11	생거진천농다리축제	남자	40대	17	158						
2019-05-11	생거진천농다리축제	남자	50대	18	175						
2019-05-11	생거진천농다리축제	남자	60대	4	113						
2019-05-11	생거진천농다리축제	남자	70대이상	5	29						
2019-05-11	생거진천농다리축제	여자	10대	9	8						
2019-05-11	생거진천농다리축제	여자	20대	10	76						
2019-05-11	생거진천농다리축제	여자	30대	10	116						
2019-05-11	생거진천농다리축제	여자	40대	33	111						
2019-05-11	생거진천농다리축제	여자	50대	19	295						
2019-05-11	생거진천농다리축제	여자	60대	13	126						
2019-05-11	생거진천농다리축제	여자	70대이상	12	8						
2019-05-11	생거진천농다리축제					미국	1				
2019-05-11	생거진천농다리축제							야간	5	21	0
2019-05-11	생거진천농다리축제							오전	22	175	0
2019-05-11	생거진천농다리축제							오후	59	666	1
2019-05-11	생거진천농다리축제							저녁	9	116	0
2019-05-11	생거진천농다리축제							점심	66	456	0
2019-05-12	생거진천농다리축제	남자	10대	18	25						
2019-05-12	생거진천농다리축제	남자	10대이하	14	11						
2019-05-12	생거진천농다리축제	남자	20대	10	48						
2019-05-12	생거진천농다리축제	남자	30대	22	123						
2019-05-12	생거진천농다리축제	남자	40대	24	230						
2019-05-12	생거진천농다리축제	남자	50대	43	250						
2019-05-12	생거진천농다리축제	남자	60대	16	85						
2019-05-12	생거진천농다리축제	남자	70대이상	2	30						
2019-05-12	생거진천농다리축제	여자	10대	8	16						
2019-05-12	생거진천농다리축제	여자	10대이하	18	19						
2019-05-12	생거진천농다리축제	여자	20대	12	95						
2019-05-12	생거진천농다리축제	여자	30대	4	154						
2019-05-12	생거진천농다리축제	여자	40대	33	180						
2019-05-12	생거진천농다리축제	여자	50대	24	337						
2019-05-12	생거진천농다리축제	여자	60대	20	110						
2019-05-12	생거진천농다리축제	여자	70대이상	28	19						
2019-05-12	생거진천농다리축제							새벽	2	39	0
2019-05-12	생거진천농다리축제							야간	0	5	0
2019-05-12	생거진천농다리축제							오전	30	190	0
2019-05-12	생거진천농다리축제							오후	188	796	0
2019-05-12	생거진천농다리축제							저녁	18	46	0
2019-05-12	생거진천농다리축제							점심	58	656	0
2019-05-13	생거진천농다리축제	남자	20대	7	9						
2019-05-13	생거진천농다리축제	남자	30대	8	12						
2019-05-13	생거진천농다리축제	남자	40대	4	6						
2019-05-13	생거진천농다리축제	남자	50대	6	54						
2019-05-13	생거진천농다리축제	남자	60대	25	15						
2019-05-13	생거진천농다리축제	남자	70대이상	15	12						
2019-05-13	생거진천농다리축제	여자	10대	22	0						
2019-05-13	생거진천농다리축제	여자	20대	0	9						
2019-05-13	생거진천농다리축제	여자	30대	0	12						
2019-05-13	생거진천농다리축제	여자	40대	6	24						
2019-05-13	생거진천농다리축제	여자	50대	18	63						
2019-05-13	생거진천농다리축제	여자	60대	0	45						
2019-05-13	생거진천농다리축제	여자	70대이상	8	15						
2019-05-13	생거진천농다리축제							새벽	5	0	0
2019-05-13	생거진천농다리축제							야간	0	27	0
2019-05-13	생거진천농다리축제							오전	46	39	0
2019-05-13	생거진천농다리축제							오후	19	90	0
2019-05-13	생거진천농다리축제							저녁	6	9	0
2019-05-13	생거진천농다리축제							점심	43	111	0
2019-05-14	생거진천농다리축제	남자	20대	7	0						
2019-05-14	생거진천농다리축제	남자	30대	3	26						
2019-05-14	생거진천농다리축제	남자	40대	2	33						
2019-05-14	생거진천농다리축제	남자	50대	20	72						
2019-05-14	생거진천농다리축제	남자	60대	38	12						
2019-05-14	생거진천농다리축제	남자	70대이상	0	20						
2019-05-14	생거진천농다리축제	여자	20대	0	14						
2019-05-14	생거진천농다리축제	여자	30대	0	25						
2019-05-14	생거진천농다리축제	여자	40대	3	52						
2019-05-14	생거진천농다리축제	여자	50대	1	70						
2019-05-14	생거진천농다리축제	여자	60대	0	50						
2019-05-14	생거진천농다리축제	여자	70대이상	1	8						
2019-05-14	생거진천농다리축제							새벽	0	33	0
2019-05-14	생거진천농다리축제							오전	15	65	0
2019-05-14	생거진천농다리축제							오후	33	151	0
2019-05-14	생거진천농다리축제							저녁	2	12	0
2019-05-14	생거진천농다리축제							점심	25	121	0
2019-05-15	생거진천농다리축제	남자	10대	0	4						
2019-05-15	생거진천농다리축제	남자	20대	0	4						
2019-05-15	생거진천농다리축제	남자	30대	2	21						
2019-05-15	생거진천농다리축제	남자	40대	0	42						
2019-05-15	생거진천농다리축제	남자	50대	2	72						
2019-05-15	생거진천농다리축제	남자	60대	20	38						
2019-05-15	생거진천농다리축제	남자	70대이상	0	21						
2019-05-15	생거진천농다리축제	여자	10대	0	13						
2019-05-15	생거진천농다리축제	여자	20대	5	13						
2019-05-15	생거진천농다리축제	여자	30대	0	34						
2019-05-15	생거진천농다리축제	여자	40대	5	54						
2019-05-15	생거진천농다리축제	여자	50대	5	117						
2019-05-15	생거진천농다리축제	여자	60대	0	70						
2019-05-15	생거진천농다리축제	여자	70대이상	2	12						
2019-05-15	생거진천농다리축제							새벽	0	13	0
2019-05-15	생거진천농다리축제							오전	2	129	0
2019-05-15	생거진천농다리축제							오후	26	248	0
2019-05-15	생거진천농다리축제							저녁	4	0	0
2019-05-15	생거진천농다리축제							점심	9	125	0
2019-05-16	생거진천농다리축제	남자	10대이하	0	3						
2019-05-16	생거진천농다리축제	남자	20대	4	15						
2019-05-16	생거진천농다리축제	남자	30대	6	15						
2019-05-16	생거진천농다리축제	남자	40대	2	66						
2019-05-16	생거진천농다리축제	남자	50대	11	42						
2019-05-16	생거진천농다리축제	남자	60대	22	36						
2019-05-16	생거진천농다리축제	남자	70대이상	10	12						
2019-05-16	생거진천농다리축제	여자	20대	0	6						
2019-05-16	생거진천농다리축제	여자	30대	0	12						
2019-05-16	생거진천농다리축제	여자	40대	0	30						
2019-05-16	생거진천농다리축제	여자	50대	13	78						
2019-05-16	생거진천농다리축제	여자	60대	0	33						
2019-05-16	생거진천농다리축제	여자	70대이상	0	15						
2019-05-16	생거진천농다리축제							새벽	0	3	0
2019-05-16	생거진천농다리축제							야간	0	18	0
2019-05-16	생거진천농다리축제							오전	16	93	0
2019-05-16	생거진천농다리축제							오후	26	162	0
2019-05-16	생거진천농다리축제							저녁	2	27	0
2019-05-16	생거진천농다리축제							점심	24	60	0
2019-05-17	생거진천농다리축제	남자	20대	0	14						
2019-05-17	생거진천농다리축제	남자	30대	3	20						
2019-05-17	생거진천농다리축제	남자	40대	11	78						
2019-05-17	생거진천농다리축제	남자	50대	8	55						
2019-05-17	생거진천농다리축제	남자	60대	18	21						
2019-05-17	생거진천농다리축제	남자	70대이상	3	6						
2019-05-17	생거진천농다리축제	여자	10대	0	3						
2019-05-17	생거진천농다리축제	여자	20대	0	13						
2019-05-17	생거진천농다리축제	여자	40대	0	28						
2019-05-17	생거진천농다리축제	여자	50대	11	47						
2019-05-17	생거진천농다리축제	여자	60대	3	17						
2019-05-17	생거진천농다리축제							새벽	0	41	0
2019-05-17	생거진천농다리축제							오전	16	49	0
2019-05-17	생거진천농다리축제							오후	22	125	0
2019-05-17	생거진천농다리축제							저녁	0	6	0
2019-05-17	생거진천농다리축제							점심	19	81	0
2019-05-18	생거진천농다리축제	남자	10대	0	40						
2019-05-18	생거진천농다리축제	남자	20대	2	56						
2019-05-18	생거진천농다리축제	남자	30대	14	108						
2019-05-18	생거진천농다리축제	남자	40대	12	178						
2019-05-18	생거진천농다리축제	남자	50대	18	210						
2019-05-18	생거진천농다리축제	남자	60대	2	134						
2019-05-18	생거진천농다리축제	남자	70대이상	2	37						
2019-05-18	생거진천농다리축제	여자	10대	0	33						
2019-05-18	생거진천농다리축제	여자	10대이하	0	10						
2019-05-18	생거진천농다리축제	여자	20대	0	45						
2019-05-18	생거진천농다리축제	여자	30대	8	88						
2019-05-18	생거진천농다리축제	여자	40대	11	88						
2019-05-18	생거진천농다리축제	여자	50대	2	272						
2019-05-18	생거진천농다리축제	여자	60대	10	144						
2019-05-18	생거진천농다리축제	여자	70대이상	32	56						
2019-05-18	생거진천농다리축제							새벽	0	13	0
2019-05-18	생거진천농다리축제							야간	14	26	0
2019-05-18	생거진천농다리축제							오전	8	174	0
2019-05-18	생거진천농다리축제							오후	60	869	0
2019-05-18	생거진천농다리축제							저녁	8	72	0
2019-05-18	생거진천농다리축제							점심	23	345	0
2019-05-19	생거진천농다리축제	남자	10대	0	34						
2019-05-19	생거진천농다리축제	남자	20대	7	29						
2019-05-19	생거진천농다리축제	남자	30대	0	16						
2019-05-19	생거진천농다리축제	남자	40대	7	87						
2019-05-19	생거진천농다리축제	남자	50대	30	210						
2019-05-19	생거진천농다리축제	남자	60대	14	113						
2019-05-19	생거진천농다리축제	남자	70대이상	0	18						
2019-05-19	생거진천농다리축제	여자	10대	2	3						
2019-05-19	생거진천농다리축제	여자	20대	2	26						
2019-05-19	생거진천농다리축제	여자	30대	9	31						
2019-05-19	생거진천농다리축제	여자	40대	13	131						
2019-05-19	생거진천농다리축제	여자	50대	17	237						
2019-05-19	생거진천농다리축제	여자	60대	4	123						
2019-05-19	생거진천농다리축제	여자	70대이상	0	34						
2019-05-19	생거진천농다리축제							새벽	0	59	0
2019-05-19	생거진천농다리축제							오전	23	223	0
2019-05-19	생거진천농다리축제							오후	36	340	0
2019-05-19	생거진천농다리축제							저녁	7	3	0
2019-05-19	생거진천농다리축제							점심	39	467	0
2019-05-20	생거진천농다리축제	남자	10대	0	3						
2019-05-20	생거진천농다리축제	남자	20대	0	10						
2019-05-20	생거진천농다리축제	남자	30대	4	24						
2019-05-20	생거진천농다리축제	남자	40대	0	16						
2019-05-20	생거진천농다리축제	남자	50대	6	84						
2019-05-20	생거진천농다리축제	남자	60대	37	41						
2019-05-20	생거진천농다리축제	남자	70대이상	0	6						
2019-05-20	생거진천농다리축제	여자	20대	6	3						
2019-05-20	생거진천농다리축제	여자	30대	4	10						
2019-05-20	생거진천농다리축제	여자	40대	0	27						
2019-05-20	생거진천농다리축제	여자	50대	12	61						
2019-05-20	생거진천농다리축제	여자	60대	0	28						
2019-05-20	생거진천농다리축제							새벽	0	6	0
2019-05-20	생거진천농다리축제							야간	2	0	0
2019-05-20	생거진천농다리축제							오전	13	51	0
2019-05-20	생거진천농다리축제							오후	24	160	0
2019-05-20	생거진천농다리축제							저녁	10	12	0
2019-05-20	생거진천농다리축제							점심	20	84	0
2019-05-21	생거진천농다리축제	남자	20대	0	6						
2019-05-21	생거진천농다리축제	남자	30대	6	47						
2019-05-21	생거진천농다리축제	남자	40대	6	38						
2019-05-21	생거진천농다리축제	남자	50대	15	105						
2019-05-21	생거진천농다리축제	남자	60대	37	100						
2019-05-21	생거진천농다리축제	남자	70대이상	4	34						
2019-05-21	생거진천농다리축제	여자	20대	6	3						
2019-05-21	생거진천농다리축제	여자	30대	8	25						
2019-05-21	생거진천농다리축제	여자	40대	11	43						
2019-05-21	생거진천농다리축제	여자	50대	18	97						
2019-05-21	생거진천농다리축제	여자	60대	6	57						
2019-05-21	생거진천농다리축제	여자	70대이상	6	34						
2019-05-21	생거진천농다리축제							새벽	0	9	0
2019-05-21	생거진천농다리축제							야간	4	6	0
2019-05-21	생거진천농다리축제							오전	18	92	0
2019-05-21	생거진천농다리축제							오후	63	252	0
2019-05-21	생거진천농다리축제							저녁	4	38	0
2019-05-21	생거진천농다리축제							점심	34	192	0
2019-05-22	생거진천농다리축제	남자	20대	0	12						
2019-05-22	생거진천농다리축제	남자	30대	2	21						
2019-05-22	생거진천농다리축제	남자	40대	18	42						
2019-05-22	생거진천농다리축제	남자	50대	12	60						
2019-05-22	생거진천농다리축제	남자	60대	49	60						
2019-05-22	생거진천농다리축제	남자	70대이상	4	18						
2019-05-22	생거진천농다리축제	여자	10대이하	4	0						
2019-05-22	생거진천농다리축제	여자	20대	4	18						
2019-05-22	생거진천농다리축제	여자	30대	12	12						
2019-05-22	생거진천농다리축제	여자	40대	4	30						
2019-05-22	생거진천농다리축제	여자	50대	18	78						
2019-05-22	생거진천농다리축제	여자	60대	0	66						
2019-05-22	생거진천농다리축제	여자	70대이상	4	3						
2019-05-22	생거진천농다리축제							새벽	4	9	0
2019-05-22	생거진천농다리축제							야간	0	12	0
2019-05-22	생거진천농다리축제							오전	52	51	0
2019-05-22	생거진천농다리축제							오후	43	225	0
2019-05-22	생거진천농다리축제							저녁	6	36	0
2019-05-22	생거진천농다리축제							점심	26	87	0
2019-05-23	생거진천농다리축제	남자	10대	8	0						
2019-05-23	생거진천농다리축제	남자	10대이하	0	2						
2019-05-23	생거진천농다리축제	남자	20대	10	20						
2019-05-23	생거진천농다리축제	남자	30대	23	18						
2019-05-23	생거진천농다리축제	남자	40대	38	40						
2019-05-23	생거진천농다리축제	남자	50대	43	81						
2019-05-23	생거진천농다리축제	남자	60대	32	96						
2019-05-23	생거진천농다리축제	남자	70대이상	4	49						
2019-05-23	생거진천농다리축제	여자	10대이하	0	2						
2019-05-23	생거진천농다리축제	여자	20대	0	8						
2019-05-23	생거진천농다리축제	여자	30대	6	8						
2019-05-23	생거진천농다리축제	여자	40대	31	33						
2019-05-23	생거진천농다리축제	여자	50대	57	59						
2019-05-23	생거진천농다리축제	여자	60대	14	77						
2019-05-23	생거진천농다리축제	여자	70대이상	4	25						
2019-05-23	생거진천농다리축제							새벽	0	6	0
2019-05-23	생거진천농다리축제							야간	2	56	0
2019-05-23	생거진천농다리축제							오전	61	51	0
2019-05-23	생거진천농다리축제							오후	97	203	0
2019-05-23	생거진천농다리축제							저녁	35	65	0
2019-05-23	생거진천농다리축제							점심	75	137	0
2019-05-24	생거진천농다리축제	남자	10대	31	23						
2019-05-24	생거진천농다리축제	남자	10대이하	1	13						
2019-05-24	생거진천농다리축제	남자	20대	103	70						
2019-05-24	생거진천농다리축제	남자	30대	207	103						
2019-05-24	생거진천농다리축제	남자	40대	215	97						
2019-05-24	생거진천농다리축제	남자	50대	457	302						
2019-05-24	생거진천농다리축제	남자	60대	250	365						
2019-05-24	생거진천농다리축제	남자	70대이상	50	134						
2019-05-24	생거진천농다리축제	여자	10대	23	18						
2019-05-24	생거진천농다리축제	여자	10대이하	22	19						
2019-05-24	생거진천농다리축제	여자	20대	97	82						
2019-05-24	생거진천농다리축제	여자	30대	172	263						
2019-05-24	생거진천농다리축제	여자	40대	244	130						
2019-05-24	생거진천농다리축제	여자	50대	392	369						
2019-05-24	생거진천농다리축제	여자	60대	181	188						
2019-05-24	생거진천농다리축제	여자	70대이상	75	60						
2019-05-24	생거진천농다리축제							새벽	0	50	0
2019-05-24	생거진천농다리축제							야간	639	512	0
2019-05-24	생거진천농다리축제							오전	104	106	0
2019-05-24	생거진천농다리축제							오후	402	392	0
2019-05-24	생거진천농다리축제							저녁	1153	929	0
2019-05-24	생거진천농다리축제							점심	222	247	0
2019-05-25	생거진천농다리축제	남자	10대	32	108						
2019-05-25	생거진천농다리축제	남자	10대이하	2	19						
2019-05-25	생거진천농다리축제	남자	20대	85	184						
2019-05-25	생거진천농다리축제	남자	30대	183	321						
2019-05-25	생거진천농다리축제	남자	40대	207	483						
2019-05-25	생거진천농다리축제	남자	50대	464	720						
2019-05-25	생거진천농다리축제	남자	60대	280	528						
2019-05-25	생거진천농다리축제	남자	70대이상	89	134						
2019-05-25	생거진천농다리축제	여자	10대	55	48						
2019-05-25	생거진천농다리축제	여자	10대이하	23	27						
2019-05-25	생거진천농다리축제	여자	20대	112	220						
2019-05-25	생거진천농다리축제	여자	30대	162	613						
2019-05-25	생거진천농다리축제	여자	40대	313	448						
2019-05-25	생거진천농다리축제	여자	50대	609	790						
2019-05-25	생거진천농다리축제	여자	60대	227	344						
2019-05-25	생거진천농다리축제	여자	70대이상	100	97						
2019-05-25	생거진천농다리축제							새벽	13	95	0
2019-05-25	생거진천농다리축제							야간	440	526	0
2019-05-25	생거진천농다리축제							오전	241	283	0
2019-05-25	생거진천농다리축제							오후	875	1860	0
2019-05-25	생거진천농다리축제							저녁	864	1263	0
2019-05-25	생거진천농다리축제							점심	510	1057	0
2019-05-26	생거진천농다리축제	남자	10대	30	52						
2019-05-26	생거진천농다리축제	남자	10대이하	0	41						
2019-05-26	생거진천농다리축제	남자	20대	80	176						
2019-05-26	생거진천농다리축제	남자	30대	123	299						
2019-05-26	생거진천농다리축제	남자	40대	204	412						
2019-05-26	생거진천농다리축제	남자	50대	280	649						
2019-05-26	생거진천농다리축제	남자	60대	166	487						
2019-05-26	생거진천농다리축제	남자	70대이상	54	166						
2019-05-26	생거진천농다리축제	여자	10대	34	52						
2019-05-26	생거진천농다리축제	여자	10대이하	15	62						
2019-05-26	생거진천농다리축제	여자	20대	66	146						
2019-05-26	생거진천농다리축제	여자	30대	152	532						
2019-05-26	생거진천농다리축제	여자	40대	146	452						
2019-05-26	생거진천농다리축제	여자	50대	218	656						
2019-05-26	생거진천농다리축제	여자	60대	174	333						
2019-05-26	생거진천농다리축제	여자	70대이상	75	113						
2019-05-26	생거진천농다리축제							새벽	20	158	0
2019-05-26	생거진천농다리축제							야간	2	13	0
2019-05-26	생거진천농다리축제							오전	277	581	0
2019-05-26	생거진천농다리축제							오후	716	1956	0
2019-05-26	생거진천농다리축제							저녁	100	157	0
2019-05-26	생거진천농다리축제							점심	702	1763	0
2019-05-27	생거진천농다리축제	남자	20대	0	3						
2019-05-27	생거진천농다리축제	남자	30대	0	3						
2019-05-27	생거진천농다리축제	남자	40대	2	6						
2019-05-27	생거진천농다리축제	남자	50대	10	11						
2019-05-27	생거진천농다리축제	남자	60대	12	11						
2019-05-27	생거진천농다리축제	남자	70대이상	0	3						
2019-05-27	생거진천농다리축제	여자	30대	0	19						
2019-05-27	생거진천농다리축제	여자	40대	0	11						
2019-05-27	생거진천농다리축제	여자	50대	0	20						
2019-05-27	생거진천농다리축제	여자	60대	0	8						
2019-05-27	생거진천농다리축제	여자	70대이상	2	19						
2019-05-27	생거진천농다리축제							새벽	0	16	0
2019-05-27	생거진천농다리축제							오전	10	18	0
2019-05-27	생거진천농다리축제							오후	8	52	0
2019-05-27	생거진천농다리축제							점심	8	28	0
2019-05-28	생거진천농다리축제	남자	20대	0	3						
2019-05-28	생거진천농다리축제	남자	30대	21	40						
2019-05-28	생거진천농다리축제	남자	40대	6	39						
2019-05-28	생거진천농다리축제	남자	50대	12	33						
2019-05-28	생거진천농다리축제	남자	60대	3	32						
2019-05-28	생거진천농다리축제	남자	70대이상	0	6						
2019-05-28	생거진천농다리축제	여자	10대	0	3						
2019-05-28	생거진천농다리축제	여자	20대	3	9						
2019-05-28	생거진천농다리축제	여자	30대	3	15						
2019-05-28	생거진천농다리축제	여자	40대	3	35						
2019-05-28	생거진천농다리축제	여자	50대	6	68						
2019-05-28	생거진천농다리축제	여자	60대	3	37						
2019-05-28	생거진천농다리축제	여자	70대이상	0	40						
2019-05-28	생거진천농다리축제							새벽	0	11	0
2019-05-28	생거진천농다리축제							야간	6	15	0
2019-05-28	생거진천농다리축제							오전	6	38	0
2019-05-28	생거진천농다리축제							오후	24	153	0
2019-05-28	생거진천농다리축제							저녁	15	40	0
2019-05-28	생거진천농다리축제							점심	9	103	0
2019-05-29	생거진천농다리축제	남자	10대	0	42						
2019-05-29	생거진천농다리축제	남자	20대	2	16						
2019-05-29	생거진천농다리축제	남자	30대	16	31						
2019-05-29	생거진천농다리축제	남자	40대	10	26						
2019-05-29	생거진천농다리축제	남자	50대	8	58						
2019-05-29	생거진천농다리축제	남자	60대	28	41						
2019-05-29	생거진천농다리축제	남자	70대이상	4	3						
2019-05-29	생거진천농다리축제	여자	20대	0	19						
2019-05-29	생거진천농다리축제	여자	30대	0	8						
2019-05-29	생거진천농다리축제	여자	40대	0	53						
2019-05-29	생거진천농다리축제	여자	50대	4	66						
2019-05-29	생거진천농다리축제	여자	60대	2	32						
2019-05-29	생거진천농다리축제	여자	70대이상	0	10						
2019-05-29	생거진천농다리축제							새벽	6	30	0
2019-05-29	생거진천농다리축제							야간	0	8	0
2019-05-29	생거진천농다리축제							오전	30	119	0
2019-05-29	생거진천농다리축제							오후	14	182	0
2019-05-29	생거진천농다리축제							저녁	6	18	0
2019-05-29	생거진천농다리축제							점심	18	48	0
2019-05-30	생거진천농다리축제	남자	20대	4	0						
2019-05-30	생거진천농다리축제	남자	30대	0	17						
2019-05-30	생거진천농다리축제	남자	40대	0	10						
2019-05-30	생거진천농다리축제	남자	50대	20	23						
2019-05-30	생거진천농다리축제	남자	60대	16	64						
2019-05-30	생거진천농다리축제	남자	70대이상	0	3						
2019-05-30	생거진천농다리축제	여자	30대	4	3						
2019-05-30	생거진천농다리축제	여자	40대	0	16						
2019-05-30	생거진천농다리축제	여자	50대	4	103						
2019-05-30	생거진천농다리축제	여자	60대	0	73						
2019-05-30	생거진천농다리축제	여자	70대이상	0	16						
2019-05-30	생거진천농다리축제							야간	0	3	0
2019-05-30	생거진천농다리축제							오전	8	46	0
2019-05-30	생거진천농다리축제							오후	20	160	0
2019-05-30	생거진천농다리축제							저녁	8	23	0
2019-05-30	생거진천농다리축제							점심	12	96	0
2019-05-31	생거진천농다리축제	남자	20대	2	16						
2019-05-31	생거진천농다리축제	남자	30대	7	44						
2019-05-31	생거진천농다리축제	남자	40대	2	44						
2019-05-31	생거진천농다리축제	남자	50대	14	51						
2019-05-31	생거진천농다리축제	남자	60대	10	75						
2019-05-31	생거진천농다리축제	남자	70대이상	0	13						
2019-05-31	생거진천농다리축제	여자	10대	0	3						
2019-05-31	생거진천농다리축제	여자	20대	2	21						
2019-05-31	생거진천농다리축제	여자	30대	0	37						
2019-05-31	생거진천농다리축제	여자	40대	7	27						
2019-05-31	생거진천농다리축제	여자	50대	10	44						
2019-05-31	생거진천농다리축제	여자	60대	2	40						
2019-05-31	생거진천농다리축제	여자	70대이상	0	10						
2019-05-31	생거진천농다리축제							새벽	0	6	0
2019-05-31	생거진천농다리축제							야간	0	6	0
2019-05-31	생거진천농다리축제							오전	14	12	0
2019-05-31	생거진천농다리축제							오후	26	289	0
2019-05-31	생거진천농다리축제							저녁	2	9	0
2019-05-31	생거진천농다리축제							점심	14	103	0
2019-06-01	생거진천농다리축제	남자	10대	2	21						
2019-06-01	생거진천농다리축제	남자	10대이하	0	6						
2019-06-01	생거진천농다리축제	남자	20대	4	35						
2019-06-01	생거진천농다리축제	남자	30대	21	78						
2019-06-01	생거진천농다리축제	남자	40대	26	138						
2019-06-01	생거진천농다리축제	남자	50대	55	160						
2019-06-01	생거진천농다리축제	남자	60대	13	111						
2019-06-01	생거진천농다리축제	남자	70대이상	0	15						
2019-06-01	생거진천농다리축제	여자	10대	2	0						
2019-06-01	생거진천농다리축제	여자	10대이하	2	0						
2019-06-01	생거진천농다리축제	여자	20대	13	38						
2019-06-01	생거진천농다리축제	여자	30대	0	103						
2019-06-01	생거진천농다리축제	여자	40대	4	126						
2019-06-01	생거진천농다리축제	여자	50대	36	302						
2019-06-01	생거진천농다리축제	여자	60대	8	131						
2019-06-01	생거진천농다리축제	여자	70대이상	2	38						
2019-06-01	생거진천농다리축제							새벽	0	6	0
2019-06-01	생거진천농다리축제							야간	2	45	0
2019-06-01	생거진천농다리축제							오전	27	101	0
2019-06-01	생거진천농다리축제							오후	81	628	0
2019-06-01	생거진천농다리축제							저녁	12	85	0
2019-06-01	생거진천농다리축제							점심	66	437	0
2019-06-02	생거진천농다리축제	남자	10대	8	22						
2019-06-02	생거진천농다리축제	남자	10대이하	0	17						
2019-06-02	생거진천농다리축제	남자	20대	5	37						
2019-06-02	생거진천농다리축제	남자	30대	11	160						
2019-06-02	생거진천농다리축제	남자	40대	14	144						
2019-06-02	생거진천농다리축제	남자	50대	28	286						
2019-06-02	생거진천농다리축제	남자	60대	19	153						
2019-06-02	생거진천농다리축제	남자	70대이상	11	36						
2019-06-02	생거진천농다리축제	여자	10대	0	8						
2019-06-02	생거진천농다리축제	여자	10대이하	0	8						
2019-06-02	생거진천농다리축제	여자	20대	8	37						
2019-06-02	생거진천농다리축제	여자	30대	14	68						
2019-06-02	생거진천농다리축제	여자	40대	28	116						
2019-06-02	생거진천농다리축제	여자	50대	26	276						
2019-06-02	생거진천농다리축제	여자	60대	18	96						
2019-06-02	생거진천농다리축제	여자	70대이상	5	20						
2019-06-02	생거진천농다리축제							새벽	5	74	0
2019-06-02	생거진천농다리축제							야간	0	16	0
2019-06-02	생거진천농다리축제							오전	28	151	0
2019-06-02	생거진천농다리축제							오후	81	616	0
2019-06-02	생거진천농다리축제							저녁	19	73	0
2019-06-02	생거진천농다리축제							점심	62	554	0
2019-06-03	생거진천농다리축제	남자	20대	0	21						
2019-06-03	생거진천농다리축제	남자	30대	5	9						
2019-06-03	생거진천농다리축제	남자	40대	2	32						
2019-06-03	생거진천농다리축제	남자	50대	17	32						
2019-06-03	생거진천농다리축제	남자	60대	10	21						
2019-06-03	생거진천농다리축제	남자	70대이상	4	12						
2019-06-03	생거진천농다리축제	여자	10대	0	6						
2019-06-03	생거진천농다리축제	여자	20대	0	6						
2019-06-03	생거진천농다리축제	여자	30대	0	3						
2019-06-03	생거진천농다리축제	여자	40대	0	9						
2019-06-03	생거진천농다리축제	여자	50대	17	40						
2019-06-03	생거진천농다리축제	여자	60대	0	26						
2019-06-03	생거진천농다리축제	여자	70대이상	2	0						
2019-06-03	생거진천농다리축제							오전	9	12	0
2019-06-03	생거진천농다리축제							오후	27	119	0
2019-06-03	생거진천농다리축제							저녁	2	18	0
2019-06-03	생거진천농다리축제							점심	19	68	0
2019-06-04	생거진천농다리축제	남자	20대	3	2						
2019-06-04	생거진천농다리축제	남자	30대	0	14						
2019-06-04	생거진천농다리축제	남자	40대	3	4						
2019-06-04	생거진천농다리축제	남자	50대	6	28						
2019-06-04	생거진천농다리축제	남자	60대	9	47						
2019-06-04	생거진천농다리축제	남자	70대이상	0	2						
2019-06-04	생거진천농다리축제	여자	20대	0	9						
2019-06-04	생거진천농다리축제	여자	30대	12	7						
2019-06-04	생거진천농다리축제	여자	40대	0	24						
2019-06-04	생거진천농다리축제	여자	50대	0	39						
2019-06-04	생거진천농다리축제	여자	60대	0	43						
2019-06-04	생거진천농다리축제	여자	70대이상	0	6						
2019-06-04	생거진천농다리축제							새벽	3	5	0
2019-06-04	생거진천농다리축제							야간	0	2	0
2019-06-04	생거진천농다리축제							오전	6	30	0
2019-06-04	생거진천농다리축제							오후	9	123	0
2019-06-04	생거진천농다리축제							저녁	6	4	0
2019-06-04	생거진천농다리축제							점심	9	61	0
2019-06-05	생거진천농다리축제	남자	10대	0	6						
2019-06-05	생거진천농다리축제	남자	20대	3	22						
2019-06-05	생거진천농다리축제	남자	30대	0	8						
2019-06-05	생거진천농다리축제	남자	40대	3	22						
2019-06-05	생거진천농다리축제	남자	50대	9	54						
2019-06-05	생거진천농다리축제	남자	60대	6	39						
2019-06-05	생거진천농다리축제	남자	70대이상	3	8						
2019-06-05	생거진천농다리축제	여자	20대	0	9						
2019-06-05	생거진천농다리축제	여자	30대	6	6						
2019-06-05	생거진천농다리축제	여자	40대	0	14						
2019-06-05	생거진천농다리축제	여자	50대	15	59						
2019-06-05	생거진천농다리축제	여자	60대	0	17						
2019-06-05	생거진천농다리축제	여자	70대이상	3	3						
2019-06-05	생거진천농다리축제							새벽	0	14	0
2019-06-05	생거진천농다리축제							야간	0	9	0
2019-06-05	생거진천농다리축제							오전	15	15	0
2019-06-05	생거진천농다리축제							오후	24	109	0
2019-06-05	생거진천농다리축제							저녁	3	25	0
2019-06-05	생거진천농다리축제							점심	6	95	0
2019-06-06	생거진천농다리축제	남자	10대	0	14						
2019-06-06	생거진천농다리축제	남자	20대	0	30						
2019-06-06	생거진천농다리축제	남자	30대	4	71						
2019-06-06	생거진천농다리축제	남자	40대	8	115						
2019-06-06	생거진천농다리축제	남자	50대	10	234						
2019-06-06	생거진천농다리축제	남자	60대	26	140						
2019-06-06	생거진천농다리축제	남자	70대이상	0	88						
2019-06-06	생거진천농다리축제	여자	10대	0	25						
2019-06-06	생거진천농다리축제	여자	20대	0	58						
2019-06-06	생거진천농다리축제	여자	30대	6	74						
2019-06-06	생거진천농다리축제	여자	40대	10	187						
2019-06-06	생거진천농다리축제	여자	50대	14	302						
2019-06-06	생거진천농다리축제	여자	60대	18	278						
2019-06-06	생거진천농다리축제	여자	70대이상	2	118						
2019-06-06	생거진천농다리축제					미국	1				
2019-06-06	생거진천농다리축제							야간	2	0	0
2019-06-06	생거진천농다리축제							오전	18	248	0
2019-06-06	생거진천농다리축제							오후	39	860	1
2019-06-06	생거진천농다리축제							저녁	2	12	0
2019-06-06	생거진천농다리축제							점심	37	614	0
2019-06-07	생거진천농다리축제	남자	20대	4	0						
2019-06-07	생거진천농다리축제	남자	30대	0	9						
2019-06-07	생거진천농다리축제	남자	40대	0	9						
2019-06-07	생거진천농다리축제	남자	50대	0	17						
2019-06-07	생거진천농다리축제	남자	60대	0	3						
2019-06-07	생거진천농다리축제	여자	40대	0	3						
2019-06-07	생거진천농다리축제	여자	50대	0	30						
2019-06-07	생거진천농다리축제	여자	60대	7	3						
2019-06-07	생거진천농다리축제	여자	70대이상	0	6						
2019-06-07	생거진천농다리축제							새벽	0	3	0
2019-06-07	생거진천농다리축제							야간	0	18	0
2019-06-07	생거진천농다리축제							오전	7	9	0
2019-06-07	생거진천농다리축제							오후	0	26	0
2019-06-07	생거진천농다리축제							저녁	0	15	0
2019-06-07	생거진천농다리축제							점심	4	9	0
2019-06-08	생거진천농다리축제	남자	10대	7	31						
2019-06-08	생거진천농다리축제	남자	10대이하	0	14						
2019-06-08	생거진천농다리축제	남자	20대	7	34						
2019-06-08	생거진천농다리축제	남자	30대	18	158						
2019-06-08	생거진천농다리축제	남자	40대	12	92						
2019-06-08	생거진천농다리축제	남자	50대	16	155						
2019-06-08	생거진천농다리축제	남자	60대	27	91						
2019-06-08	생거진천농다리축제	남자	70대이상	8	15						
2019-06-08	생거진천농다리축제	여자	10대	14	3						
2019-06-08	생거진천농다리축제	여자	20대	2	48						
2019-06-08	생거진천농다리축제	여자	30대	11	183						
2019-06-08	생거진천농다리축제	여자	40대	5	125						
2019-06-08	생거진천농다리축제	여자	50대	43	239						
2019-06-08	생거진천농다리축제	여자	60대	26	119						
2019-06-08	생거진천농다리축제	여자	70대이상	2	25						
2019-06-08	생거진천농다리축제							새벽	0	34	0
2019-06-08	생거진천농다리축제							야간	0	21	0
2019-06-08	생거진천농다리축제							오전	38	176	0
2019-06-08	생거진천농다리축제							오후	62	543	0
2019-06-08	생거진천농다리축제							저녁	8	93	0
2019-06-08	생거진천농다리축제							점심	90	465	0
2019-06-09	생거진천농다리축제	남자	10대	0	15						
2019-06-09	생거진천농다리축제	남자	20대	5	45						
2019-06-09	생거진천농다리축제	남자	30대	4	69						
2019-06-09	생거진천농다리축제	남자	40대	23	135						
2019-06-09	생거진천농다리축제	남자	50대	18	249						
2019-06-09	생거진천농다리축제	남자	60대	12	93						
2019-06-09	생거진천농다리축제	남자	70대이상	0	33						
2019-06-09	생거진천농다리축제	여자	10대	0	15						
2019-06-09	생거진천농다리축제	여자	10대이하	0	9						
2019-06-09	생거진천농다리축제	여자	20대	2	45						
2019-06-09	생거진천농다리축제	여자	30대	6	81						
2019-06-09	생거진천농다리축제	여자	40대	25	117						
2019-06-09	생거진천농다리축제	여자	50대	21	261						
2019-06-09	생거진천농다리축제	여자	60대	23	78						
2019-06-09	생거진천농다리축제	여자	70대이상	0	15						
2019-06-09	생거진천농다리축제					미국	2				
2019-06-09	생거진천농다리축제					태국	5				
2019-06-09	생거진천농다리축제							새벽	0	39	0
2019-06-09	생거진천농다리축제							야간	2	6	0
2019-06-09	생거진천농다리축제							오전	11	147	0
2019-06-09	생거진천농다리축제							오후	74	573	7
2019-06-09	생거진천농다리축제							저녁	18	54	0
2019-06-09	생거진천농다리축제							점심	34	441	0
2019-06-10	생거진천농다리축제	남자	30대	3	0						
2019-06-10	생거진천농다리축제	남자	40대	0	15						
2019-06-10	생거진천농다리축제	남자	50대	5	28						
2019-06-10	생거진천농다리축제	남자	60대	3	15						
2019-06-10	생거진천농다리축제	남자	70대이상	5	4						
2019-06-10	생거진천농다리축제	여자	20대	0	11						
2019-06-10	생거진천농다리축제	여자	40대	0	21						
2019-06-10	생거진천농다리축제	여자	50대	8	33						
2019-06-10	생거진천농다리축제	여자	60대	8	7						
2019-06-10	생거진천농다리축제	여자	70대이상	3	0						
2019-06-10	생거진천농다리축제							오전	3	8	0
2019-06-10	생거진천농다리축제							오후	21	96	0
2019-06-10	생거진천농다리축제							저녁	0	8	0
2019-06-10	생거진천농다리축제							점심	11	22	0
2019-05-16	세종대왕과초정약수축제	남자	10대	1	0						
2019-05-16	세종대왕과초정약수축제	남자	20대	18	10						
2019-05-16	세종대왕과초정약수축제	남자	30대	6	23						
2019-05-16	세종대왕과초정약수축제	남자	40대	16	21						
2019-05-16	세종대왕과초정약수축제	남자	50대	46	82						
2019-05-16	세종대왕과초정약수축제	남자	60대	25	74						
2019-05-16	세종대왕과초정약수축제	남자	70대이상	13	27						
2019-05-16	세종대왕과초정약수축제	여자	10대	0	18						
2019-05-16	세종대왕과초정약수축제	여자	20대	1	4						
2019-05-16	세종대왕과초정약수축제	여자	30대	0	8						
2019-05-16	세종대왕과초정약수축제	여자	40대	19	22						
2019-05-16	세종대왕과초정약수축제	여자	50대	35	71						
2019-05-16	세종대왕과초정약수축제	여자	60대	23	12						
2019-05-16	세종대왕과초정약수축제	여자	70대이상	0	2						
2019-05-16	세종대왕과초정약수축제							새벽	14	50	0
2019-05-16	세종대왕과초정약수축제							야간	3	10	0
2019-05-16	세종대왕과초정약수축제							오전	55	63	0
2019-05-16	세종대왕과초정약수축제							오후	56	122	0
2019-05-16	세종대왕과초정약수축제							저녁	23	38	0
2019-05-16	세종대왕과초정약수축제							점심	52	91	0
2019-05-17	세종대왕과초정약수축제	남자	10대	1	0						
2019-05-17	세종대왕과초정약수축제	남자	10대이하	0	9						
2019-05-17	세종대왕과초정약수축제	남자	20대	37	40						
2019-05-17	세종대왕과초정약수축제	남자	30대	14	16						
2019-05-17	세종대왕과초정약수축제	남자	40대	16	29						
2019-05-17	세종대왕과초정약수축제	남자	50대	64	79						
2019-05-17	세종대왕과초정약수축제	남자	60대	20	76						
2019-05-17	세종대왕과초정약수축제	남자	70대이상	8	2						
2019-05-17	세종대왕과초정약수축제	여자	10대	0	7						
2019-05-17	세종대왕과초정약수축제	여자	10대이하	1	0						
2019-05-17	세종대왕과초정약수축제	여자	20대	3	5						
2019-05-17	세종대왕과초정약수축제	여자	30대	2	0						
2019-05-17	세종대왕과초정약수축제	여자	40대	16	29						
2019-05-17	세종대왕과초정약수축제	여자	50대	41	83						
2019-05-17	세종대왕과초정약수축제	여자	60대	18	42						
2019-05-17	세종대왕과초정약수축제	여자	70대이상	2	12						
2019-05-17	세종대왕과초정약수축제					중국	3				
2019-05-17	세종대왕과초정약수축제							새벽	1	23	0
2019-05-17	세종대왕과초정약수축제							야간	8	14	0
2019-05-17	세종대왕과초정약수축제							오전	56	70	2
2019-05-17	세종대왕과초정약수축제							오후	65	142	0
2019-05-17	세종대왕과초정약수축제							저녁	42	40	0
2019-05-17	세종대왕과초정약수축제							점심	71	140	1
2019-05-18	세종대왕과초정약수축제	남자	10대	4	4						
2019-05-18	세종대왕과초정약수축제	남자	10대이하	0	2						
2019-05-18	세종대왕과초정약수축제	남자	20대	5	24						
2019-05-18	세종대왕과초정약수축제	남자	30대	12	51						
2019-05-18	세종대왕과초정약수축제	남자	40대	4	78						
2019-05-18	세종대왕과초정약수축제	남자	50대	41	270						
2019-05-18	세종대왕과초정약수축제	남자	60대	18	152						
2019-05-18	세종대왕과초정약수축제	남자	70대이상	29	19						
2019-05-18	세종대왕과초정약수축제	여자	10대	2	5						
2019-05-18	세종대왕과초정약수축제	여자	20대	2	9						
2019-05-18	세종대왕과초정약수축제	여자	30대	8	45						
2019-05-18	세종대왕과초정약수축제	여자	40대	17	54						
2019-05-18	세종대왕과초정약수축제	여자	50대	52	129						
2019-05-18	세종대왕과초정약수축제	여자	60대	41	55						
2019-05-18	세종대왕과초정약수축제	여자	70대이상	0	15						
2019-05-18	세종대왕과초정약수축제							새벽	8	57	0
2019-05-18	세종대왕과초정약수축제							야간	6	31	0
2019-05-18	세종대왕과초정약수축제							오전	53	201	0
2019-05-18	세종대왕과초정약수축제							오후	80	280	0
2019-05-18	세종대왕과초정약수축제							저녁	23	131	0
2019-05-18	세종대왕과초정약수축제							점심	65	212	0
2019-05-19	세종대왕과초정약수축제	남자	10대	4	23						
2019-05-19	세종대왕과초정약수축제	남자	10대이하	0	10						
2019-05-19	세종대왕과초정약수축제	남자	20대	27	42						
2019-05-19	세종대왕과초정약수축제	남자	30대	17	49						
2019-05-19	세종대왕과초정약수축제	남자	40대	28	91						
2019-05-19	세종대왕과초정약수축제	남자	50대	51	205						
2019-05-19	세종대왕과초정약수축제	남자	60대	51	120						
2019-05-19	세종대왕과초정약수축제	남자	70대이상	10	30						
2019-05-19	세종대왕과초정약수축제	여자	10대	9	6						
2019-05-19	세종대왕과초정약수축제	여자	10대이하	4	0						
2019-05-19	세종대왕과초정약수축제	여자	20대	6	27						
2019-05-19	세종대왕과초정약수축제	여자	30대	15	28						
2019-05-19	세종대왕과초정약수축제	여자	40대	30	58						
2019-05-19	세종대왕과초정약수축제	여자	50대	60	244						
2019-05-19	세종대왕과초정약수축제	여자	60대	23	67						
2019-05-19	세종대왕과초정약수축제	여자	70대이상	8	17						
2019-05-19	세종대왕과초정약수축제							새벽	5	29	0
2019-05-19	세종대왕과초정약수축제							야간	2	16	0
2019-05-19	세종대왕과초정약수축제							오전	60	204	0
2019-05-19	세종대왕과초정약수축제							오후	121	322	0
2019-05-19	세종대왕과초정약수축제							저녁	27	107	0
2019-05-19	세종대왕과초정약수축제							점심	128	339	0
2019-05-20	세종대왕과초정약수축제	남자	10대	9	0						
2019-05-20	세종대왕과초정약수축제	남자	20대	7	39						
2019-05-20	세종대왕과초정약수축제	남자	30대	10	46						
2019-05-20	세종대왕과초정약수축제	남자	40대	10	27						
2019-05-20	세종대왕과초정약수축제	남자	50대	31	33						
2019-05-20	세종대왕과초정약수축제	남자	60대	8	24						
2019-05-20	세종대왕과초정약수축제	남자	70대이상	5	10						
2019-05-20	세종대왕과초정약수축제	여자	10대	0	5						
2019-05-20	세종대왕과초정약수축제	여자	20대	10	2						
2019-05-20	세종대왕과초정약수축제	여자	30대	4	30						
2019-05-20	세종대왕과초정약수축제	여자	40대	26	13						
2019-05-20	세종대왕과초정약수축제	여자	50대	29	74						
2019-05-20	세종대왕과초정약수축제	여자	60대	14	11						
2019-05-20	세종대왕과초정약수축제	여자	70대이상	3	6						
2019-05-20	세종대왕과초정약수축제							새벽	0	2	0
2019-05-20	세종대왕과초정약수축제							야간	9	13	0
2019-05-20	세종대왕과초정약수축제							오전	46	68	0
2019-05-20	세종대왕과초정약수축제							오후	55	140	0
2019-05-20	세종대왕과초정약수축제							저녁	14	39	0
2019-05-20	세종대왕과초정약수축제							점심	42	58	0
2019-05-21	세종대왕과초정약수축제	남자	10대	8	0						
2019-05-21	세종대왕과초정약수축제	남자	20대	9	43						
2019-05-21	세종대왕과초정약수축제	남자	30대	26	39						
2019-05-21	세종대왕과초정약수축제	남자	40대	26	55						
2019-05-21	세종대왕과초정약수축제	남자	50대	57	82						
2019-05-21	세종대왕과초정약수축제	남자	60대	17	49						
2019-05-21	세종대왕과초정약수축제	남자	70대이상	0	6						
2019-05-21	세종대왕과초정약수축제	여자	10대	0	20						
2019-05-21	세종대왕과초정약수축제	여자	20대	3	2						
2019-05-21	세종대왕과초정약수축제	여자	30대	12	15						
2019-05-21	세종대왕과초정약수축제	여자	40대	20	28						
2019-05-21	세종대왕과초정약수축제	여자	50대	36	56						
2019-05-21	세종대왕과초정약수축제	여자	60대	13	38						
2019-05-21	세종대왕과초정약수축제	여자	70대이상	0	13						
2019-05-21	세종대왕과초정약수축제							새벽	15	15	0
2019-05-21	세종대왕과초정약수축제							야간	10	13	0
2019-05-21	세종대왕과초정약수축제							오전	55	81	0
2019-05-21	세종대왕과초정약수축제							오후	75	167	0
2019-05-21	세종대왕과초정약수축제							저녁	14	42	0
2019-05-21	세종대왕과초정약수축제							점심	58	128	0
2019-05-22	세종대왕과초정약수축제	남자	10대	5	0						
2019-05-22	세종대왕과초정약수축제	남자	20대	11	16						
2019-05-22	세종대왕과초정약수축제	남자	30대	15	27						
2019-05-22	세종대왕과초정약수축제	남자	40대	7	43						
2019-05-22	세종대왕과초정약수축제	남자	50대	41	62						
2019-05-22	세종대왕과초정약수축제	남자	60대	2	43						
2019-05-22	세종대왕과초정약수축제	남자	70대이상	8	24						
2019-05-22	세종대왕과초정약수축제	여자	10대	0	8						
2019-05-22	세종대왕과초정약수축제	여자	20대	2	8						
2019-05-22	세종대왕과초정약수축제	여자	30대	8	5						
2019-05-22	세종대왕과초정약수축제	여자	40대	27	9						
2019-05-22	세종대왕과초정약수축제	여자	50대	23	35						
2019-05-22	세종대왕과초정약수축제	여자	60대	32	30						
2019-05-22	세종대왕과초정약수축제	여자	70대이상	1	5						
2019-05-22	세종대왕과초정약수축제							새벽	9	14	0
2019-05-22	세종대왕과초정약수축제							야간	9	8	0
2019-05-22	세종대왕과초정약수축제							오전	52	88	0
2019-05-22	세종대왕과초정약수축제							오후	59	106	0
2019-05-22	세종대왕과초정약수축제							저녁	21	22	0
2019-05-22	세종대왕과초정약수축제							점심	32	77	0
2019-05-23	세종대왕과초정약수축제	남자	10대	0	12						
2019-05-23	세종대왕과초정약수축제	남자	20대	20	36						
2019-05-23	세종대왕과초정약수축제	남자	30대	10	44						
2019-05-23	세종대왕과초정약수축제	남자	40대	15	67						
2019-05-23	세종대왕과초정약수축제	남자	50대	75	76						
2019-05-23	세종대왕과초정약수축제	남자	60대	14	43						
2019-05-23	세종대왕과초정약수축제	남자	70대이상	12	6						
2019-05-23	세종대왕과초정약수축제	여자	20대	4	7						
2019-05-23	세종대왕과초정약수축제	여자	30대	10	7						
2019-05-23	세종대왕과초정약수축제	여자	40대	34	51						
2019-05-23	세종대왕과초정약수축제	여자	50대	45	65						
2019-05-23	세종대왕과초정약수축제	여자	60대	16	33						
2019-05-23	세종대왕과초정약수축제	여자	70대이상	7	13						
2019-05-23	세종대왕과초정약수축제					태국	4				
2019-05-23	세종대왕과초정약수축제							새벽	13	7	0
2019-05-23	세종대왕과초정약수축제							야간	9	8	0
2019-05-23	세종대왕과초정약수축제							오전	59	103	0
2019-05-23	세종대왕과초정약수축제							오후	77	146	2
2019-05-23	세종대왕과초정약수축제							저녁	39	44	0
2019-05-23	세종대왕과초정약수축제							점심	65	152	2
2019-05-24	세종대왕과초정약수축제	남자	20대	13	26						
2019-05-24	세종대왕과초정약수축제	남자	30대	5	44						
2019-05-24	세종대왕과초정약수축제	남자	40대	10	50						
2019-05-24	세종대왕과초정약수축제	남자	50대	76	70						
2019-05-24	세종대왕과초정약수축제	남자	60대	16	56						
2019-05-24	세종대왕과초정약수축제	남자	70대이상	10	35						
2019-05-24	세종대왕과초정약수축제	여자	20대	0	2						
2019-05-24	세종대왕과초정약수축제	여자	30대	3	15						
2019-05-24	세종대왕과초정약수축제	여자	40대	31	15						
2019-05-24	세종대왕과초정약수축제	여자	50대	36	86						
2019-05-24	세종대왕과초정약수축제	여자	60대	21	33						
2019-05-24	세종대왕과초정약수축제	여자	70대이상	0	23						
2019-05-24	세종대왕과초정약수축제							새벽	12	13	0
2019-05-24	세종대왕과초정약수축제							야간	9	36	0
2019-05-24	세종대왕과초정약수축제							오전	50	86	0
2019-05-24	세종대왕과초정약수축제							오후	67	152	0
2019-05-24	세종대왕과초정약수축제							저녁	28	40	0
2019-05-24	세종대왕과초정약수축제							점심	55	128	0
2019-05-25	세종대왕과초정약수축제	남자	10대	0	16						
2019-05-25	세종대왕과초정약수축제	남자	10대이하	0	4						
2019-05-25	세종대왕과초정약수축제	남자	20대	31	83						
2019-05-25	세종대왕과초정약수축제	남자	30대	15	60						
2019-05-25	세종대왕과초정약수축제	남자	40대	21	69						
2019-05-25	세종대왕과초정약수축제	남자	50대	45	104						
2019-05-25	세종대왕과초정약수축제	남자	60대	3	85						
2019-05-25	세종대왕과초정약수축제	남자	70대이상	25	60						
2019-05-25	세종대왕과초정약수축제	여자	10대	22	8						
2019-05-25	세종대왕과초정약수축제	여자	20대	7	7						
2019-05-25	세종대왕과초정약수축제	여자	30대	3	69						
2019-05-25	세종대왕과초정약수축제	여자	40대	13	30						
2019-05-25	세종대왕과초정약수축제	여자	50대	38	108						
2019-05-25	세종대왕과초정약수축제	여자	60대	30	36						
2019-05-25	세종대왕과초정약수축제	여자	70대이상	0	17						
2019-05-25	세종대왕과초정약수축제							새벽	11	53	0
2019-05-25	세종대왕과초정약수축제							야간	6	30	0
2019-05-25	세종대왕과초정약수축제							오전	46	180	0
2019-05-25	세종대왕과초정약수축제							오후	70	261	0
2019-05-25	세종대왕과초정약수축제							저녁	33	84	0
2019-05-25	세종대왕과초정약수축제							점심	87	148	0
2019-05-26	세종대왕과초정약수축제	남자	10대	0	18						
2019-05-26	세종대왕과초정약수축제	남자	10대이하	0	15						
2019-05-26	세종대왕과초정약수축제	남자	20대	17	57						
2019-05-26	세종대왕과초정약수축제	남자	30대	27	66						
2019-05-26	세종대왕과초정약수축제	남자	40대	17	68						
2019-05-26	세종대왕과초정약수축제	남자	50대	43	185						
2019-05-26	세종대왕과초정약수축제	남자	60대	28	123						
2019-05-26	세종대왕과초정약수축제	남자	70대이상	24	35						
2019-05-26	세종대왕과초정약수축제	여자	10대	26	4						
2019-05-26	세종대왕과초정약수축제	여자	10대이하	0	10						
2019-05-26	세종대왕과초정약수축제	여자	20대	5	16						
2019-05-26	세종대왕과초정약수축제	여자	30대	10	92						
2019-05-26	세종대왕과초정약수축제	여자	40대	31	54						
2019-05-26	세종대왕과초정약수축제	여자	50대	45	200						
2019-05-26	세종대왕과초정약수축제	여자	60대	20	40						
2019-05-26	세종대왕과초정약수축제	여자	70대이상	2	15						
2019-05-26	세종대왕과초정약수축제							새벽	8	79	0
2019-05-26	세종대왕과초정약수축제							야간	11	15	0
2019-05-26	세종대왕과초정약수축제							오전	47	178	0
2019-05-26	세종대왕과초정약수축제							오후	101	340	0
2019-05-26	세종대왕과초정약수축제							저녁	34	94	0
2019-05-26	세종대왕과초정약수축제							점심	94	292	0
2019-05-27	세종대왕과초정약수축제	남자	20대	10	24						
2019-05-27	세종대왕과초정약수축제	남자	30대	7	37						
2019-05-27	세종대왕과초정약수축제	남자	40대	3	35						
2019-05-27	세종대왕과초정약수축제	남자	50대	54	40						
2019-05-27	세종대왕과초정약수축제	남자	60대	8	27						
2019-05-27	세종대왕과초정약수축제	남자	70대이상	33	31						
2019-05-27	세종대왕과초정약수축제	여자	10대	12	5						
2019-05-27	세종대왕과초정약수축제	여자	20대	4	5						
2019-05-27	세종대왕과초정약수축제	여자	30대	3	7						
2019-05-27	세종대왕과초정약수축제	여자	40대	8	7						
2019-05-27	세종대왕과초정약수축제	여자	50대	21	65						
2019-05-27	세종대왕과초정약수축제	여자	60대	18	36						
2019-05-27	세종대왕과초정약수축제	여자	70대이상	3	17						
2019-05-27	세종대왕과초정약수축제							새벽	14	2	0
2019-05-27	세종대왕과초정약수축제							야간	7	2	0
2019-05-27	세종대왕과초정약수축제							오전	50	92	0
2019-05-27	세종대왕과초정약수축제							오후	49	119	0
2019-05-27	세종대왕과초정약수축제							저녁	22	17	0
2019-05-27	세종대왕과초정약수축제							점심	42	104	0
2019-05-28	세종대왕과초정약수축제	남자	10대	6	0						
2019-05-28	세종대왕과초정약수축제	남자	20대	6	15						
2019-05-28	세종대왕과초정약수축제	남자	30대	26	33						
2019-05-28	세종대왕과초정약수축제	남자	40대	7	52						
2019-05-28	세종대왕과초정약수축제	남자	50대	76	45						
2019-05-28	세종대왕과초정약수축제	남자	60대	15	38						
2019-05-28	세종대왕과초정약수축제	남자	70대이상	25	35						
2019-05-28	세종대왕과초정약수축제	여자	10대	9	0						
2019-05-28	세종대왕과초정약수축제	여자	20대	1	5						
2019-05-28	세종대왕과초정약수축제	여자	30대	1	24						
2019-05-28	세종대왕과초정약수축제	여자	40대	24	28						
2019-05-28	세종대왕과초정약수축제	여자	50대	31	71						
2019-05-28	세종대왕과초정약수축제	여자	60대	12	23						
2019-05-28	세종대왕과초정약수축제	여자	70대이상	21	3						
2019-05-28	세종대왕과초정약수축제							새벽	17	2	0
2019-05-28	세종대왕과초정약수축제							야간	2	5	0
2019-05-28	세종대왕과초정약수축제							오전	61	84	0
2019-05-28	세종대왕과초정약수축제							오후	67	113	0
2019-05-28	세종대왕과초정약수축제							저녁	20	23	0
2019-05-28	세종대왕과초정약수축제							점심	93	145	0
2019-05-29	세종대왕과초정약수축제	남자	10대	10	0						
2019-05-29	세종대왕과초정약수축제	남자	20대	13	46						
2019-05-29	세종대왕과초정약수축제	남자	30대	29	22						
2019-05-29	세종대왕과초정약수축제	남자	40대	4	37						
2019-05-29	세종대왕과초정약수축제	남자	50대	85	94						
2019-05-29	세종대왕과초정약수축제	남자	60대	11	59						
2019-05-29	세종대왕과초정약수축제	남자	70대이상	14	30						
2019-05-29	세종대왕과초정약수축제	여자	20대	1	2						
2019-05-29	세종대왕과초정약수축제	여자	30대	5	13						
2019-05-29	세종대왕과초정약수축제	여자	40대	33	24						
2019-05-29	세종대왕과초정약수축제	여자	50대	30	64						
2019-05-29	세종대왕과초정약수축제	여자	60대	20	31						
2019-05-29	세종대왕과초정약수축제	여자	70대이상	10	3						
2019-05-29	세종대왕과초정약수축제							새벽	12	4	0
2019-05-29	세종대왕과초정약수축제							야간	8	5	0
2019-05-29	세종대왕과초정약수축제							오전	49	77	0
2019-05-29	세종대왕과초정약수축제							오후	79	155	0
2019-05-29	세종대왕과초정약수축제							저녁	37	58	0
2019-05-29	세종대왕과초정약수축제							점심	80	126	0
2019-05-30	세종대왕과초정약수축제	남자	10대	1	0						
2019-05-30	세종대왕과초정약수축제	남자	20대	3	54						
2019-05-30	세종대왕과초정약수축제	남자	30대	23	81						
2019-05-30	세종대왕과초정약수축제	남자	40대	26	28						
2019-05-30	세종대왕과초정약수축제	남자	50대	68	104						
2019-05-30	세종대왕과초정약수축제	남자	60대	36	23						
2019-05-30	세종대왕과초정약수축제	남자	70대이상	10	29						
2019-05-30	세종대왕과초정약수축제	여자	10대	4	0						
2019-05-30	세종대왕과초정약수축제	여자	10대이하	0	3						
2019-05-30	세종대왕과초정약수축제	여자	20대	0	7						
2019-05-30	세종대왕과초정약수축제	여자	30대	3	11						
2019-05-30	세종대왕과초정약수축제	여자	40대	30	18						
2019-05-30	세종대왕과초정약수축제	여자	50대	19	52						
2019-05-30	세종대왕과초정약수축제	여자	60대	26	19						
2019-05-30	세종대왕과초정약수축제	여자	70대이상	0	17						
2019-05-30	세종대왕과초정약수축제							새벽	10	13	0
2019-05-30	세종대왕과초정약수축제							야간	6	16	0
2019-05-30	세종대왕과초정약수축제							오전	61	93	0
2019-05-30	세종대왕과초정약수축제							오후	82	158	0
2019-05-30	세종대왕과초정약수축제							저녁	21	37	0
2019-05-30	세종대왕과초정약수축제							점심	69	129	0
2019-05-31	세종대왕과초정약수축제	남자	10대	12	64						
2019-05-31	세종대왕과초정약수축제	남자	10대이하	3	0						
2019-05-31	세종대왕과초정약수축제	남자	20대	55	176						
2019-05-31	세종대왕과초정약수축제	남자	30대	59	137						
2019-05-31	세종대왕과초정약수축제	남자	40대	125	223						
2019-05-31	세종대왕과초정약수축제	남자	50대	292	474						
2019-05-31	세종대왕과초정약수축제	남자	60대	108	330						
2019-05-31	세종대왕과초정약수축제	남자	70대이상	157	156						
2019-05-31	세종대왕과초정약수축제	여자	10대	36	10						
2019-05-31	세종대왕과초정약수축제	여자	10대이하	9	1						
2019-05-31	세종대왕과초정약수축제	여자	20대	29	124						
2019-05-31	세종대왕과초정약수축제	여자	30대	53	94						
2019-05-31	세종대왕과초정약수축제	여자	40대	188	208						
2019-05-31	세종대왕과초정약수축제	여자	50대	176	440						
2019-05-31	세종대왕과초정약수축제	여자	60대	205	249						
2019-05-31	세종대왕과초정약수축제	여자	70대이상	31	125						
2019-05-31	세종대왕과초정약수축제					중국	6				
2019-05-31	세종대왕과초정약수축제							새벽	28	50	0
2019-05-31	세종대왕과초정약수축제							야간	61	82	0
2019-05-31	세종대왕과초정약수축제							오전	153	277	0
2019-05-31	세종대왕과초정약수축제							오후	382	906	6
2019-05-31	세종대왕과초정약수축제							저녁	605	946	0
2019-05-31	세종대왕과초정약수축제							점심	309	550	0
2019-06-01	세종대왕과초정약수축제	남자	10대	60	94						
2019-06-01	세종대왕과초정약수축제	남자	10대이하	21	20						
2019-06-01	세종대왕과초정약수축제	남자	20대	56	156						
2019-06-01	세종대왕과초정약수축제	남자	30대	143	261						
2019-06-01	세종대왕과초정약수축제	남자	40대	127	402						
2019-06-01	세종대왕과초정약수축제	남자	50대	214	476						
2019-06-01	세종대왕과초정약수축제	남자	60대	190	444						
2019-06-01	세종대왕과초정약수축제	남자	70대이상	98	185						
2019-06-01	세종대왕과초정약수축제	여자	10대	76	66						
2019-06-01	세종대왕과초정약수축제	여자	10대이하	27	55						
2019-06-01	세종대왕과초정약수축제	여자	20대	58	211						
2019-06-01	세종대왕과초정약수축제	여자	30대	174	433						
2019-06-01	세종대왕과초정약수축제	여자	40대	194	488						
2019-06-01	세종대왕과초정약수축제	여자	50대	231	566						
2019-06-01	세종대왕과초정약수축제	여자	60대	127	315						
2019-06-01	세종대왕과초정약수축제	여자	70대이상	85	164						
2019-06-01	세종대왕과초정약수축제							새벽	26	60	0
2019-06-01	세종대왕과초정약수축제							야간	40	58	0
2019-06-01	세종대왕과초정약수축제							오전	112	251	0
2019-06-01	세종대왕과초정약수축제							오후	775	1991	0
2019-06-01	세종대왕과초정약수축제							저녁	461	934	0
2019-06-01	세종대왕과초정약수축제							점심	467	1042	0
2019-06-02	세종대왕과초정약수축제	남자	10대	33	97						
2019-06-02	세종대왕과초정약수축제	남자	10대이하	13	51						
2019-06-02	세종대왕과초정약수축제	남자	20대	70	126						
2019-06-02	세종대왕과초정약수축제	남자	30대	98	190						
2019-06-02	세종대왕과초정약수축제	남자	40대	141	358						
2019-06-02	세종대왕과초정약수축제	남자	50대	175	496						
2019-06-02	세종대왕과초정약수축제	남자	60대	125	399						
2019-06-02	세종대왕과초정약수축제	남자	70대이상	93	133						
2019-06-02	세종대왕과초정약수축제	여자	10대	63	51						
2019-06-02	세종대왕과초정약수축제	여자	10대이하	13	66						
2019-06-02	세종대왕과초정약수축제	여자	20대	32	186						
2019-06-02	세종대왕과초정약수축제	여자	30대	137	334						
2019-06-02	세종대왕과초정약수축제	여자	40대	245	375						
2019-06-02	세종대왕과초정약수축제	여자	50대	181	461						
2019-06-02	세종대왕과초정약수축제	여자	60대	110	272						
2019-06-02	세종대왕과초정약수축제	여자	70대이상	69	109						
2019-06-02	세종대왕과초정약수축제							새벽	11	60	0
2019-06-02	세종대왕과초정약수축제							야간	10	10	0
2019-06-02	세종대왕과초정약수축제							오전	128	453	0
2019-06-02	세종대왕과초정약수축제							오후	781	1536	0
2019-06-02	세종대왕과초정약수축제							저녁	176	252	0
2019-06-02	세종대왕과초정약수축제							점심	492	1393	0
2019-06-03	세종대왕과초정약수축제	남자	10대	5	0						
2019-06-03	세종대왕과초정약수축제	남자	20대	8	38						
2019-06-03	세종대왕과초정약수축제	남자	30대	30	18						
2019-06-03	세종대왕과초정약수축제	남자	40대	38	28						
2019-06-03	세종대왕과초정약수축제	남자	50대	37	56						
2019-06-03	세종대왕과초정약수축제	남자	60대	16	59						
2019-06-03	세종대왕과초정약수축제	남자	70대이상	3	26						
2019-06-03	세종대왕과초정약수축제	여자	10대	13	0						
2019-06-03	세종대왕과초정약수축제	여자	20대	0	2						
2019-06-03	세종대왕과초정약수축제	여자	30대	7	18						
2019-06-03	세종대왕과초정약수축제	여자	40대	24	10						
2019-06-03	세종대왕과초정약수축제	여자	50대	42	39						
2019-06-03	세종대왕과초정약수축제	여자	60대	8	26						
2019-06-03	세종대왕과초정약수축제	여자	70대이상	0	8						
2019-06-03	세종대왕과초정약수축제							새벽	9	0	0
2019-06-03	세종대왕과초정약수축제							야간	9	2	0
2019-06-03	세종대왕과초정약수축제							오전	58	91	0
2019-06-03	세종대왕과초정약수축제							오후	70	137	0
2019-06-03	세종대왕과초정약수축제							저녁	25	20	0
2019-06-03	세종대왕과초정약수축제							점심	60	78	0
2019-06-04	세종대왕과초정약수축제	남자	10대	9	2						
2019-06-04	세종대왕과초정약수축제	남자	20대	9	6						
2019-06-04	세종대왕과초정약수축제	남자	30대	40	26						
2019-06-04	세종대왕과초정약수축제	남자	40대	13	63						
2019-06-04	세종대왕과초정약수축제	남자	50대	47	97						
2019-06-04	세종대왕과초정약수축제	남자	60대	11	36						
2019-06-04	세종대왕과초정약수축제	남자	70대이상	12	18						
2019-06-04	세종대왕과초정약수축제	여자	10대	10	0						
2019-06-04	세종대왕과초정약수축제	여자	20대	3	6						
2019-06-04	세종대왕과초정약수축제	여자	30대	6	18						
2019-06-04	세종대왕과초정약수축제	여자	40대	33	16						
2019-06-04	세종대왕과초정약수축제	여자	50대	32	56						
2019-06-04	세종대왕과초정약수축제	여자	60대	11	14						
2019-06-04	세종대왕과초정약수축제	여자	70대이상	19	6						
2019-06-04	세종대왕과초정약수축제							새벽	13	0	0
2019-06-04	세종대왕과초정약수축제							야간	9	0	0
2019-06-04	세종대왕과초정약수축제							오전	56	74	0
2019-06-04	세종대왕과초정약수축제							오후	74	112	0
2019-06-04	세종대왕과초정약수축제							저녁	47	59	0
2019-06-04	세종대왕과초정약수축제							점심	56	119	0
2019-06-05	세종대왕과초정약수축제	남자	10대	10	0						
2019-06-05	세종대왕과초정약수축제	남자	20대	35	68						
2019-06-05	세종대왕과초정약수축제	남자	30대	29	5						
2019-06-05	세종대왕과초정약수축제	남자	40대	37	62						
2019-06-05	세종대왕과초정약수축제	남자	50대	66	76						
2019-06-05	세종대왕과초정약수축제	남자	60대	8	49						
2019-06-05	세종대왕과초정약수축제	남자	70대이상	1	18						
2019-06-05	세종대왕과초정약수축제	여자	10대	10	0						
2019-06-05	세종대왕과초정약수축제	여자	20대	0	3						
2019-06-05	세종대왕과초정약수축제	여자	30대	8	8						
2019-06-05	세종대왕과초정약수축제	여자	40대	26	9						
2019-06-05	세종대왕과초정약수축제	여자	50대	18	23						
2019-06-05	세종대왕과초정약수축제	여자	60대	6	28						
2019-06-05	세종대왕과초정약수축제	여자	70대이상	4	2						
2019-06-05	세종대왕과초정약수축제							새벽	20	5	0
2019-06-05	세종대왕과초정약수축제							야간	12	5	0
2019-06-05	세종대왕과초정약수축제							오전	68	84	0
2019-06-05	세종대왕과초정약수축제							오후	76	126	0
2019-06-05	세종대왕과초정약수축제							저녁	18	24	0
2019-06-05	세종대왕과초정약수축제							점심	64	107	0
2019-06-06	세종대왕과초정약수축제	남자	10대	0	32						
2019-06-06	세종대왕과초정약수축제	남자	10대이하	0	8						
2019-06-06	세종대왕과초정약수축제	남자	20대	14	37						
2019-06-06	세종대왕과초정약수축제	남자	30대	23	64						
2019-06-06	세종대왕과초정약수축제	남자	40대	61	143						
2019-06-06	세종대왕과초정약수축제	남자	50대	78	146						
2019-06-06	세종대왕과초정약수축제	남자	60대	30	115						
2019-06-06	세종대왕과초정약수축제	남자	70대이상	18	43						
2019-06-06	세종대왕과초정약수축제	여자	10대	10	8						
2019-06-06	세종대왕과초정약수축제	여자	10대이하	0	8						
2019-06-06	세종대왕과초정약수축제	여자	20대	3	29						
2019-06-06	세종대왕과초정약수축제	여자	30대	6	53						
2019-06-06	세종대왕과초정약수축제	여자	40대	37	67						
2019-06-06	세종대왕과초정약수축제	여자	50대	27	164						
2019-06-06	세종대왕과초정약수축제	여자	60대	7	70						
2019-06-06	세종대왕과초정약수축제	여자	70대이상	0	12						
2019-06-06	세종대왕과초정약수축제							새벽	23	18	0
2019-06-06	세종대왕과초정약수축제							야간	5	18	0
2019-06-06	세종대왕과초정약수축제							오전	60	206	0
2019-06-06	세종대왕과초정약수축제							오후	106	391	0
2019-06-06	세종대왕과초정약수축제							저녁	30	107	0
2019-06-06	세종대왕과초정약수축제							점심	90	259	0
2019-06-07	세종대왕과초정약수축제	남자	10대	6	0						
2019-06-07	세종대왕과초정약수축제	남자	10대이하	0	8						
2019-06-07	세종대왕과초정약수축제	남자	20대	24	51						
2019-06-07	세종대왕과초정약수축제	남자	30대	25	53						
2019-06-07	세종대왕과초정약수축제	남자	40대	15	48						
2019-06-07	세종대왕과초정약수축제	남자	50대	54	124						
2019-06-07	세종대왕과초정약수축제	남자	60대	6	70						
2019-06-07	세종대왕과초정약수축제	남자	70대이상	10	8						
2019-06-07	세종대왕과초정약수축제	여자	10대	11	11						
2019-06-07	세종대왕과초정약수축제	여자	20대	0	4						
2019-06-07	세종대왕과초정약수축제	여자	30대	2	24						
2019-06-07	세종대왕과초정약수축제	여자	40대	29	69						
2019-06-07	세종대왕과초정약수축제	여자	50대	30	69						
2019-06-07	세종대왕과초정약수축제	여자	60대	2	30						
2019-06-07	세종대왕과초정약수축제	여자	70대이상	2	24						
2019-06-07	세종대왕과초정약수축제							새벽	8	15	0
2019-06-07	세종대왕과초정약수축제							야간	5	4	0
2019-06-07	세종대왕과초정약수축제							오전	45	120	0
2019-06-07	세종대왕과초정약수축제							오후	77	198	0
2019-06-07	세종대왕과초정약수축제							저녁	18	42	0
2019-06-07	세종대왕과초정약수축제							점심	63	214	0
2019-06-08	세종대왕과초정약수축제	남자	10대	2	0						
2019-06-08	세종대왕과초정약수축제	남자	20대	31	34						
2019-06-08	세종대왕과초정약수축제	남자	30대	15	47						
2019-06-08	세종대왕과초정약수축제	남자	40대	28	70						
2019-06-08	세종대왕과초정약수축제	남자	50대	55	120						
2019-06-08	세종대왕과초정약수축제	남자	60대	31	95						
2019-06-08	세종대왕과초정약수축제	남자	70대이상	2	23						
2019-06-08	세종대왕과초정약수축제	여자	10대	20	6						
2019-06-08	세종대왕과초정약수축제	여자	20대	15	20						
2019-06-08	세종대왕과초정약수축제	여자	30대	0	45						
2019-06-08	세종대왕과초정약수축제	여자	40대	27	43						
2019-06-08	세종대왕과초정약수축제	여자	50대	43	93						
2019-06-08	세종대왕과초정약수축제	여자	60대	15	49						
2019-06-08	세종대왕과초정약수축제	여자	70대이상	22	24						
2019-06-08	세종대왕과초정약수축제							새벽	15	19	0
2019-06-08	세종대왕과초정약수축제							야간	8	35	0
2019-06-08	세종대왕과초정약수축제							오전	48	100	0
2019-06-08	세종대왕과초정약수축제							오후	89	259	0
2019-06-08	세종대왕과초정약수축제							저녁	56	145	0
2019-06-08	세종대왕과초정약수축제							점심	90	111	0
2019-06-09	세종대왕과초정약수축제	남자	10대	5	16						
2019-06-09	세종대왕과초정약수축제	남자	20대	27	31						
2019-06-09	세종대왕과초정약수축제	남자	30대	31	77						
2019-06-09	세종대왕과초정약수축제	남자	40대	26	68						
2019-06-09	세종대왕과초정약수축제	남자	50대	46	207						
2019-06-09	세종대왕과초정약수축제	남자	60대	25	121						
2019-06-09	세종대왕과초정약수축제	남자	70대이상	18	34						
2019-06-09	세종대왕과초정약수축제	여자	10대	39	6						
2019-06-09	세종대왕과초정약수축제	여자	20대	15	42						
2019-06-09	세종대왕과초정약수축제	여자	30대	14	38						
2019-06-09	세종대왕과초정약수축제	여자	40대	31	63						
2019-06-09	세종대왕과초정약수축제	여자	50대	69	172						
2019-06-09	세종대왕과초정약수축제	여자	60대	21	80						
2019-06-09	세종대왕과초정약수축제	여자	70대이상	3	53						
2019-06-09	세종대왕과초정약수축제							새벽	10	14	0
2019-06-09	세종대왕과초정약수축제							야간	9	20	0
2019-06-09	세종대왕과초정약수축제							오전	69	187	0
2019-06-09	세종대왕과초정약수축제							오후	143	321	0
2019-06-09	세종대왕과초정약수축제							저녁	40	82	0
2019-06-09	세종대왕과초정약수축제							점심	99	384	0
2019-06-10	세종대왕과초정약수축제	남자	10대	7	0						
2019-06-10	세종대왕과초정약수축제	남자	20대	1	17						
2019-06-10	세종대왕과초정약수축제	남자	30대	28	43						
2019-06-10	세종대왕과초정약수축제	남자	40대	21	6						
2019-06-10	세종대왕과초정약수축제	남자	50대	46	59						
2019-06-10	세종대왕과초정약수축제	남자	60대	13	47						
2019-06-10	세종대왕과초정약수축제	남자	70대이상	18	9						
2019-06-10	세종대왕과초정약수축제	여자	10대	11	0						
2019-06-10	세종대왕과초정약수축제	여자	20대	0	26						
2019-06-10	세종대왕과초정약수축제	여자	30대	1	21						
2019-06-10	세종대왕과초정약수축제	여자	40대	33	18						
2019-06-10	세종대왕과초정약수축제	여자	50대	59	18						
2019-06-10	세종대왕과초정약수축제	여자	60대	2	21						
2019-06-10	세종대왕과초정약수축제	여자	70대이상	4	20						
2019-06-10	세종대왕과초정약수축제							새벽	12	21	0
2019-06-10	세종대왕과초정약수축제							야간	8	2	0
2019-06-10	세종대왕과초정약수축제							오전	52	63	0
2019-06-10	세종대왕과초정약수축제							오후	88	130	0
2019-06-10	세종대왕과초정약수축제							저녁	33	26	0
2019-06-10	세종대왕과초정약수축제							점심	51	63	0
2019-06-11	세종대왕과초정약수축제	남자	10대	2	0						
2019-06-11	세종대왕과초정약수축제	남자	20대	3	34						
2019-06-11	세종대왕과초정약수축제	남자	30대	28	18						
2019-06-11	세종대왕과초정약수축제	남자	40대	30	48						
2019-06-11	세종대왕과초정약수축제	남자	50대	56	70						
2019-06-11	세종대왕과초정약수축제	남자	60대	14	58						
2019-06-11	세종대왕과초정약수축제	남자	70대이상	5	12						
2019-06-11	세종대왕과초정약수축제	여자	10대	4	0						
2019-06-11	세종대왕과초정약수축제	여자	20대	0	4						
2019-06-11	세종대왕과초정약수축제	여자	30대	4	4						
2019-06-11	세종대왕과초정약수축제	여자	40대	29	12						
2019-06-11	세종대왕과초정약수축제	여자	50대	29	66						
2019-06-11	세종대왕과초정약수축제	여자	60대	10	50						
2019-06-11	세종대왕과초정약수축제	여자	70대이상	3	4						
2019-06-11	세종대왕과초정약수축제							새벽	11	0	0
2019-06-11	세종대왕과초정약수축제							야간	3	0	0
2019-06-11	세종대왕과초정약수축제							오전	60	102	0
2019-06-11	세종대왕과초정약수축제							오후	74	126	0
2019-06-11	세종대왕과초정약수축제							저녁	19	22	0
2019-06-11	세종대왕과초정약수축제							점심	50	130	0
2019-06-12	세종대왕과초정약수축제	남자	10대	3	0						
2019-06-12	세종대왕과초정약수축제	남자	20대	5	28						
2019-06-12	세종대왕과초정약수축제	남자	30대	27	17						
2019-06-12	세종대왕과초정약수축제	남자	40대	18	15						
2019-06-12	세종대왕과초정약수축제	남자	50대	40	60						
2019-06-12	세종대왕과초정약수축제	남자	60대	17	38						
2019-06-12	세종대왕과초정약수축제	남자	70대이상	4	13						
2019-06-12	세종대왕과초정약수축제	여자	10대	7	0						
2019-06-12	세종대왕과초정약수축제	여자	20대	0	13						
2019-06-12	세종대왕과초정약수축제	여자	30대	1	13						
2019-06-12	세종대왕과초정약수축제	여자	40대	34	13						
2019-06-12	세종대왕과초정약수축제	여자	50대	30	19						
2019-06-12	세종대왕과초정약수축제	여자	60대	13	22						
2019-06-12	세종대왕과초정약수축제	여자	70대이상	1	26						
2019-06-12	세종대왕과초정약수축제							새벽	8	0	0
2019-06-12	세종대왕과초정약수축제							야간	9	4	0
2019-06-12	세종대왕과초정약수축제							오전	58	45	0
2019-06-12	세종대왕과초정약수축제							오후	54	105	0
2019-06-12	세종대왕과초정약수축제							저녁	18	34	0
2019-06-12	세종대왕과초정약수축제							점심	53	89	0
2019-06-13	세종대왕과초정약수축제	남자	10대	2	0						
2019-06-13	세종대왕과초정약수축제	남자	20대	4	2						
2019-06-13	세종대왕과초정약수축제	남자	30대	14	20						
2019-06-13	세종대왕과초정약수축제	남자	40대	6	16						
2019-06-13	세종대왕과초정약수축제	남자	50대	49	68						
2019-06-13	세종대왕과초정약수축제	남자	60대	17	28						
2019-06-13	세종대왕과초정약수축제	남자	70대이상	0	16						
2019-06-13	세종대왕과초정약수축제	여자	10대	16	0						
2019-06-13	세종대왕과초정약수축제	여자	20대	11	2						
2019-06-13	세종대왕과초정약수축제	여자	30대	3	8						
2019-06-13	세종대왕과초정약수축제	여자	40대	32	24						
2019-06-13	세종대왕과초정약수축제	여자	50대	24	39						
2019-06-13	세종대왕과초정약수축제	여자	60대	6	51						
2019-06-13	세종대왕과초정약수축제	여자	70대이상	2	17						
2019-06-13	세종대왕과초정약수축제							새벽	16	4	0
2019-06-13	세종대왕과초정약수축제							야간	9	8	0
2019-06-13	세종대왕과초정약수축제							오전	45	37	0
2019-06-13	세종대왕과초정약수축제							오후	48	111	0
2019-06-13	세종대왕과초정약수축제							저녁	15	12	0
2019-06-13	세종대왕과초정약수축제							점심	53	119	0
2019-06-14	세종대왕과초정약수축제	남자	10대	0	6						
2019-06-14	세종대왕과초정약수축제	남자	20대	4	34						
2019-06-14	세종대왕과초정약수축제	남자	30대	20	21						
2019-06-14	세종대왕과초정약수축제	남자	40대	28	66						
2019-06-14	세종대왕과초정약수축제	남자	50대	57	55						
2019-06-14	세종대왕과초정약수축제	남자	60대	12	45						
2019-06-14	세종대왕과초정약수축제	남자	70대이상	13	17						
2019-06-14	세종대왕과초정약수축제	여자	10대	12	0						
2019-06-14	세종대왕과초정약수축제	여자	20대	3	2						
2019-06-14	세종대왕과초정약수축제	여자	30대	2	6						
2019-06-14	세종대왕과초정약수축제	여자	40대	31	8						
2019-06-14	세종대왕과초정약수축제	여자	50대	33	33						
2019-06-14	세종대왕과초정약수축제	여자	60대	10	62						
2019-06-14	세종대왕과초정약수축제	여자	70대이상	2	4						
2019-06-14	세종대왕과초정약수축제							새벽	23	7	0
2019-06-14	세종대왕과초정약수축제							야간	12	6	0
2019-06-14	세종대왕과초정약수축제							오전	47	84	0
2019-06-14	세종대왕과초정약수축제							오후	60	117	0
2019-06-14	세종대왕과초정약수축제							저녁	19	50	0
2019-06-14	세종대왕과초정약수축제							점심	66	95	0
2019-06-15	세종대왕과초정약수축제	남자	10대	0	4						
2019-06-15	세종대왕과초정약수축제	남자	20대	24	70						
2019-06-15	세종대왕과초정약수축제	남자	30대	12	57						
2019-06-15	세종대왕과초정약수축제	남자	40대	24	54						
2019-06-15	세종대왕과초정약수축제	남자	50대	60	102						
2019-06-15	세종대왕과초정약수축제	남자	60대	24	147						
2019-06-15	세종대왕과초정약수축제	남자	70대이상	25	29						
2019-06-15	세종대왕과초정약수축제	여자	10대	12	0						
2019-06-15	세종대왕과초정약수축제	여자	20대	0	13						
2019-06-15	세종대왕과초정약수축제	여자	30대	2	4						
2019-06-15	세종대왕과초정약수축제	여자	40대	15	32						
2019-06-15	세종대왕과초정약수축제	여자	50대	40	136						
2019-06-15	세종대왕과초정약수축제	여자	60대	22	81						
2019-06-15	세종대왕과초정약수축제	여자	70대이상	5	15						
2019-06-15	세종대왕과초정약수축제							새벽	27	13	0
2019-06-15	세종대왕과초정약수축제							야간	10	24	0
2019-06-15	세종대왕과초정약수축제							오전	52	148	0
2019-06-15	세종대왕과초정약수축제							오후	71	292	0
2019-06-15	세종대왕과초정약수축제							저녁	29	52	0
2019-06-15	세종대왕과초정약수축제							점심	76	215	0
2019-06-16	세종대왕과초정약수축제	남자	10대	5	8						
2019-06-16	세종대왕과초정약수축제	남자	20대	25	54						
2019-06-16	세종대왕과초정약수축제	남자	30대	15	92						
2019-06-16	세종대왕과초정약수축제	남자	40대	26	96						
2019-06-16	세종대왕과초정약수축제	남자	50대	44	222						
2019-06-16	세종대왕과초정약수축제	남자	60대	33	86						
2019-06-16	세종대왕과초정약수축제	남자	70대이상	2	32						
2019-06-16	세종대왕과초정약수축제	여자	10대	28	0						
2019-06-16	세종대왕과초정약수축제	여자	20대	3	38						
2019-06-16	세종대왕과초정약수축제	여자	30대	5	46						
2019-06-16	세종대왕과초정약수축제	여자	40대	29	59						
2019-06-16	세종대왕과초정약수축제	여자	50대	40	216						
2019-06-16	세종대왕과초정약수축제	여자	60대	20	85						
2019-06-16	세종대왕과초정약수축제	여자	70대이상	3	14						
2019-06-16	세종대왕과초정약수축제							새벽	9	34	0
2019-06-16	세종대왕과초정약수축제							야간	4	14	0
2019-06-16	세종대왕과초정약수축제							오전	57	168	0
2019-06-16	세종대왕과초정약수축제							오후	111	369	0
2019-06-16	세종대왕과초정약수축제							저녁	29	143	0
2019-06-16	세종대왕과초정약수축제							점심	68	320	0
2019-06-17	세종대왕과초정약수축제	남자	10대	4	0						
2019-06-17	세종대왕과초정약수축제	남자	20대	4	16						
2019-06-17	세종대왕과초정약수축제	남자	30대	44	20						
2019-06-17	세종대왕과초정약수축제	남자	40대	3	38						
2019-06-17	세종대왕과초정약수축제	남자	50대	45	52						
2019-06-17	세종대왕과초정약수축제	남자	60대	14	55						
2019-06-17	세종대왕과초정약수축제	남자	70대이상	5	0						
2019-06-17	세종대왕과초정약수축제	여자	10대	10	2						
2019-06-17	세종대왕과초정약수축제	여자	20대	0	10						
2019-06-17	세종대왕과초정약수축제	여자	30대	1	10						
2019-06-17	세종대왕과초정약수축제	여자	40대	19	30						
2019-06-17	세종대왕과초정약수축제	여자	50대	48	63						
2019-06-17	세종대왕과초정약수축제	여자	60대	9	30						
2019-06-17	세종대왕과초정약수축제	여자	70대이상	3	46						
2019-06-17	세종대왕과초정약수축제							새벽	5	14	0
2019-06-17	세종대왕과초정약수축제							야간	8	10	0
2019-06-17	세종대왕과초정약수축제							오전	57	74	0
2019-06-17	세종대왕과초정약수축제							오후	66	103	0
2019-06-17	세종대왕과초정약수축제							저녁	24	36	0
2019-06-17	세종대왕과초정약수축제							점심	49	135	0
2019-04-25	속리산속리축제	남자	10대	1	1						
2019-04-25	속리산속리축제	남자	20대	44	73						
2019-04-25	속리산속리축제	남자	30대	39	101						
2019-04-25	속리산속리축제	남자	40대	88	103						
2019-04-25	속리산속리축제	남자	50대	156	206						
2019-04-25	속리산속리축제	남자	60대	100	145						
2019-04-25	속리산속리축제	남자	70대이상	39	76						
2019-04-25	속리산속리축제	여자	10대	8	0						
2019-04-25	속리산속리축제	여자	20대	18	21						
2019-04-25	속리산속리축제	여자	30대	21	47						
2019-04-25	속리산속리축제	여자	40대	68	74						
2019-04-25	속리산속리축제	여자	50대	147	336						
2019-04-25	속리산속리축제	여자	60대	64	236						
2019-04-25	속리산속리축제	여자	70대이상	15	85						
2019-04-25	속리산속리축제					기타	11				
2019-04-25	속리산속리축제					말레이시아	0				
2019-04-25	속리산속리축제					미국	2				
2019-04-25	속리산속리축제							새벽	98	180	5
2019-04-25	속리산속리축제							야간	75	126	0
2019-04-25	속리산속리축제							오전	162	272	4
2019-04-25	속리산속리축제							오후	193	347	2
2019-04-25	속리산속리축제							저녁	103	124	0
2019-04-25	속리산속리축제							점심	177	455	2
2019-04-26	속리산속리축제	남자	10대	13	36						
2019-04-26	속리산속리축제	남자	10대이하	0	5						
2019-04-26	속리산속리축제	남자	20대	40	76						
2019-04-26	속리산속리축제	남자	30대	32	115						
2019-04-26	속리산속리축제	남자	40대	89	147						
2019-04-26	속리산속리축제	남자	50대	125	320						
2019-04-26	속리산속리축제	남자	60대	86	353						
2019-04-26	속리산속리축제	남자	70대이상	47	181						
2019-04-26	속리산속리축제	여자	10대	16	6						
2019-04-26	속리산속리축제	여자	10대이하	0	8						
2019-04-26	속리산속리축제	여자	20대	32	55						
2019-04-26	속리산속리축제	여자	30대	20	69						
2019-04-26	속리산속리축제	여자	40대	57	146						
2019-04-26	속리산속리축제	여자	50대	119	454						
2019-04-26	속리산속리축제	여자	60대	65	391						
2019-04-26	속리산속리축제	여자	70대이상	18	191						
2019-04-26	속리산속리축제					베트남	5				
2019-04-26	속리산속리축제							새벽	126	236	0
2019-04-26	속리산속리축제							야간	79	452	0
2019-04-26	속리산속리축제							오전	150	254	2
2019-04-26	속리산속리축제							오후	144	664	2
2019-04-26	속리산속리축제							저녁	104	433	0
2019-04-26	속리산속리축제							점심	156	514	1
2019-04-27	속리산속리축제	남자	10대	38	198						
2019-04-27	속리산속리축제	남자	10대이하	2	34						
2019-04-27	속리산속리축제	남자	20대	42	255						
2019-04-27	속리산속리축제	남자	30대	51	447						
2019-04-27	속리산속리축제	남자	40대	126	814						
2019-04-27	속리산속리축제	남자	50대	176	1280						
2019-04-27	속리산속리축제	남자	60대	134	745						
2019-04-27	속리산속리축제	남자	70대이상	37	277						
2019-04-27	속리산속리축제	여자	10대	29	61						
2019-04-27	속리산속리축제	여자	10대이하	1	41						
2019-04-27	속리산속리축제	여자	20대	47	205						
2019-04-27	속리산속리축제	여자	30대	37	411						
2019-04-27	속리산속리축제	여자	40대	61	648						
2019-04-27	속리산속리축제	여자	50대	200	1305						
2019-04-27	속리산속리축제	여자	60대	110	637						
2019-04-27	속리산속리축제	여자	70대이상	31	235						
2019-04-27	속리산속리축제					기타	2				
2019-04-27	속리산속리축제					미국	3				
2019-04-27	속리산속리축제					베트남	8				
2019-04-27	속리산속리축제					프랑스	3				
2019-04-27	속리산속리축제							새벽	130	916	0
2019-04-27	속리산속리축제							야간	110	1055	2
2019-04-27	속리산속리축제							오전	223	898	2
2019-04-27	속리산속리축제							오후	285	2137	6
2019-04-27	속리산속리축제							저녁	148	1175	2
2019-04-27	속리산속리축제							점심	226	1412	4
2019-04-28	속리산속리축제	남자	10대	28	139						
2019-04-28	속리산속리축제	남자	10대이하	1	39						
2019-04-28	속리산속리축제	남자	20대	49	287						
2019-04-28	속리산속리축제	남자	30대	46	436						
2019-04-28	속리산속리축제	남자	40대	138	745						
2019-04-28	속리산속리축제	남자	50대	148	1226						
2019-04-28	속리산속리축제	남자	60대	107	661						
2019-04-28	속리산속리축제	남자	70대이상	52	121						
2019-04-28	속리산속리축제	여자	10대	21	53						
2019-04-28	속리산속리축제	여자	10대이하	0	37						
2019-04-28	속리산속리축제	여자	20대	25	293						
2019-04-28	속리산속리축제	여자	30대	25	393						
2019-04-28	속리산속리축제	여자	40대	65	515						
2019-04-28	속리산속리축제	여자	50대	157	1244						
2019-04-28	속리산속리축제	여자	60대	91	584						
2019-04-28	속리산속리축제	여자	70대이상	30	182						
2019-04-28	속리산속리축제					러시아	0				
2019-04-28	속리산속리축제					미국	2				
2019-04-28	속리산속리축제					프랑스	4				
2019-04-28	속리산속리축제					홍콩	6				
2019-04-28	속리산속리축제							새벽	160	2049	3
2019-04-28	속리산속리축제							야간	62	111	0
2019-04-28	속리산속리축제							오전	222	1692	4
2019-04-28	속리산속리축제							오후	222	1360	3
2019-04-28	속리산속리축제							저녁	128	170	0
2019-04-28	속리산속리축제							점심	189	1573	2
2019-04-29	속리산속리축제	남자	10대	3	91						
2019-04-29	속리산속리축제	남자	20대	43	35						
2019-04-29	속리산속리축제	남자	30대	15	75						
2019-04-29	속리산속리축제	남자	40대	92	86						
2019-04-29	속리산속리축제	남자	50대	97	129						
2019-04-29	속리산속리축제	남자	60대	94	84						
2019-04-29	속리산속리축제	남자	70대이상	40	23						
2019-04-29	속리산속리축제	여자	10대	19	76						
2019-04-29	속리산속리축제	여자	10대이하	0	3						
2019-04-29	속리산속리축제	여자	20대	2	220						
2019-04-29	속리산속리축제	여자	30대	14	111						
2019-04-29	속리산속리축제	여자	40대	56	76						
2019-04-29	속리산속리축제	여자	50대	110	149						
2019-04-29	속리산속리축제	여자	60대	82	205						
2019-04-29	속리산속리축제	여자	70대이상	26	92						
2019-04-29	속리산속리축제					일본	5				
2019-04-29	속리산속리축제					중국	1				
2019-04-29	속리산속리축제					태국	10				
2019-04-29	속리산속리축제							새벽	132	216	0
2019-04-29	속리산속리축제							야간	68	142	0
2019-04-29	속리산속리축제							오전	143	262	0
2019-04-29	속리산속리축제							오후	139	289	6
2019-04-29	속리산속리축제							저녁	85	138	0
2019-04-29	속리산속리축제							점심	126	408	10
2019-04-30	속리산속리축제	남자	10대	1	29						
2019-04-30	속리산속리축제	남자	20대	42	48						
2019-04-30	속리산속리축제	남자	30대	21	126						
2019-04-30	속리산속리축제	남자	40대	120	168						
2019-04-30	속리산속리축제	남자	50대	163	241						
2019-04-30	속리산속리축제	남자	60대	115	154						
2019-04-30	속리산속리축제	남자	70대이상	75	56						
2019-04-30	속리산속리축제	여자	10대	20	88						
2019-04-30	속리산속리축제	여자	20대	5	186						
2019-04-30	속리산속리축제	여자	30대	26	108						
2019-04-30	속리산속리축제	여자	40대	95	115						
2019-04-30	속리산속리축제	여자	50대	162	248						
2019-04-30	속리산속리축제	여자	60대	121	205						
2019-04-30	속리산속리축제	여자	70대이상	38	74						
2019-04-30	속리산속리축제					기타	4				
2019-04-30	속리산속리축제							새벽	113	309	0
2019-04-30	속리산속리축제							야간	90	167	0
2019-04-30	속리산속리축제							오전	224	325	0
2019-04-30	속리산속리축제							오후	205	425	4
2019-04-30	속리산속리축제							저녁	106	155	0
2019-04-30	속리산속리축제							점심	266	465	0
2019-05-01	속리산속리축제	남자	10대	4	176						
2019-05-01	속리산속리축제	남자	10대이하	0	22						
2019-05-01	속리산속리축제	남자	20대	40	139						
2019-05-01	속리산속리축제	남자	30대	61	286						
2019-05-01	속리산속리축제	남자	40대	132	528						
2019-05-01	속리산속리축제	남자	50대	178	692						
2019-05-01	속리산속리축제	남자	60대	103	333						
2019-05-01	속리산속리축제	남자	70대이상	58	46						
2019-05-01	속리산속리축제	여자	10대	9	299						
2019-05-01	속리산속리축제	여자	10대이하	11	5						
2019-05-01	속리산속리축제	여자	20대	26	259						
2019-05-01	속리산속리축제	여자	30대	49	244						
2019-05-01	속리산속리축제	여자	40대	136	465						
2019-05-01	속리산속리축제	여자	50대	169	682						
2019-05-01	속리산속리축제	여자	60대	90	229						
2019-05-01	속리산속리축제	여자	70대이상	28	84						
2019-05-01	속리산속리축제					러시아	3				
2019-05-01	속리산속리축제					미국	1				
2019-05-01	속리산속리축제							새벽	126	275	3
2019-05-01	속리산속리축제							야간	59	210	0
2019-05-01	속리산속리축제							오전	211	572	0
2019-05-01	속리산속리축제							오후	305	1587	0
2019-05-01	속리산속리축제							저녁	122	290	1
2019-05-01	속리산속리축제							점심	271	1555	0
2019-05-02	속리산속리축제	남자	10대	3	95						
2019-05-02	속리산속리축제	남자	10대이하	0	6						
2019-05-02	속리산속리축제	남자	20대	32	57						
2019-05-02	속리산속리축제	남자	30대	31	118						
2019-05-02	속리산속리축제	남자	40대	149	225						
2019-05-02	속리산속리축제	남자	50대	192	202						
2019-05-02	속리산속리축제	남자	60대	105	148						
2019-05-02	속리산속리축제	남자	70대이상	47	63						
2019-05-02	속리산속리축제	여자	10대	18	203						
2019-05-02	속리산속리축제	여자	10대이하	0	6						
2019-05-02	속리산속리축제	여자	20대	23	111						
2019-05-02	속리산속리축제	여자	30대	26	134						
2019-05-02	속리산속리축제	여자	40대	81	182						
2019-05-02	속리산속리축제	여자	50대	74	243						
2019-05-02	속리산속리축제	여자	60대	76	138						
2019-05-02	속리산속리축제	여자	70대이상	29	96						
2019-05-02	속리산속리축제							새벽	83	256	0
2019-05-02	속리산속리축제							야간	64	208	0
2019-05-02	속리산속리축제							오전	179	275	0
2019-05-02	속리산속리축제							오후	254	548	0
2019-05-02	속리산속리축제							저녁	122	250	0
2019-05-02	속리산속리축제							점심	184	490	0
2019-05-03	속리산속리축제	남자	10대	9	135						
2019-05-03	속리산속리축제	남자	10대이하	0	33						
2019-05-03	속리산속리축제	남자	20대	26	235						
2019-05-03	속리산속리축제	남자	30대	44	135						
2019-05-03	속리산속리축제	남자	40대	149	311						
2019-05-03	속리산속리축제	남자	50대	182	363						
2019-05-03	속리산속리축제	남자	60대	120	339						
2019-05-03	속리산속리축제	남자	70대이상	40	98						
2019-05-03	속리산속리축제	여자	10대	12	182						
2019-05-03	속리산속리축제	여자	20대	22	151						
2019-05-03	속리산속리축제	여자	30대	44	139						
2019-05-03	속리산속리축제	여자	40대	105	252						
2019-05-03	속리산속리축제	여자	50대	132	544						
2019-05-03	속리산속리축제	여자	60대	139	336						
2019-05-03	속리산속리축제	여자	70대이상	27	85						
2019-05-03	속리산속리축제					미국	1				
2019-05-03	속리산속리축제					프랑스	3				
2019-05-03	속리산속리축제							새벽	112	522	0
2019-05-03	속리산속리축제							야간	84	503	1
2019-05-03	속리산속리축제							오전	209	592	1
2019-05-03	속리산속리축제							오후	272	691	0
2019-05-03	속리산속리축제							저녁	150	461	2
2019-05-03	속리산속리축제							점심	224	569	0
2019-05-04	속리산속리축제	남자	10대	69	510						
2019-05-04	속리산속리축제	남자	10대이하	4	192						
2019-05-04	속리산속리축제	남자	20대	34	592						
2019-05-04	속리산속리축제	남자	30대	48	486						
2019-05-04	속리산속리축제	남자	40대	137	989						
2019-05-04	속리산속리축제	남자	50대	237	858						
2019-05-04	속리산속리축제	남자	60대	114	421						
2019-05-04	속리산속리축제	남자	70대이상	56	128						
2019-05-04	속리산속리축제	여자	10대	26	242						
2019-05-04	속리산속리축제	여자	10대이하	2	37						
2019-05-04	속리산속리축제	여자	20대	20	305						
2019-05-04	속리산속리축제	여자	30대	62	549						
2019-05-04	속리산속리축제	여자	40대	107	900						
2019-05-04	속리산속리축제	여자	50대	153	878						
2019-05-04	속리산속리축제	여자	60대	121	413						
2019-05-04	속리산속리축제	여자	70대이상	33	136						
2019-05-04	속리산속리축제							새벽	120	855	0
2019-05-04	속리산속리축제							야간	99	1157	0
2019-05-04	속리산속리축제							오전	213	907	0
2019-05-04	속리산속리축제							오후	348	2176	0
2019-05-04	속리산속리축제							저녁	194	1260	0
2019-05-04	속리산속리축제							점심	249	1281	0
2019-05-05	속리산속리축제	남자	10대	109	808						
2019-05-05	속리산속리축제	남자	10대이하	0	216						
2019-05-05	속리산속리축제	남자	20대	55	493						
2019-05-05	속리산속리축제	남자	30대	67	850						
2019-05-05	속리산속리축제	남자	40대	180	1652						
2019-05-05	속리산속리축제	남자	50대	230	1265						
2019-05-05	속리산속리축제	남자	60대	120	578						
2019-05-05	속리산속리축제	남자	70대이상	58	177						
2019-05-05	속리산속리축제	여자	10대	24	342						
2019-05-05	속리산속리축제	여자	10대이하	2	79						
2019-05-05	속리산속리축제	여자	20대	27	478						
2019-05-05	속리산속리축제	여자	30대	85	1015						
2019-05-05	속리산속리축제	여자	40대	131	1494						
2019-05-05	속리산속리축제	여자	50대	188	1228						
2019-05-05	속리산속리축제	여자	60대	176	590						
2019-05-05	속리산속리축제	여자	70대이상	37	225						
2019-05-05	속리산속리축제					GCC	3				
2019-05-05	속리산속리축제					미국	0				
2019-05-05	속리산속리축제							새벽	168	2383	0
2019-05-05	속리산속리축제							야간	89	755	0
2019-05-05	속리산속리축제							오전	282	2262	0
2019-05-05	속리산속리축제							오후	446	2610	2
2019-05-05	속리산속리축제							저녁	189	904	0
2019-05-05	속리산속리축제							점심	315	2576	1
2019-05-06	속리산속리축제	남자	10대	33	454						
2019-05-06	속리산속리축제	남자	10대이하	0	103						
2019-05-06	속리산속리축제	남자	20대	41	200						
2019-05-06	속리산속리축제	남자	30대	55	579						
2019-05-06	속리산속리축제	남자	40대	133	905						
2019-05-06	속리산속리축제	남자	50대	182	574						
2019-05-06	속리산속리축제	남자	60대	108	439						
2019-05-06	속리산속리축제	남자	70대이상	40	143						
2019-05-06	속리산속리축제	여자	10대	33	178						
2019-05-06	속리산속리축제	여자	10대이하	0	35						
2019-05-06	속리산속리축제	여자	20대	7	224						
2019-05-06	속리산속리축제	여자	30대	86	541						
2019-05-06	속리산속리축제	여자	40대	85	803						
2019-05-06	속리산속리축제	여자	50대	115	719						
2019-05-06	속리산속리축제	여자	60대	104	411						
2019-05-06	속리산속리축제	여자	70대이상	23	105						
2019-05-06	속리산속리축제					말레이시아	4				
2019-05-06	속리산속리축제					일본	2				
2019-05-06	속리산속리축제					태국	2				
2019-05-06	속리산속리축제					프랑스	5				
2019-05-06	속리산속리축제							새벽	138	1781	0
2019-05-06	속리산속리축제							야간	72	85	0
2019-05-06	속리산속리축제							오전	223	1486	1
2019-05-06	속리산속리축제							오후	288	1376	9
2019-05-06	속리산속리축제							저녁	110	159	1
2019-05-06	속리산속리축제							점심	214	1526	2
2019-05-07	속리산속리축제	남자	10대	2	212						
2019-05-07	속리산속리축제	남자	20대	49	34						
2019-05-07	속리산속리축제	남자	30대	63	94						
2019-05-07	속리산속리축제	남자	40대	137	77						
2019-05-07	속리산속리축제	남자	50대	243	128						
2019-05-07	속리산속리축제	남자	60대	121	126						
2019-05-07	속리산속리축제	남자	70대이상	32	50						
2019-05-07	속리산속리축제	여자	10대	14	78						
2019-05-07	속리산속리축제	여자	20대	14	28						
2019-05-07	속리산속리축제	여자	30대	31	40						
2019-05-07	속리산속리축제	여자	40대	81	143						
2019-05-07	속리산속리축제	여자	50대	113	299						
2019-05-07	속리산속리축제	여자	60대	92	202						
2019-05-07	속리산속리축제	여자	70대이상	17	81						
2019-05-07	속리산속리축제					GCC	0				
2019-05-07	속리산속리축제					호주	4				
2019-05-07	속리산속리축제							새벽	137	129	0
2019-05-07	속리산속리축제							야간	74	236	1
2019-05-07	속리산속리축제							오전	219	147	0
2019-05-07	속리산속리축제							오후	255	437	1
2019-05-07	속리산속리축제							저녁	142	279	1
2019-05-07	속리산속리축제							점심	182	364	1
2019-05-08	속리산속리축제	남자	10대	0	73						
2019-05-08	속리산속리축제	남자	20대	1	10						
2019-05-08	속리산속리축제	남자	30대	16	45						
2019-05-08	속리산속리축제	남자	40대	46	20						
2019-05-08	속리산속리축제	남자	50대	48	42						
2019-05-08	속리산속리축제	남자	60대	15	32						
2019-05-08	속리산속리축제	남자	70대이상	21	14						
2019-05-08	속리산속리축제	여자	10대	8	42						
2019-05-08	속리산속리축제	여자	20대	5	14						
2019-05-08	속리산속리축제	여자	30대	1	14						
2019-05-08	속리산속리축제	여자	40대	20	39						
2019-05-08	속리산속리축제	여자	50대	50	98						
2019-05-08	속리산속리축제	여자	60대	16	127						
2019-05-08	속리산속리축제	여자	70대이상	11	30						
2019-05-08	속리산속리축제							새벽	73	367	0
2019-05-08	속리산속리축제							야간	13	22	0
2019-05-08	속리산속리축제							오전	64	30	0
2019-05-08	속리산속리축제							오후	49	73	0
2019-05-08	속리산속리축제							저녁	18	20	0
2019-05-08	속리산속리축제							점심	41	88	0
2019-05-09	속리산속리축제	남자	10대	102	120						
2019-05-09	속리산속리축제	남자	10대이하	2	0						
2019-05-09	속리산속리축제	남자	20대	34	79						
2019-05-09	속리산속리축제	남자	30대	40	94						
2019-05-09	속리산속리축제	남자	40대	151	176						
2019-05-09	속리산속리축제	남자	50대	194	284						
2019-05-09	속리산속리축제	남자	60대	82	258						
2019-05-09	속리산속리축제	남자	70대이상	39	49						
2019-05-09	속리산속리축제	여자	10대	17	13						
2019-05-09	속리산속리축제	여자	10대이하	1	0						
2019-05-09	속리산속리축제	여자	20대	23	71						
2019-05-09	속리산속리축제	여자	30대	38	48						
2019-05-09	속리산속리축제	여자	40대	129	205						
2019-05-09	속리산속리축제	여자	50대	129	249						
2019-05-09	속리산속리축제	여자	60대	86	252						
2019-05-09	속리산속리축제	여자	70대이상	16	75						
2019-05-09	속리산속리축제					말레이시아	3				
2019-05-09	속리산속리축제					중국	18				
2019-05-09	속리산속리축제							새벽	110	191	0
2019-05-09	속리산속리축제							야간	77	213	7
2019-05-09	속리산속리축제							오전	250	266	0
2019-05-09	속리산속리축제							오후	230	594	3
2019-05-09	속리산속리축제							저녁	138	256	10
2019-05-09	속리산속리축제							점심	278	453	1
2019-05-10	속리산속리축제	남자	10대	18	96						
2019-05-10	속리산속리축제	남자	20대	88	165						
2019-05-10	속리산속리축제	남자	30대	143	195						
2019-05-10	속리산속리축제	남자	40대	241	423						
2019-05-10	속리산속리축제	남자	50대	412	760						
2019-05-10	속리산속리축제	남자	60대	261	640						
2019-05-10	속리산속리축제	남자	70대이상	82	127						
2019-05-10	속리산속리축제	여자	10대	90	49						
2019-05-10	속리산속리축제	여자	10대이하	2	2						
2019-05-10	속리산속리축제	여자	20대	72	214						
2019-05-10	속리산속리축제	여자	30대	93	347						
2019-05-10	속리산속리축제	여자	40대	223	1087						
2019-05-10	속리산속리축제	여자	50대	273	1580						
2019-05-10	속리산속리축제	여자	60대	213	894						
2019-05-10	속리산속리축제	여자	70대이상	111	172						
2019-05-10	속리산속리축제					기타	1				
2019-05-10	속리산속리축제					말레이시아	3				
2019-05-10	속리산속리축제					미국	0				
2019-05-10	속리산속리축제					일본	1				
2019-05-10	속리산속리축제					중국	82				
2019-05-10	속리산속리축제							새벽	123	217	10
2019-05-10	속리산속리축제							야간	124	1201	17
2019-05-10	속리산속리축제							오전	462	346	8
2019-05-10	속리산속리축제							오후	619	2064	22
2019-05-10	속리산속리축제							저녁	383	1522	18
2019-05-10	속리산속리축제							점심	611	1401	12
2019-05-11	속리산속리축제	남자	10대	80	275						
2019-05-11	속리산속리축제	남자	10대이하	6	15						
2019-05-11	속리산속리축제	남자	20대	83	324						
2019-05-11	속리산속리축제	남자	30대	121	439						
2019-05-11	속리산속리축제	남자	40대	217	772						
2019-05-11	속리산속리축제	남자	50대	332	1295						
2019-05-11	속리산속리축제	남자	60대	156	975						
2019-05-11	속리산속리축제	남자	70대이상	76	194						
2019-05-11	속리산속리축제	여자	10대	53	205						
2019-05-11	속리산속리축제	여자	10대이하	9	22						
2019-05-11	속리산속리축제	여자	20대	47	353						
2019-05-11	속리산속리축제	여자	30대	94	622						
2019-05-11	속리산속리축제	여자	40대	230	1400						
2019-05-11	속리산속리축제	여자	50대	290	2280						
2019-05-11	속리산속리축제	여자	60대	216	1103						
2019-05-11	속리산속리축제	여자	70대이상	54	259						
2019-05-11	속리산속리축제					말레이시아	2				
2019-05-11	속리산속리축제					중국	68				
2019-05-11	속리산속리축제					캐나다	3				
2019-05-11	속리산속리축제							새벽	146	2279	33
2019-05-11	속리산속리축제							야간	127	564	1
2019-05-11	속리산속리축제							오전	365	2658	25
2019-05-11	속리산속리축제							오후	586	1745	2
2019-05-11	속리산속리축제							저녁	344	904	1
2019-05-11	속리산속리축제							점심	496	2383	11
2019-05-12	속리산속리축제	남자	10대	83	395						
2019-05-12	속리산속리축제	남자	10대이하	12	55						
2019-05-12	속리산속리축제	남자	20대	98	504						
2019-05-12	속리산속리축제	남자	30대	207	735						
2019-05-12	속리산속리축제	남자	40대	318	1273						
2019-05-12	속리산속리축제	남자	50대	467	2032						
2019-05-12	속리산속리축제	남자	60대	276	1362						
2019-05-12	속리산속리축제	남자	70대이상	135	477						
2019-05-12	속리산속리축제	여자	10대	88	321						
2019-05-12	속리산속리축제	여자	10대이하	7	71						
2019-05-12	속리산속리축제	여자	20대	54	577						
2019-05-12	속리산속리축제	여자	30대	164	1082						
2019-05-12	속리산속리축제	여자	40대	266	1255						
2019-05-12	속리산속리축제	여자	50대	462	2518						
2019-05-12	속리산속리축제	여자	60대	376	1507						
2019-05-12	속리산속리축제	여자	70대이상	152	379						
2019-05-12	속리산속리축제					중국	0				
2019-05-12	속리산속리축제					캐나다	8				
2019-05-12	속리산속리축제					프랑스	7				
2019-05-12	속리산속리축제							새벽	127	1566	3
2019-05-12	속리산속리축제							야간	91	157	3
2019-05-12	속리산속리축제							오전	638	2890	3
2019-05-12	속리산속리축제							오후	984	4496	1
2019-05-12	속리산속리축제							저녁	432	859	3
2019-05-12	속리산속리축제							점심	893	4575	2
2019-05-13	속리산속리축제	남자	10대	5	706						
2019-05-13	속리산속리축제	남자	10대이하	0	2						
2019-05-13	속리산속리축제	남자	20대	39	61						
2019-05-13	속리산속리축제	남자	30대	16	78						
2019-05-13	속리산속리축제	남자	40대	116	95						
2019-05-13	속리산속리축제	남자	50대	165	200						
2019-05-13	속리산속리축제	남자	60대	87	59						
2019-05-13	속리산속리축제	남자	70대이상	36	48						
2019-05-13	속리산속리축제	여자	10대	6	197						
2019-05-13	속리산속리축제	여자	20대	11	69						
2019-05-13	속리산속리축제	여자	30대	24	21						
2019-05-13	속리산속리축제	여자	40대	77	71						
2019-05-13	속리산속리축제	여자	50대	106	179						
2019-05-13	속리산속리축제	여자	60대	85	79						
2019-05-13	속리산속리축제	여자	70대이상	28	32						
2019-05-13	속리산속리축제					독일	1				
2019-05-13	속리산속리축제					캐나다	1				
2019-05-13	속리산속리축제					프랑스	11				
2019-05-13	속리산속리축제							새벽	137	155	8
2019-05-13	속리산속리축제							야간	55	282	0
2019-05-13	속리산속리축제							오전	172	159	3
2019-05-13	속리산속리축제							오후	176	530	1
2019-05-13	속리산속리축제							저녁	110	317	0
2019-05-13	속리산속리축제							점심	151	454	1
2019-05-14	속리산속리축제	남자	10대	0	897						
2019-05-14	속리산속리축제	남자	10대이하	4	0						
2019-05-14	속리산속리축제	남자	20대	24	60						
2019-05-14	속리산속리축제	남자	30대	22	88						
2019-05-14	속리산속리축제	남자	40대	122	124						
2019-05-14	속리산속리축제	남자	50대	166	177						
2019-05-14	속리산속리축제	남자	60대	84	85						
2019-05-14	속리산속리축제	남자	70대이상	38	60						
2019-05-14	속리산속리축제	여자	10대	15	276						
2019-05-14	속리산속리축제	여자	10대이하	4	0						
2019-05-14	속리산속리축제	여자	20대	23	66						
2019-05-14	속리산속리축제	여자	30대	23	44						
2019-05-14	속리산속리축제	여자	40대	97	164						
2019-05-14	속리산속리축제	여자	50대	109	325						
2019-05-14	속리산속리축제	여자	60대	74	194						
2019-05-14	속리산속리축제	여자	70대이상	19	72						
2019-05-14	속리산속리축제					미국	1				
2019-05-14	속리산속리축제							새벽	107	391	0
2019-05-14	속리산속리축제							야간	77	345	0
2019-05-14	속리산속리축제							오전	189	425	0
2019-05-14	속리산속리축제							오후	175	559	0
2019-05-14	속리산속리축제							저녁	124	377	1
2019-05-14	속리산속리축제							점심	152	535	0
2019-05-15	속리산속리축제	남자	10대	1	619						
2019-05-15	속리산속리축제	남자	20대	42	81						
2019-05-15	속리산속리축제	남자	30대	10	103						
2019-05-15	속리산속리축제	남자	40대	125	178						
2019-05-15	속리산속리축제	남자	50대	260	176						
2019-05-15	속리산속리축제	남자	60대	109	101						
2019-05-15	속리산속리축제	남자	70대이상	33	60						
2019-05-15	속리산속리축제	여자	10대	10	283						
2019-05-15	속리산속리축제	여자	20대	15	68						
2019-05-15	속리산속리축제	여자	30대	11	87						
2019-05-15	속리산속리축제	여자	40대	98	255						
2019-05-15	속리산속리축제	여자	50대	116	438						
2019-05-15	속리산속리축제	여자	60대	80	233						
2019-05-15	속리산속리축제	여자	70대이상	36	93						
2019-05-15	속리산속리축제					일본	14				
2019-05-15	속리산속리축제					중국	2				
2019-05-15	속리산속리축제							새벽	101	826	2
2019-05-15	속리산속리축제							야간	75	122	0
2019-05-15	속리산속리축제							오전	189	726	6
2019-05-15	속리산속리축제							오후	245	410	4
2019-05-15	속리산속리축제							저녁	140	153	0
2019-05-15	속리산속리축제							점심	196	538	4
2019-05-16	속리산속리축제	남자	10대	0	204						
2019-05-16	속리산속리축제	남자	20대	35	77						
2019-05-16	속리산속리축제	남자	30대	18	96						
2019-05-16	속리산속리축제	남자	40대	160	165						
2019-05-16	속리산속리축제	남자	50대	194	159						
2019-05-16	속리산속리축제	남자	60대	77	158						
2019-05-16	속리산속리축제	남자	70대이상	54	85						
2019-05-16	속리산속리축제	여자	10대	1	289						
2019-05-16	속리산속리축제	여자	10대이하	0	2						
2019-05-16	속리산속리축제	여자	20대	19	85						
2019-05-16	속리산속리축제	여자	30대	25	121						
2019-05-16	속리산속리축제	여자	40대	93	146						
2019-05-16	속리산속리축제	여자	50대	101	235						
2019-05-16	속리산속리축제	여자	60대	77	120						
2019-05-16	속리산속리축제	여자	70대이상	15	75						
2019-05-16	속리산속리축제							새벽	120	277	0
2019-05-16	속리산속리축제							야간	80	237	0
2019-05-16	속리산속리축제							오전	191	284	0
2019-05-16	속리산속리축제							오후	194	537	0
2019-05-16	속리산속리축제							저녁	125	297	0
2019-05-16	속리산속리축제							점심	159	385	0
2019-05-17	속리산속리축제	남자	10대	5	224						
2019-05-17	속리산속리축제	남자	10대이하	0	6						
2019-05-17	속리산속리축제	남자	20대	29	87						
2019-05-17	속리산속리축제	남자	30대	35	128						
2019-05-17	속리산속리축제	남자	40대	123	271						
2019-05-17	속리산속리축제	남자	50대	205	353						
2019-05-17	속리산속리축제	남자	60대	89	229						
2019-05-17	속리산속리축제	남자	70대이상	32	116						
2019-05-17	속리산속리축제	여자	10대	8	192						
2019-05-17	속리산속리축제	여자	20대	5	123						
2019-05-17	속리산속리축제	여자	30대	27	140						
2019-05-17	속리산속리축제	여자	40대	91	163						
2019-05-17	속리산속리축제	여자	50대	80	342						
2019-05-17	속리산속리축제	여자	60대	95	382						
2019-05-17	속리산속리축제	여자	70대이상	29	118						
2019-05-17	속리산속리축제							새벽	121	481	0
2019-05-17	속리산속리축제							야간	85	295	0
2019-05-17	속리산속리축제							오전	173	495	0
2019-05-17	속리산속리축제							오후	192	622	0
2019-05-17	속리산속리축제							저녁	123	309	0
2019-05-17	속리산속리축제							점심	159	672	0
2019-05-18	속리산속리축제	남자	10대	34	243						
2019-05-18	속리산속리축제	남자	10대이하	0	58						
2019-05-18	속리산속리축제	남자	20대	41	207						
2019-05-18	속리산속리축제	남자	30대	19	402						
2019-05-18	속리산속리축제	남자	40대	132	613						
2019-05-18	속리산속리축제	남자	50대	175	1309						
2019-05-18	속리산속리축제	남자	60대	95	584						
2019-05-18	속리산속리축제	남자	70대이상	37	181						
2019-05-18	속리산속리축제	여자	10대	11	98						
2019-05-18	속리산속리축제	여자	10대이하	0	20						
2019-05-18	속리산속리축제	여자	20대	16	159						
2019-05-18	속리산속리축제	여자	30대	16	322						
2019-05-18	속리산속리축제	여자	40대	93	418						
2019-05-18	속리산속리축제	여자	50대	131	899						
2019-05-18	속리산속리축제	여자	60대	83	603						
2019-05-18	속리산속리축제	여자	70대이상	28	193						
2019-05-18	속리산속리축제					프랑스	2				
2019-05-18	속리산속리축제							새벽	150	590	0
2019-05-18	속리산속리축제							야간	92	1003	0
2019-05-18	속리산속리축제							오전	159	667	0
2019-05-18	속리산속리축제							오후	188	1604	2
2019-05-18	속리산속리축제							저녁	160	1060	0
2019-05-18	속리산속리축제							점심	162	1385	0
2019-05-19	속리산속리축제	남자	10대	30	227						
2019-05-19	속리산속리축제	남자	10대이하	0	63						
2019-05-19	속리산속리축제	남자	20대	37	233						
2019-05-19	속리산속리축제	남자	30대	22	484						
2019-05-19	속리산속리축제	남자	40대	136	632						
2019-05-19	속리산속리축제	남자	50대	143	1299						
2019-05-19	속리산속리축제	남자	60대	80	628						
2019-05-19	속리산속리축제	남자	70대이상	43	180						
2019-05-19	속리산속리축제	여자	10대	10	81						
2019-05-19	속리산속리축제	여자	10대이하	1	43						
2019-05-19	속리산속리축제	여자	20대	11	124						
2019-05-19	속리산속리축제	여자	30대	16	344						
2019-05-19	속리산속리축제	여자	40대	99	505						
2019-05-19	속리산속리축제	여자	50대	114	990						
2019-05-19	속리산속리축제	여자	60대	86	383						
2019-05-19	속리산속리축제	여자	70대이상	25	128						
2019-05-19	속리산속리축제					일본	1				
2019-05-19	속리산속리축제					캐나다	7				
2019-05-19	속리산속리축제							새벽	149	1893	0
2019-05-19	속리산속리축제							야간	67	67	0
2019-05-19	속리산속리축제							오전	172	1602	1
2019-05-19	속리산속리축제							오후	181	1200	4
2019-05-19	속리산속리축제							저녁	107	119	0
2019-05-19	속리산속리축제							점심	177	1463	3
2019-05-20	속리산속리축제	남자	10대	4	597						
2019-05-20	속리산속리축제	남자	20대	42	43						
2019-05-20	속리산속리축제	남자	30대	12	35						
2019-05-20	속리산속리축제	남자	40대	88	116						
2019-05-20	속리산속리축제	남자	50대	203	194						
2019-05-20	속리산속리축제	남자	60대	87	108						
2019-05-20	속리산속리축제	남자	70대이상	41	80						
2019-05-20	속리산속리축제	여자	10대	2	86						
2019-05-20	속리산속리축제	여자	10대이하	4	5						
2019-05-20	속리산속리축제	여자	20대	12	10						
2019-05-20	속리산속리축제	여자	30대	25	55						
2019-05-20	속리산속리축제	여자	40대	94	87						
2019-05-20	속리산속리축제	여자	50대	84	177						
2019-05-20	속리산속리축제	여자	60대	92	137						
2019-05-20	속리산속리축제	여자	70대이상	41	40						
2019-05-20	속리산속리축제					미국	1				
2019-05-20	속리산속리축제							새벽	112	111	0
2019-05-20	속리산속리축제							야간	67	231	0
2019-05-20	속리산속리축제							오전	171	184	0
2019-05-20	속리산속리축제							오후	206	547	0
2019-05-20	속리산속리축제							저녁	107	271	0
2019-05-20	속리산속리축제							점심	168	426	1
2019-05-21	속리산속리축제	남자	10대	0	904						
2019-05-21	속리산속리축제	남자	20대	31	105						
2019-05-21	속리산속리축제	남자	30대	26	34						
2019-05-21	속리산속리축제	남자	40대	113	117						
2019-05-21	속리산속리축제	남자	50대	194	259						
2019-05-21	속리산속리축제	남자	60대	105	99						
2019-05-21	속리산속리축제	남자	70대이상	30	59						
2019-05-21	속리산속리축제	여자	10대	5	109						
2019-05-21	속리산속리축제	여자	10대이하	0	3						
2019-05-21	속리산속리축제	여자	20대	24	44						
2019-05-21	속리산속리축제	여자	30대	24	62						
2019-05-21	속리산속리축제	여자	40대	82	109						
2019-05-21	속리산속리축제	여자	50대	90	165						
2019-05-21	속리산속리축제	여자	60대	51	73						
2019-05-21	속리산속리축제	여자	70대이상	40	32						
2019-05-21	속리산속리축제					기타	4				
2019-05-21	속리산속리축제					중국	3				
2019-05-21	속리산속리축제					태국	5				
2019-05-21	속리산속리축제							새벽	100	408	0
2019-05-21	속리산속리축제							야간	76	233	0
2019-05-21	속리산속리축제							오전	157	369	2
2019-05-21	속리산속리축제							오후	199	461	0
2019-05-21	속리산속리축제							저녁	123	300	0
2019-05-21	속리산속리축제							점심	160	403	10
2019-05-22	속리산속리축제	남자	10대	2	903						
2019-05-22	속리산속리축제	남자	10대이하	0	5						
2019-05-22	속리산속리축제	남자	20대	35	146						
2019-05-22	속리산속리축제	남자	30대	28	76						
2019-05-22	속리산속리축제	남자	40대	113	154						
2019-05-22	속리산속리축제	남자	50대	182	231						
2019-05-22	속리산속리축제	남자	60대	121	79						
2019-05-22	속리산속리축제	남자	70대이상	39	42						
2019-05-22	속리산속리축제	여자	10대	0	283						
2019-05-22	속리산속리축제	여자	20대	7	62						
2019-05-22	속리산속리축제	여자	30대	19	84						
2019-05-22	속리산속리축제	여자	40대	97	87						
2019-05-22	속리산속리축제	여자	50대	94	113						
2019-05-22	속리산속리축제	여자	60대	73	84						
2019-05-22	속리산속리축제	여자	70대이상	56	40						
2019-05-22	속리산속리축제					미국	0				
2019-05-22	속리산속리축제					태국	13				
2019-05-22	속리산속리축제					프랑스	0				
2019-05-22	속리산속리축제							새벽	118	402	0
2019-05-22	속리산속리축제							야간	64	299	2
2019-05-22	속리산속리축제							오전	174	432	3
2019-05-22	속리산속리축제							오후	217	516	3
2019-05-22	속리산속리축제							저녁	113	320	2
2019-05-22	속리산속리축제							점심	180	420	3
2019-05-23	속리산속리축제	남자	10대	0	828						
2019-05-23	속리산속리축제	남자	10대이하	0	7						
2019-05-23	속리산속리축제	남자	20대	33	122						
2019-05-23	속리산속리축제	남자	30대	41	115						
2019-05-23	속리산속리축제	남자	40대	108	159						
2019-05-23	속리산속리축제	남자	50대	173	224						
2019-05-23	속리산속리축제	남자	60대	102	66						
2019-05-23	속리산속리축제	남자	70대이상	54	28						
2019-05-23	속리산속리축제	여자	10대	7	316						
2019-05-23	속리산속리축제	여자	20대	18	47						
2019-05-23	속리산속리축제	여자	30대	27	59						
2019-05-23	속리산속리축제	여자	40대	80	70						
2019-05-23	속리산속리축제	여자	50대	81	103						
2019-05-23	속리산속리축제	여자	60대	95	99						
2019-05-23	속리산속리축제	여자	70대이상	32	31						
2019-05-23	속리산속리축제					태국	6				
2019-05-23	속리산속리축제							새벽	138	457	1
2019-05-23	속리산속리축제							야간	68	297	1
2019-05-23	속리산속리축제							오전	171	414	1
2019-05-23	속리산속리축제							오후	192	463	1
2019-05-23	속리산속리축제							저녁	131	312	1
2019-05-23	속리산속리축제							점심	151	331	1
2019-05-24	속리산속리축제	남자	10대	12	719						
2019-05-24	속리산속리축제	남자	10대이하	0	5						
2019-05-24	속리산속리축제	남자	20대	61	158						
2019-05-24	속리산속리축제	남자	30대	50	104						
2019-05-24	속리산속리축제	남자	40대	109	196						
2019-05-24	속리산속리축제	남자	50대	220	335						
2019-05-24	속리산속리축제	남자	60대	102	133						
2019-05-24	속리산속리축제	남자	70대이상	42	40						
2019-05-24	속리산속리축제	여자	10대	1	279						
2019-05-24	속리산속리축제	여자	10대이하	0	8						
2019-05-24	속리산속리축제	여자	20대	35	58						
2019-05-24	속리산속리축제	여자	30대	11	99						
2019-05-24	속리산속리축제	여자	40대	123	152						
2019-05-24	속리산속리축제	여자	50대	117	239						
2019-05-24	속리산속리축제	여자	60대	102	136						
2019-05-24	속리산속리축제	여자	70대이상	26	49						
2019-05-24	속리산속리축제					태국	13				
2019-05-24	속리산속리축제					필리핀	2				
2019-05-24	속리산속리축제					홍콩	4				
2019-05-24	속리산속리축제							새벽	99	741	5
2019-05-24	속리산속리축제							야간	92	267	0
2019-05-24	속리산속리축제							오전	197	622	5
2019-05-24	속리산속리축제							오후	262	370	0
2019-05-24	속리산속리축제							저녁	180	286	0
2019-05-24	속리산속리축제							점심	181	424	9
2019-05-25	속리산속리축제	남자	10대	42	220						
2019-05-25	속리산속리축제	남자	10대이하	8	35						
2019-05-25	속리산속리축제	남자	20대	28	353						
2019-05-25	속리산속리축제	남자	30대	49	380						
2019-05-25	속리산속리축제	남자	40대	172	785						
2019-05-25	속리산속리축제	남자	50대	208	1202						
2019-05-25	속리산속리축제	남자	60대	92	701						
2019-05-25	속리산속리축제	남자	70대이상	58	135						
2019-05-25	속리산속리축제	여자	10대	34	298						
2019-05-25	속리산속리축제	여자	10대이하	2	59						
2019-05-25	속리산속리축제	여자	20대	15	218						
2019-05-25	속리산속리축제	여자	30대	64	391						
2019-05-25	속리산속리축제	여자	40대	143	902						
2019-05-25	속리산속리축제	여자	50대	121	1292						
2019-05-25	속리산속리축제	여자	60대	115	576						
2019-05-25	속리산속리축제	여자	70대이상	19	124						
2019-05-25	속리산속리축제					미국	3				
2019-05-25	속리산속리축제							새벽	123	699	0
2019-05-25	속리산속리축제							야간	135	1205	0
2019-05-25	속리산속리축제							오전	199	845	0
2019-05-25	속리산속리축제							오후	282	2090	1
2019-05-25	속리산속리축제							저녁	195	1380	0
2019-05-25	속리산속리축제							점심	236	1452	2
2019-05-26	속리산속리축제	남자	10대	56	205						
2019-05-26	속리산속리축제	남자	10대이하	17	31						
2019-05-26	속리산속리축제	남자	20대	30	399						
2019-05-26	속리산속리축제	남자	30대	41	454						
2019-05-26	속리산속리축제	남자	40대	172	797						
2019-05-26	속리산속리축제	남자	50대	154	1535						
2019-05-26	속리산속리축제	남자	60대	93	634						
2019-05-26	속리산속리축제	남자	70대이상	46	213						
2019-05-26	속리산속리축제	여자	10대	35	281						
2019-05-26	속리산속리축제	여자	10대이하	2	49						
2019-05-26	속리산속리축제	여자	20대	14	254						
2019-05-26	속리산속리축제	여자	30대	22	452						
2019-05-26	속리산속리축제	여자	40대	121	1124						
2019-05-26	속리산속리축제	여자	50대	130	1471						
2019-05-26	속리산속리축제	여자	60대	129	627						
2019-05-26	속리산속리축제	여자	70대이상	12	162						
2019-05-26	속리산속리축제					호주	2				
2019-05-26	속리산속리축제							새벽	199	2320	0
2019-05-26	속리산속리축제							야간	64	142	0
2019-05-26	속리산속리축제							오전	214	2262	0
2019-05-26	속리산속리축제							오후	259	1664	0
2019-05-26	속리산속리축제							저녁	154	212	0
2019-05-26	속리산속리축제							점심	184	2088	2
2019-05-27	속리산속리축제	남자	10대	0	69						
2019-05-27	속리산속리축제	남자	20대	24	62						
2019-05-27	속리산속리축제	남자	30대	23	69						
2019-05-27	속리산속리축제	남자	40대	79	79						
2019-05-27	속리산속리축제	남자	50대	180	210						
2019-05-27	속리산속리축제	남자	60대	86	74						
2019-05-27	속리산속리축제	남자	70대이상	36	23						
2019-05-27	속리산속리축제	여자	10대	15	54						
2019-05-27	속리산속리축제	여자	10대이하	0	5						
2019-05-27	속리산속리축제	여자	20대	18	21						
2019-05-27	속리산속리축제	여자	30대	18	65						
2019-05-27	속리산속리축제	여자	40대	64	39						
2019-05-27	속리산속리축제	여자	50대	82	112						
2019-05-27	속리산속리축제	여자	60대	93	111						
2019-05-27	속리산속리축제	여자	70대이상	13	29						
2019-05-27	속리산속리축제							새벽	119	250	0
2019-05-27	속리산속리축제							야간	61	108	0
2019-05-27	속리산속리축제							오전	141	212	0
2019-05-27	속리산속리축제							오후	155	162	0
2019-05-27	속리산속리축제							저녁	112	129	0
2019-05-27	속리산속리축제							점심	143	161	0
2019-04-01	수안보온천제	남자	10대	34	4						
2019-04-01	수안보온천제	남자	10대이하	0	15						
2019-04-01	수안보온천제	남자	20대	50	53						
2019-04-01	수안보온천제	남자	30대	50	117						
2019-04-01	수안보온천제	남자	40대	192	56						
2019-04-01	수안보온천제	남자	50대	378	577						
2019-04-01	수안보온천제	남자	60대	184	264						
2019-04-01	수안보온천제	남자	70대이상	129	133						
2019-04-01	수안보온천제	여자	10대	12	6						
2019-04-01	수안보온천제	여자	20대	45	52						
2019-04-01	수안보온천제	여자	30대	27	73						
2019-04-01	수안보온천제	여자	40대	128	89						
2019-04-01	수안보온천제	여자	50대	303	308						
2019-04-01	수안보온천제	여자	60대	252	188						
2019-04-01	수안보온천제	여자	70대이상	73	76						
2019-04-01	수안보온천제					싱가포르	3				
2019-04-01	수안보온천제					중국	6				
2019-04-01	수안보온천제							새벽	101	258	1
2019-04-01	수안보온천제							야간	65	390	2
2019-04-01	수안보온천제							오전	475	244	1
2019-04-01	수안보온천제							오후	535	439	2
2019-04-01	수안보온천제							저녁	244	374	2
2019-04-01	수안보온천제							점심	437	306	1
2019-04-02	수안보온천제	남자	10대	27	8						
2019-04-02	수안보온천제	남자	20대	70	48						
2019-04-02	수안보온천제	남자	30대	85	112						
2019-04-02	수안보온천제	남자	40대	204	80						
2019-04-02	수안보온천제	남자	50대	419	697						
2019-04-02	수안보온천제	남자	60대	259	343						
2019-04-02	수안보온천제	남자	70대이상	104	113						
2019-04-02	수안보온천제	여자	10대	12	5						
2019-04-02	수안보온천제	여자	20대	53	56						
2019-04-02	수안보온천제	여자	30대	33	78						
2019-04-02	수안보온천제	여자	40대	175	54						
2019-04-02	수안보온천제	여자	50대	343	241						
2019-04-02	수안보온천제	여자	60대	256	152						
2019-04-02	수안보온천제	여자	70대이상	74	82						
2019-04-02	수안보온천제					싱가포르	2				
2019-04-02	수안보온천제					중국	6				
2019-04-02	수안보온천제							새벽	90	577	4
2019-04-02	수안보온천제							야간	95	288	1
2019-04-02	수안보온천제							오전	532	399	1
2019-04-02	수안보온천제							오후	559	310	1
2019-04-02	수안보온천제							저녁	290	305	1
2019-04-02	수안보온천제							점심	548	190	0
2019-04-03	수안보온천제	남자	10대	44	0						
2019-04-03	수안보온천제	남자	20대	90	47						
2019-04-03	수안보온천제	남자	30대	95	133						
2019-04-03	수안보온천제	남자	40대	255	112						
2019-04-03	수안보온천제	남자	50대	380	682						
2019-04-03	수안보온천제	남자	60대	244	348						
2019-04-03	수안보온천제	남자	70대이상	113	96						
2019-04-03	수안보온천제	여자	10대	11	2						
2019-04-03	수안보온천제	여자	20대	72	50						
2019-04-03	수안보온천제	여자	30대	41	94						
2019-04-03	수안보온천제	여자	40대	166	52						
2019-04-03	수안보온천제	여자	50대	296	221						
2019-04-03	수안보온천제	여자	60대	230	126						
2019-04-03	수안보온천제	여자	70대이상	60	57						
2019-04-03	수안보온천제					미국	1				
2019-04-03	수안보온천제					일본	1				
2019-04-03	수안보온천제					중국	10				
2019-04-03	수안보온천제							새벽	88	580	5
2019-04-03	수안보온천제							야간	108	289	2
2019-04-03	수안보온천제							오전	484	414	0
2019-04-03	수안보온천제							오후	569	221	2
2019-04-03	수안보온천제							저녁	336	316	3
2019-04-03	수안보온천제							점심	512	200	0
2019-04-04	수안보온천제	남자	10대	37	4						
2019-04-04	수안보온천제	남자	20대	147	63						
2019-04-04	수안보온천제	남자	30대	61	168						
2019-04-04	수안보온천제	남자	40대	268	162						
2019-04-04	수안보온천제	남자	50대	404	764						
2019-04-04	수안보온천제	남자	60대	197	355						
2019-04-04	수안보온천제	남자	70대이상	86	86						
2019-04-04	수안보온천제	여자	10대	12	4						
2019-04-04	수안보온천제	여자	10대이하	0	3						
2019-04-04	수안보온천제	여자	20대	61	47						
2019-04-04	수안보온천제	여자	30대	58	120						
2019-04-04	수안보온천제	여자	40대	148	165						
2019-04-04	수안보온천제	여자	50대	341	290						
2019-04-04	수안보온천제	여자	60대	229	186						
2019-04-04	수안보온천제	여자	70대이상	90	63						
2019-04-04	수안보온천제					미국	1				
2019-04-04	수안보온천제					중국	14				
2019-04-04	수안보온천제					홍콩	8				
2019-04-04	수안보온천제							새벽	124	607	4
2019-04-04	수안보온천제							야간	111	381	2
2019-04-04	수안보온천제							오전	470	444	6
2019-04-04	수안보온천제							오후	587	400	2
2019-04-04	수안보온천제							저녁	345	379	2
2019-04-04	수안보온천제							점심	502	269	7
2019-04-05	수안보온천제	남자	10대	42	14						
2019-04-05	수안보온천제	남자	10대이하	0	1						
2019-04-05	수안보온천제	남자	20대	78	88						
2019-04-05	수안보온천제	남자	30대	76	224						
2019-04-05	수안보온천제	남자	40대	264	263						
2019-04-05	수안보온천제	남자	50대	373	585						
2019-04-05	수안보온천제	남자	60대	242	355						
2019-04-05	수안보온천제	남자	70대이상	103	122						
2019-04-05	수안보온천제	여자	10대	14	11						
2019-04-05	수안보온천제	여자	10대이하	0	16						
2019-04-05	수안보온천제	여자	20대	75	57						
2019-04-05	수안보온천제	여자	30대	36	122						
2019-04-05	수안보온천제	여자	40대	175	280						
2019-04-05	수안보온천제	여자	50대	306	363						
2019-04-05	수안보온천제	여자	60대	242	254						
2019-04-05	수안보온천제	여자	70대이상	84	105						
2019-04-05	수안보온천제					미국	2				
2019-04-05	수안보온천제					중국	5				
2019-04-05	수안보온천제							새벽	154	926	2
2019-04-05	수안보온천제							야간	127	394	1
2019-04-05	수안보온천제							오전	496	682	1
2019-04-05	수안보온천제							오후	559	293	1
2019-04-05	수안보온천제							저녁	252	331	1
2019-04-05	수안보온천제							점심	522	234	1
2019-04-06	수안보온천제	남자	10대	68	60						
2019-04-06	수안보온천제	남자	10대이하	0	31						
2019-04-06	수안보온천제	남자	20대	175	196						
2019-04-06	수안보온천제	남자	30대	74	295						
2019-04-06	수안보온천제	남자	40대	297	535						
2019-04-06	수안보온천제	남자	50대	532	673						
2019-04-06	수안보온천제	남자	60대	302	536						
2019-04-06	수안보온천제	남자	70대이상	135	152						
2019-04-06	수안보온천제	여자	10대	19	46						
2019-04-06	수안보온천제	여자	10대이하	0	19						
2019-04-06	수안보온천제	여자	20대	82	155						
2019-04-06	수안보온천제	여자	30대	84	360						
2019-04-06	수안보온천제	여자	40대	259	360						
2019-04-06	수안보온천제	여자	50대	558	799						
2019-04-06	수안보온천제	여자	60대	270	524						
2019-04-06	수안보온천제	여자	70대이상	114	184						
2019-04-06	수안보온천제					미국	2				
2019-04-06	수안보온천제					중국	6				
2019-04-06	수안보온천제							새벽	191	950	2
2019-04-06	수안보온천제							야간	174	983	1
2019-04-06	수안보온천제							오전	733	755	2
2019-04-06	수안보온천제							오후	871	833	1
2019-04-06	수안보온천제							저녁	374	1028	1
2019-04-06	수안보온천제							점심	626	376	1
2019-04-07	수안보온천제	남자	10대	64	60						
2019-04-07	수안보온천제	남자	10대이하	0	42						
2019-04-07	수안보온천제	남자	20대	126	132						
2019-04-07	수안보온천제	남자	30대	107	253						
2019-04-07	수안보온천제	남자	40대	373	525						
2019-04-07	수안보온천제	남자	50대	546	556						
2019-04-07	수안보온천제	남자	60대	324	581						
2019-04-07	수안보온천제	남자	70대이상	186	176						
2019-04-07	수안보온천제	여자	10대	61	46						
2019-04-07	수안보온천제	여자	10대이하	12	3						
2019-04-07	수안보온천제	여자	20대	112	149						
2019-04-07	수안보온천제	여자	30대	121	408						
2019-04-07	수안보온천제	여자	40대	302	323						
2019-04-07	수안보온천제	여자	50대	567	756						
2019-04-07	수안보온천제	여자	60대	369	519						
2019-04-07	수안보온천제	여자	70대이상	104	211						
2019-04-07	수안보온천제					일본	2				
2019-04-07	수안보온천제					중국	6				
2019-04-07	수안보온천제					홍콩	2				
2019-04-07	수안보온천제							새벽	219	1801	2
2019-04-07	수안보온천제							야간	91	228	3
2019-04-07	수안보온천제							오전	842	1401	1
2019-04-07	수안보온천제							오후	1049	518	1
2019-04-07	수안보온천제							저녁	399	312	3
2019-04-07	수안보온천제							점심	774	480	0
2019-04-08	수안보온천제	남자	10대	28	0						
2019-04-08	수안보온천제	남자	20대	116	26						
2019-04-08	수안보온천제	남자	30대	98	110						
2019-04-08	수안보온천제	남자	40대	213	155						
2019-04-08	수안보온천제	남자	50대	383	457						
2019-04-08	수안보온천제	남자	60대	221	416						
2019-04-08	수안보온천제	남자	70대이상	119	144						
2019-04-08	수안보온천제	여자	10대	15	0						
2019-04-08	수안보온천제	여자	10대이하	0	2						
2019-04-08	수안보온천제	여자	20대	51	20						
2019-04-08	수안보온천제	여자	30대	51	85						
2019-04-08	수안보온천제	여자	40대	113	84						
2019-04-08	수안보온천제	여자	50대	313	210						
2019-04-08	수안보온천제	여자	60대	262	213						
2019-04-08	수안보온천제	여자	70대이상	72	74						
2019-04-08	수안보온천제					기타	4				
2019-04-08	수안보온천제					일본	5				
2019-04-08	수안보온천제					홍콩	5				
2019-04-08	수안보온천제							새벽	94	397	7
2019-04-08	수안보온천제							야간	105	334	3
2019-04-08	수안보온천제							오전	513	333	3
2019-04-08	수안보온천제							오후	544	333	0
2019-04-08	수안보온천제							저녁	333	345	1
2019-04-08	수안보온천제							점심	466	254	0
2019-04-09	수안보온천제	남자	10대	34	2						
2019-04-09	수안보온천제	남자	20대	73	37						
2019-04-09	수안보온천제	남자	30대	72	87						
2019-04-09	수안보온천제	남자	40대	262	207						
2019-04-09	수안보온천제	남자	50대	378	751						
2019-04-09	수안보온천제	남자	60대	221	544						
2019-04-09	수안보온천제	남자	70대이상	148	176						
2019-04-09	수안보온천제	여자	10대	23	1						
2019-04-09	수안보온천제	여자	20대	71	19						
2019-04-09	수안보온천제	여자	30대	35	54						
2019-04-09	수안보온천제	여자	40대	145	70						
2019-04-09	수안보온천제	여자	50대	317	303						
2019-04-09	수안보온천제	여자	60대	251	273						
2019-04-09	수안보온천제	여자	70대이상	74	127						
2019-04-09	수안보온천제					기타	6				
2019-04-09	수안보온천제					미국	0				
2019-04-09	수안보온천제							새벽	127	576	3
2019-04-09	수안보온천제							야간	111	427	0
2019-04-09	수안보온천제							오전	495	426	2
2019-04-09	수안보온천제							오후	590	477	0
2019-04-09	수안보온천제							저녁	268	451	0
2019-04-09	수안보온천제							점심	513	294	1
2019-04-10	수안보온천제	남자	10대	27	0						
2019-04-10	수안보온천제	남자	20대	150	70						
2019-04-10	수안보온천제	남자	30대	91	111						
2019-04-10	수안보온천제	남자	40대	259	224						
2019-04-10	수안보온천제	남자	50대	470	773						
2019-04-10	수안보온천제	남자	60대	262	600						
2019-04-10	수안보온천제	남자	70대이상	123	173						
2019-04-10	수안보온천제	여자	10대	7	0						
2019-04-10	수안보온천제	여자	20대	70	17						
2019-04-10	수안보온천제	여자	30대	61	58						
2019-04-10	수안보온천제	여자	40대	159	88						
2019-04-10	수안보온천제	여자	50대	371	356						
2019-04-10	수안보온천제	여자	60대	227	313						
2019-04-10	수안보온천제	여자	70대이상	64	185						
2019-04-10	수안보온천제					미국	1				
2019-04-10	수안보온천제							새벽	145	807	0
2019-04-10	수안보온천제							야간	84	422	0
2019-04-10	수안보온천제							오전	588	616	0
2019-04-10	수안보온천제							오후	576	347	0
2019-04-10	수안보온천제							저녁	398	478	0
2019-04-10	수안보온천제							점심	550	298	1
2019-04-11	수안보온천제	남자	10대	39	0						
2019-04-11	수안보온천제	남자	10대이하	0	4						
2019-04-11	수안보온천제	남자	20대	148	69						
2019-04-11	수안보온천제	남자	30대	130	84						
2019-04-11	수안보온천제	남자	40대	252	232						
2019-04-11	수안보온천제	남자	50대	406	740						
2019-04-11	수안보온천제	남자	60대	251	550						
2019-04-11	수안보온천제	남자	70대이상	154	132						
2019-04-11	수안보온천제	여자	10대	27	2						
2019-04-11	수안보온천제	여자	10대이하	3	0						
2019-04-11	수안보온천제	여자	20대	78	36						
2019-04-11	수안보온천제	여자	30대	91	58						
2019-04-11	수안보온천제	여자	40대	218	91						
2019-04-11	수안보온천제	여자	50대	519	306						
2019-04-11	수안보온천제	여자	60대	268	280						
2019-04-11	수안보온천제	여자	70대이상	95	140						
2019-04-11	수안보온천제					기타	5				
2019-04-11	수안보온천제							새벽	84	751	0
2019-04-11	수안보온천제							야간	159	365	2
2019-04-11	수안보온천제							오전	542	542	0
2019-04-11	수안보온천제							오후	810	386	1
2019-04-11	수안보온천제							저녁	477	400	2
2019-04-11	수안보온천제							점심	607	280	0
2019-04-12	수안보온천제	남자	10대	125	14						
2019-04-12	수안보온천제	남자	10대이하	1	22						
2019-04-12	수안보온천제	남자	20대	250	166						
2019-04-12	수안보온천제	남자	30대	266	263						
2019-04-12	수안보온천제	남자	40대	577	467						
2019-04-12	수안보온천제	남자	50대	1143	1077						
2019-04-12	수안보온천제	남자	60대	749	747						
2019-04-12	수안보온천제	남자	70대이상	274	193						
2019-04-12	수안보온천제	여자	10대	90	26						
2019-04-12	수안보온천제	여자	10대이하	6	11						
2019-04-12	수안보온천제	여자	20대	362	160						
2019-04-12	수안보온천제	여자	30대	297	188						
2019-04-12	수안보온천제	여자	40대	597	263						
2019-04-12	수안보온천제	여자	50대	1209	757						
2019-04-12	수안보온천제	여자	60대	761	459						
2019-04-12	수안보온천제	여자	70대이상	189	217						
2019-04-12	수안보온천제					기타	4				
2019-04-12	수안보온천제							새벽	120	1057	2
2019-04-12	수안보온천제							야간	956	829	0
2019-04-12	수안보온천제							오전	537	809	2
2019-04-12	수안보온천제							오후	1680	794	0
2019-04-12	수안보온천제							저녁	2796	1043	0
2019-04-12	수안보온천제							점심	807	498	0
2019-04-13	수안보온천제	남자	10대	223	115						
2019-04-13	수안보온천제	남자	10대이하	67	56						
2019-04-13	수안보온천제	남자	20대	476	397						
2019-04-13	수안보온천제	남자	30대	597	754						
2019-04-13	수안보온천제	남자	40대	963	1175						
2019-04-13	수안보온천제	남자	50대	1442	1636						
2019-04-13	수안보온천제	남자	60대	827	1128						
2019-04-13	수안보온천제	남자	70대이상	381	380						
2019-04-13	수안보온천제	여자	10대	295	143						
2019-04-13	수안보온천제	여자	10대이하	56	48						
2019-04-13	수안보온천제	여자	20대	500	436						
2019-04-13	수안보온천제	여자	30대	847	699						
2019-04-13	수안보온천제	여자	40대	1129	960						
2019-04-13	수안보온천제	여자	50대	1589	1700						
2019-04-13	수안보온천제	여자	60대	952	1020						
2019-04-13	수안보온천제	여자	70대이상	341	384						
2019-04-13	수안보온천제					미국	2				
2019-04-13	수안보온천제							새벽	297	1626	1
2019-04-13	수안보온천제							야간	932	1793	1
2019-04-13	수안보온천제							오전	1287	1342	0
2019-04-13	수안보온천제							오후	3763	2679	0
2019-04-13	수안보온천제							저녁	2053	2249	0
2019-04-13	수안보온천제							점심	2353	1342	0
2019-04-14	수안보온천제	남자	10대	117	65						
2019-04-14	수안보온천제	남자	10대이하	5	42						
2019-04-14	수안보온천제	남자	20대	340	241						
2019-04-14	수안보온천제	남자	30대	294	438						
2019-04-14	수안보온천제	남자	40대	565	801						
2019-04-14	수안보온천제	남자	50대	1061	1127						
2019-04-14	수안보온천제	남자	60대	629	951						
2019-04-14	수안보온천제	남자	70대이상	251	297						
2019-04-14	수안보온천제	여자	10대	135	90						
2019-04-14	수안보온천제	여자	10대이하	22	27						
2019-04-14	수안보온천제	여자	20대	234	252						
2019-04-14	수안보온천제	여자	30대	287	500						
2019-04-14	수안보온천제	여자	40대	554	689						
2019-04-14	수안보온천제	여자	50대	996	1170						
2019-04-14	수안보온천제	여자	60대	572	824						
2019-04-14	수안보온천제	여자	70대이상	193	215						
2019-04-14	수안보온천제					대만	8				
2019-04-14	수안보온천제					말레이시아	2				
2019-04-14	수안보온천제					미국	2				
2019-04-14	수안보온천제					싱가포르	4				
2019-04-14	수안보온천제					필리핀	4				
2019-04-14	수안보온천제							새벽	347	2533	2
2019-04-14	수안보온천제							야간	173	246	13
2019-04-14	수안보온천제							오전	1227	2034	0
2019-04-14	수안보온천제							오후	2236	1280	2
2019-04-14	수안보온천제							저녁	670	470	3
2019-04-14	수안보온천제							점심	1602	1166	0
2019-04-15	수안보온천제	남자	10대	35	1						
2019-04-15	수안보온천제	남자	20대	145	107						
2019-04-15	수안보온천제	남자	30대	123	142						
2019-04-15	수안보온천제	남자	40대	333	194						
2019-04-15	수안보온천제	남자	50대	518	540						
2019-04-15	수안보온천제	남자	60대	293	505						
2019-04-15	수안보온천제	남자	70대이상	92	162						
2019-04-15	수안보온천제	여자	10대	19	2						
2019-04-15	수안보온천제	여자	10대이하	0	3						
2019-04-15	수안보온천제	여자	20대	117	41						
2019-04-15	수안보온천제	여자	30대	134	90						
2019-04-15	수안보온천제	여자	40대	230	85						
2019-04-15	수안보온천제	여자	50대	498	271						
2019-04-15	수안보온천제	여자	60대	313	243						
2019-04-15	수안보온천제	여자	70대이상	103	104						
2019-04-15	수안보온천제					대만	14				
2019-04-15	수안보온천제					싱가포르	1				
2019-04-15	수안보온천제					중국	3				
2019-04-15	수안보온천제					필리핀	41				
2019-04-15	수안보온천제							새벽	137	381	24
2019-04-15	수안보온천제							야간	158	415	10
2019-04-15	수안보온천제							오전	598	357	12
2019-04-15	수안보온천제							오후	880	480	2
2019-04-15	수안보온천제							저녁	479	498	11
2019-04-15	수안보온천제							점심	701	359	0
2019-04-16	수안보온천제	남자	10대	36	3						
2019-04-16	수안보온천제	남자	10대이하	2	0						
2019-04-16	수안보온천제	남자	20대	129	76						
2019-04-16	수안보온천제	남자	30대	114	137						
2019-04-16	수안보온천제	남자	40대	321	135						
2019-04-16	수안보온천제	남자	50대	579	576						
2019-04-16	수안보온천제	남자	60대	334	619						
2019-04-16	수안보온천제	남자	70대이상	173	158						
2019-04-16	수안보온천제	여자	10대	6	9						
2019-04-16	수안보온천제	여자	10대이하	1	1						
2019-04-16	수안보온천제	여자	20대	92	26						
2019-04-16	수안보온천제	여자	30대	61	63						
2019-04-16	수안보온천제	여자	40대	263	76						
2019-04-16	수안보온천제	여자	50대	650	223						
2019-04-16	수안보온천제	여자	60대	389	315						
2019-04-16	수안보온천제	여자	70대이상	97	148						
2019-04-16	수안보온천제					중국	6				
2019-04-16	수안보온천제					필리핀	31				
2019-04-16	수안보온천제							새벽	166	608	11
2019-04-16	수안보온천제							야간	124	319	5
2019-04-16	수안보온천제							오전	662	493	8
2019-04-16	수안보온천제							오후	980	447	4
2019-04-16	수안보온천제							저녁	512	358	5
2019-04-16	수안보온천제							점심	803	340	4
2019-04-17	수안보온천제	남자	10대	56	2						
2019-04-17	수안보온천제	남자	10대이하	14	0						
2019-04-17	수안보온천제	남자	20대	138	87						
2019-04-17	수안보온천제	남자	30대	142	134						
2019-04-17	수안보온천제	남자	40대	339	135						
2019-04-17	수안보온천제	남자	50대	468	523						
2019-04-17	수안보온천제	남자	60대	292	538						
2019-04-17	수안보온천제	남자	70대이상	118	128						
2019-04-17	수안보온천제	여자	10대	13	6						
2019-04-17	수안보온천제	여자	10대이하	3	6						
2019-04-17	수안보온천제	여자	20대	120	46						
2019-04-17	수안보온천제	여자	30대	148	75						
2019-04-17	수안보온천제	여자	40대	305	110						
2019-04-17	수안보온천제	여자	50대	653	226						
2019-04-17	수안보온천제	여자	60대	351	262						
2019-04-17	수안보온천제	여자	70대이상	140	154						
2019-04-17	수안보온천제					기타	2				
2019-04-17	수안보온천제					독일	0				
2019-04-17	수안보온천제					중국	6				
2019-04-17	수안보온천제					캐나다	2				
2019-04-17	수안보온천제					태국	3				
2019-04-17	수안보온천제					필리핀	32				
2019-04-17	수안보온천제					홍콩	12				
2019-04-17	수안보온천제							새벽	118	664	12
2019-04-17	수안보온천제							야간	155	320	10
2019-04-17	수안보온천제							오전	584	461	12
2019-04-17	수안보온천제							오후	977	262	8
2019-04-17	수안보온천제							저녁	565	361	10
2019-04-17	수안보온천제							점심	901	364	5
2019-04-18	수안보온천제	남자	10대	42	0						
2019-04-18	수안보온천제	남자	10대이하	7	0						
2019-04-18	수안보온천제	남자	20대	109	83						
2019-04-18	수안보온천제	남자	30대	94	201						
2019-04-18	수안보온천제	남자	40대	309	363						
2019-04-18	수안보온천제	남자	50대	444	717						
2019-04-18	수안보온천제	남자	60대	190	524						
2019-04-18	수안보온천제	남자	70대이상	120	79						
2019-04-18	수안보온천제	여자	10대	5	5						
2019-04-18	수안보온천제	여자	10대이하	0	2						
2019-04-18	수안보온천제	여자	20대	166	19						
2019-04-18	수안보온천제	여자	30대	83	102						
2019-04-18	수안보온천제	여자	40대	247	152						
2019-04-18	수안보온천제	여자	50대	475	290						
2019-04-18	수안보온천제	여자	60대	275	301						
2019-04-18	수안보온천제	여자	70대이상	85	129						
2019-04-18	수안보온천제					중국	2				
2019-04-18	수안보온천제					캐나다	5				
2019-04-18	수안보온천제					필리핀	37				
2019-04-18	수안보온천제					홍콩	3				
2019-04-18	수안보온천제							새벽	112	549	18
2019-04-18	수안보온천제							야간	171	479	9
2019-04-18	수안보온천제							오전	545	426	15
2019-04-18	수안보온천제							오후	716	592	0
2019-04-18	수안보온천제							저녁	469	535	5
2019-04-18	수안보온천제							점심	638	386	0
2019-04-19	수안보온천제	남자	10대	41	4						
2019-04-19	수안보온천제	남자	10대이하	0	4						
2019-04-19	수안보온천제	남자	20대	77	137						
2019-04-19	수안보온천제	남자	30대	74	222						
2019-04-19	수안보온천제	남자	40대	299	502						
2019-04-19	수안보온천제	남자	50대	414	659						
2019-04-19	수안보온천제	남자	60대	276	436						
2019-04-19	수안보온천제	남자	70대이상	120	133						
2019-04-19	수안보온천제	여자	10대	24	11						
2019-04-19	수안보온천제	여자	10대이하	1	7						
2019-04-19	수안보온천제	여자	20대	82	47						
2019-04-19	수안보온천제	여자	30대	87	133						
2019-04-19	수안보온천제	여자	40대	190	181						
2019-04-19	수안보온천제	여자	50대	423	427						
2019-04-19	수안보온천제	여자	60대	307	311						
2019-04-19	수안보온천제	여자	70대이상	77	141						
2019-04-19	수안보온천제					미국	1				
2019-04-19	수안보온천제					중국	3				
2019-04-19	수안보온천제					캐나다	0				
2019-04-19	수안보온천제					필리핀	28				
2019-04-19	수안보온천제					호주	4				
2019-04-19	수안보온천제					홍콩	6				
2019-04-19	수안보온천제							새벽	194	1014	16
2019-04-19	수안보온천제							야간	114	462	8
2019-04-19	수안보온천제							오전	568	769	8
2019-04-19	수안보온천제							오후	697	349	3
2019-04-19	수안보온천제							저녁	311	426	6
2019-04-19	수안보온천제							점심	608	335	1
2019-04-20	수안보온천제	남자	10대	94	46						
2019-04-20	수안보온천제	남자	10대이하	8	32						
2019-04-20	수안보온천제	남자	20대	146	248						
2019-04-20	수안보온천제	남자	30대	152	359						
2019-04-20	수안보온천제	남자	40대	360	696						
2019-04-20	수안보온천제	남자	50대	473	959						
2019-04-20	수안보온천제	남자	60대	333	624						
2019-04-20	수안보온천제	남자	70대이상	140	212						
2019-04-20	수안보온천제	여자	10대	45	30						
2019-04-20	수안보온천제	여자	10대이하	2	26						
2019-04-20	수안보온천제	여자	20대	102	178						
2019-04-20	수안보온천제	여자	30대	165	399						
2019-04-20	수안보온천제	여자	40대	380	410						
2019-04-20	수안보온천제	여자	50대	603	958						
2019-04-20	수안보온천제	여자	60대	421	519						
2019-04-20	수안보온천제	여자	70대이상	125	246						
2019-04-20	수안보온천제					미국	2				
2019-04-20	수안보온천제					중국	7				
2019-04-20	수안보온천제					필리핀	8				
2019-04-20	수안보온천제					호주	4				
2019-04-20	수안보온천제					홍콩	7				
2019-04-20	수안보온천제							새벽	142	1167	15
2019-04-20	수안보온천제							야간	301	1081	2
2019-04-20	수안보온천제							오전	733	855	9
2019-04-20	수안보온천제							오후	1052	1112	1
2019-04-20	수안보온천제							저녁	546	1151	0
2019-04-20	수안보온천제							점심	775	576	1
2019-04-21	수안보온천제	남자	10대	94	31						
2019-04-21	수안보온천제	남자	10대이하	8	19						
2019-04-21	수안보온천제	남자	20대	120	218						
2019-04-21	수안보온천제	남자	30대	164	316						
2019-04-21	수안보온천제	남자	40대	381	636						
2019-04-21	수안보온천제	남자	50대	637	723						
2019-04-21	수안보온천제	남자	60대	455	474						
2019-04-21	수안보온천제	남자	70대이상	164	118						
2019-04-21	수안보온천제	여자	10대	100	56						
2019-04-21	수안보온천제	여자	10대이하	8	33						
2019-04-21	수안보온천제	여자	20대	125	179						
2019-04-21	수안보온천제	여자	30대	138	413						
2019-04-21	수안보온천제	여자	40대	320	388						
2019-04-21	수안보온천제	여자	50대	657	745						
2019-04-21	수안보온천제	여자	60대	382	439						
2019-04-21	수안보온천제	여자	70대이상	120	183						
2019-04-21	수안보온천제					중국	5				
2019-04-21	수안보온천제					호주	1				
2019-04-21	수안보온천제							새벽	264	1931	2
2019-04-21	수안보온천제							야간	130	238	0
2019-04-21	수안보온천제							오전	886	1444	1
2019-04-21	수안보온천제							오후	1204	509	1
2019-04-21	수안보온천제							저녁	378	325	1
2019-04-21	수안보온천제							점심	1011	524	1
2019-04-22	수안보온천제	남자	10대	32	4						
2019-04-22	수안보온천제	남자	10대이하	2	4						
2019-04-22	수안보온천제	남자	20대	79	28						
2019-04-22	수안보온천제	남자	30대	77	138						
2019-04-22	수안보온천제	남자	40대	219	398						
2019-04-22	수안보온천제	남자	50대	349	724						
2019-04-22	수안보온천제	남자	60대	173	327						
2019-04-22	수안보온천제	남자	70대이상	98	70						
2019-04-22	수안보온천제	여자	10대	12	0						
2019-04-22	수안보온천제	여자	10대이하	0	5						
2019-04-22	수안보온천제	여자	20대	20	16						
2019-04-22	수안보온천제	여자	30대	30	88						
2019-04-22	수안보온천제	여자	40대	99	101						
2019-04-22	수안보온천제	여자	50대	283	242						
2019-04-22	수안보온천제	여자	60대	167	138						
2019-04-22	수안보온천제	여자	70대이상	73	111						
2019-04-22	수안보온천제					대만	2				
2019-04-22	수안보온천제					미국	2				
2019-04-22	수안보온천제					중국	3				
2019-04-22	수안보온천제							새벽	99	353	0
2019-04-22	수안보온천제							야간	117	425	2
2019-04-22	수안보온천제							오전	427	279	0
2019-04-22	수안보온천제							오후	425	541	0
2019-04-22	수안보온천제							저녁	244	477	5
2019-04-22	수안보온천제							점심	401	319	0
2019-04-23	수안보온천제	남자	10대	30	4						
2019-04-23	수안보온천제	남자	20대	131	26						
2019-04-23	수안보온천제	남자	30대	77	97						
2019-04-23	수안보온천제	남자	40대	218	368						
2019-04-23	수안보온천제	남자	50대	390	857						
2019-04-23	수안보온천제	남자	60대	220	420						
2019-04-23	수안보온천제	남자	70대이상	141	78						
2019-04-23	수안보온천제	여자	10대	26	4						
2019-04-23	수안보온천제	여자	10대이하	0	3						
2019-04-23	수안보온천제	여자	20대	51	9						
2019-04-23	수안보온천제	여자	30대	59	49						
2019-04-23	수안보온천제	여자	40대	133	65						
2019-04-23	수안보온천제	여자	50대	331	256						
2019-04-23	수안보온천제	여자	60대	281	149						
2019-04-23	수안보온천제	여자	70대이상	122	111						
2019-04-23	수안보온천제					대만	5				
2019-04-23	수안보온천제					미국	2				
2019-04-23	수안보온천제					일본	2				
2019-04-23	수안보온천제					중국	2				
2019-04-23	수안보온천제							새벽	133	660	1
2019-04-23	수안보온천제							야간	106	248	1
2019-04-23	수안보온천제							오전	528	546	3
2019-04-23	수안보온천제							오후	578	383	0
2019-04-23	수안보온천제							저녁	341	283	1
2019-04-23	수안보온천제							점심	524	376	5
2019-04-24	수안보온천제	남자	10대	22	9						
2019-04-24	수안보온천제	남자	20대	119	24						
2019-04-24	수안보온천제	남자	30대	96	95						
2019-04-24	수안보온천제	남자	40대	250	142						
2019-04-24	수안보온천제	남자	50대	367	649						
2019-04-24	수안보온천제	남자	60대	233	517						
2019-04-24	수안보온천제	남자	70대이상	84	159						
2019-04-24	수안보온천제	여자	10대	48	7						
2019-04-24	수안보온천제	여자	10대이하	0	9						
2019-04-24	수안보온천제	여자	20대	35	22						
2019-04-24	수안보온천제	여자	30대	47	43						
2019-04-24	수안보온천제	여자	40대	123	51						
2019-04-24	수안보온천제	여자	50대	325	217						
2019-04-24	수안보온천제	여자	60대	266	252						
2019-04-24	수안보온천제	여자	70대이상	94	148						
2019-04-24	수안보온천제					기타	3				
2019-04-24	수안보온천제					중국	8				
2019-04-24	수안보온천제							새벽	143	552	0
2019-04-24	수안보온천제							야간	107	423	1
2019-04-24	수안보온천제							오전	506	473	1
2019-04-24	수안보온천제							오후	490	226	5
2019-04-24	수안보온천제							저녁	379	422	2
2019-04-24	수안보온천제							점심	484	248	2
2019-04-25	수안보온천제	남자	10대	30	7						
2019-04-25	수안보온천제	남자	20대	74	23						
2019-04-25	수안보온천제	남자	30대	61	152						
2019-04-25	수안보온천제	남자	40대	202	188						
2019-04-25	수안보온천제	남자	50대	402	789						
2019-04-25	수안보온천제	남자	60대	176	666						
2019-04-25	수안보온천제	남자	70대이상	105	159						
2019-04-25	수안보온천제	여자	10대	6	0						
2019-04-25	수안보온천제	여자	10대이하	0	1						
2019-04-25	수안보온천제	여자	20대	44	51						
2019-04-25	수안보온천제	여자	30대	36	73						
2019-04-25	수안보온천제	여자	40대	153	83						
2019-04-25	수안보온천제	여자	50대	330	312						
2019-04-25	수안보온천제	여자	60대	227	267						
2019-04-25	수안보온천제	여자	70대이상	77	139						
2019-04-25	수안보온천제					중국	4				
2019-04-25	수안보온천제							새벽	120	722	0
2019-04-25	수안보온천제							야간	114	496	2
2019-04-25	수안보온천제							오전	447	465	0
2019-04-25	수안보온천제							오후	524	482	0
2019-04-25	수안보온천제							저녁	304	497	2
2019-04-25	수안보온천제							점심	414	248	0
2019-04-26	수안보온천제	남자	10대	43	35						
2019-04-26	수안보온천제	남자	10대이하	0	3						
2019-04-26	수안보온천제	남자	20대	56	108						
2019-04-26	수안보온천제	남자	30대	55	233						
2019-04-26	수안보온천제	남자	40대	230	392						
2019-04-26	수안보온천제	남자	50대	360	1036						
2019-04-26	수안보온천제	남자	60대	282	658						
2019-04-26	수안보온천제	남자	70대이상	120	153						
2019-04-26	수안보온천제	여자	10대	29	4						
2019-04-26	수안보온천제	여자	10대이하	0	8						
2019-04-26	수안보온천제	여자	20대	43	139						
2019-04-26	수안보온천제	여자	30대	29	123						
2019-04-26	수안보온천제	여자	40대	158	251						
2019-04-26	수안보온천제	여자	50대	351	521						
2019-04-26	수안보온천제	여자	60대	270	266						
2019-04-26	수안보온천제	여자	70대이상	56	175						
2019-04-26	수안보온천제					싱가포르	0				
2019-04-26	수안보온천제					중국	6				
2019-04-26	수안보온천제							새벽	135	1221	1
2019-04-26	수안보온천제							야간	106	764	1
2019-04-26	수안보온천제							오전	503	845	1
2019-04-26	수안보온천제							오후	588	409	1
2019-04-26	수안보온천제							저녁	289	573	1
2019-04-26	수안보온천제							점심	461	293	1
2019-04-27	수안보온천제	남자	10대	61	108						
2019-04-27	수안보온천제	남자	10대이하	4	19						
2019-04-27	수안보온천제	남자	20대	104	253						
2019-04-27	수안보온천제	남자	30대	73	369						
2019-04-27	수안보온천제	남자	40대	212	660						
2019-04-27	수안보온천제	남자	50대	450	1430						
2019-04-27	수안보온천제	남자	60대	231	559						
2019-04-27	수안보온천제	남자	70대이상	106	134						
2019-04-27	수안보온천제	여자	10대	81	40						
2019-04-27	수안보온천제	여자	10대이하	2	43						
2019-04-27	수안보온천제	여자	20대	40	194						
2019-04-27	수안보온천제	여자	30대	82	255						
2019-04-27	수안보온천제	여자	40대	206	461						
2019-04-27	수안보온천제	여자	50대	399	825						
2019-04-27	수안보온천제	여자	60대	228	339						
2019-04-27	수안보온천제	여자	70대이상	102	166						
2019-04-27	수안보온천제					싱가포르	3				
2019-04-27	수안보온천제					일본	1				
2019-04-27	수안보온천제					중국	7				
2019-04-27	수안보온천제					호주	0				
2019-04-27	수안보온천제							새벽	149	1541	5
2019-04-27	수안보온천제							야간	239	1039	1
2019-04-27	수안보온천제							오전	532	1014	3
2019-04-27	수안보온천제							오후	621	827	1
2019-04-27	수안보온천제							저녁	404	1092	0
2019-04-27	수안보온천제							점심	436	342	1
2019-04-28	수안보온천제	남자	10대	50	66						
2019-04-28	수안보온천제	남자	10대이하	1	3						
2019-04-28	수안보온천제	남자	20대	96	176						
2019-04-28	수안보온천제	남자	30대	66	291						
2019-04-28	수안보온천제	남자	40대	353	478						
2019-04-28	수안보온천제	남자	50대	477	1062						
2019-04-28	수안보온천제	남자	60대	329	601						
2019-04-28	수안보온천제	남자	70대이상	123	133						
2019-04-28	수안보온천제	여자	10대	58	40						
2019-04-28	수안보온천제	여자	10대이하	1	47						
2019-04-28	수안보온천제	여자	20대	60	117						
2019-04-28	수안보온천제	여자	30대	57	270						
2019-04-28	수안보온천제	여자	40대	239	432						
2019-04-28	수안보온천제	여자	50대	514	808						
2019-04-28	수안보온천제	여자	60대	378	478						
2019-04-28	수안보온천제	여자	70대이상	90	159						
2019-04-28	수안보온천제					중국	8				
2019-04-28	수안보온천제					홍콩	2				
2019-04-28	수안보온천제							새벽	242	2122	2
2019-04-28	수안보온천제							야간	105	251	1
2019-04-28	수안보온천제							오전	765	1457	2
2019-04-28	수안보온천제							오후	846	530	2
2019-04-28	수안보온천제							저녁	328	338	2
2019-04-28	수안보온천제							점심	606	463	1
2019-04-29	수안보온천제	남자	10대	36	17						
2019-04-29	수안보온천제	남자	20대	73	55						
2019-04-29	수안보온천제	남자	30대	59	78						
2019-04-29	수안보온천제	남자	40대	225	221						
2019-04-29	수안보온천제	남자	50대	358	724						
2019-04-29	수안보온천제	남자	60대	213	361						
2019-04-29	수안보온천제	남자	70대이상	107	115						
2019-04-29	수안보온천제	여자	10대	13	0						
2019-04-29	수안보온천제	여자	10대이하	0	2						
2019-04-29	수안보온천제	여자	20대	30	30						
2019-04-29	수안보온천제	여자	30대	41	69						
2019-04-29	수안보온천제	여자	40대	104	143						
2019-04-29	수안보온천제	여자	50대	357	360						
2019-04-29	수안보온천제	여자	60대	246	290						
2019-04-29	수안보온천제	여자	70대이상	76	162						
2019-04-29	수안보온천제					미국	0				
2019-04-29	수안보온천제					중국	9				
2019-04-29	수안보온천제					홍콩	5				
2019-04-29	수안보온천제							새벽	126	475	2
2019-04-29	수안보온천제							야간	97	414	3
2019-04-29	수안보온천제							오전	464	355	2
2019-04-29	수안보온천제							오후	575	598	3
2019-04-29	수안보온천제							저녁	231	426	3
2019-04-29	수안보온천제							점심	445	359	1
2019-09-19	영동난계국악축제	남자	10대	185	4						
2019-09-19	영동난계국악축제	남자	10대이하	55	22						
2019-09-19	영동난계국악축제	남자	20대	90	69						
2019-09-19	영동난계국악축제	남자	30대	146	84						
2019-09-19	영동난계국악축제	남자	40대	320	89						
2019-09-19	영동난계국악축제	남자	50대	313	140						
2019-09-19	영동난계국악축제	남자	60대	213	32						
2019-09-19	영동난계국악축제	남자	70대이상	143	19						
2019-09-19	영동난계국악축제	여자	10대	211	3						
2019-09-19	영동난계국악축제	여자	10대이하	43	0						
2019-09-19	영동난계국악축제	여자	20대	90	37						
2019-09-19	영동난계국악축제	여자	30대	207	57						
2019-09-19	영동난계국악축제	여자	40대	460	69						
2019-09-19	영동난계국악축제	여자	50대	450	28						
2019-09-19	영동난계국악축제	여자	60대	286	86						
2019-09-19	영동난계국악축제	여자	70대이상	117	9						
2019-09-19	영동난계국악축제							새벽	294	136	0
2019-09-19	영동난계국악축제							야간	251	85	0
2019-09-19	영동난계국악축제							오전	540	106	0
2019-09-19	영동난계국악축제							오후	851	157	0
2019-09-19	영동난계국악축제							저녁	743	133	0
2019-09-19	영동난계국악축제							점심	650	131	0
2019-09-20	영동난계국악축제	남자	10대	193	16						
2019-09-20	영동난계국악축제	남자	10대이하	59	21						
2019-09-20	영동난계국악축제	남자	20대	122	44						
2019-09-20	영동난계국악축제	남자	30대	128	92						
2019-09-20	영동난계국악축제	남자	40대	357	71						
2019-09-20	영동난계국악축제	남자	50대	406	114						
2019-09-20	영동난계국악축제	남자	60대	242	33						
2019-09-20	영동난계국악축제	남자	70대이상	161	9						
2019-09-20	영동난계국악축제	여자	10대	242	20						
2019-09-20	영동난계국악축제	여자	10대이하	38	1						
2019-09-20	영동난계국악축제	여자	20대	91	35						
2019-09-20	영동난계국악축제	여자	30대	197	60						
2019-09-20	영동난계국악축제	여자	40대	434	107						
2019-09-20	영동난계국악축제	여자	50대	442	57						
2019-09-20	영동난계국악축제	여자	60대	284	57						
2019-09-20	영동난계국악축제	여자	70대이상	106	11						
2019-09-20	영동난계국악축제							새벽	283	150	0
2019-09-20	영동난계국악축제							야간	310	71	0
2019-09-20	영동난계국악축제							오전	456	107	0
2019-09-20	영동난계국악축제							오후	998	158	0
2019-09-20	영동난계국악축제							저녁	850	120	0
2019-09-20	영동난계국악축제							점심	605	142	0
2019-09-21	영동난계국악축제	남자	10대	155	22						
2019-09-21	영동난계국악축제	남자	10대이하	49	39						
2019-09-21	영동난계국악축제	남자	20대	139	103						
2019-09-21	영동난계국악축제	남자	30대	107	62						
2019-09-21	영동난계국악축제	남자	40대	221	75						
2019-09-21	영동난계국악축제	남자	50대	329	113						
2019-09-21	영동난계국악축제	남자	60대	223	31						
2019-09-21	영동난계국악축제	남자	70대이상	135	10						
2019-09-21	영동난계국악축제	여자	10대	170	27						
2019-09-21	영동난계국악축제	여자	10대이하	19	0						
2019-09-21	영동난계국악축제	여자	20대	109	55						
2019-09-21	영동난계국악축제	여자	30대	128	103						
2019-09-21	영동난계국악축제	여자	40대	362	99						
2019-09-21	영동난계국악축제	여자	50대	359	85						
2019-09-21	영동난계국악축제	여자	60대	227	44						
2019-09-21	영동난계국악축제	여자	70대이상	119	10						
2019-09-21	영동난계국악축제					미국	1				
2019-09-21	영동난계국악축제							새벽	275	124	0
2019-09-21	영동난계국악축제							야간	237	90	0
2019-09-21	영동난계국악축제							오전	491	133	1
2019-09-21	영동난계국악축제							오후	731	206	0
2019-09-21	영동난계국악축제							저녁	542	164	0
2019-09-21	영동난계국악축제							점심	575	161	0
2019-09-22	영동난계국악축제	남자	10대	114	10						
2019-09-22	영동난계국악축제	남자	10대이하	37	26						
2019-09-22	영동난계국악축제	남자	20대	106	107						
2019-09-22	영동난계국악축제	남자	30대	70	61						
2019-09-22	영동난계국악축제	남자	40대	219	52						
2019-09-22	영동난계국악축제	남자	50대	254	75						
2019-09-22	영동난계국악축제	남자	60대	242	22						
2019-09-22	영동난계국악축제	남자	70대이상	115	5						
2019-09-22	영동난계국악축제	여자	10대	80	10						
2019-09-22	영동난계국악축제	여자	10대이하	8	2						
2019-09-22	영동난계국악축제	여자	20대	94	62						
2019-09-22	영동난계국악축제	여자	30대	129	111						
2019-09-22	영동난계국악축제	여자	40대	266	28						
2019-09-22	영동난계국악축제	여자	50대	316	76						
2019-09-22	영동난계국악축제	여자	60대	245	8						
2019-09-22	영동난계국악축제	여자	70대이상	131	0						
2019-09-22	영동난계국악축제							새벽	277	152	0
2019-09-22	영동난계국악축제							야간	188	73	0
2019-09-22	영동난계국악축제							오전	442	123	0
2019-09-22	영동난계국악축제							오후	594	109	0
2019-09-22	영동난계국악축제							저녁	332	93	0
2019-09-22	영동난계국악축제							점심	593	105	0
2019-09-23	영동난계국악축제	남자	10대	231	22						
2019-09-23	영동난계국악축제	남자	10대이하	68	18						
2019-09-23	영동난계국악축제	남자	20대	85	97						
2019-09-23	영동난계국악축제	남자	30대	123	39						
2019-09-23	영동난계국악축제	남자	40대	324	66						
2019-09-23	영동난계국악축제	남자	50대	387	81						
2019-09-23	영동난계국악축제	남자	60대	274	27						
2019-09-23	영동난계국악축제	남자	70대이상	162	1						
2019-09-23	영동난계국악축제	여자	10대	229	8						
2019-09-23	영동난계국악축제	여자	10대이하	31	1						
2019-09-23	영동난계국악축제	여자	20대	101	33						
2019-09-23	영동난계국악축제	여자	30대	210	83						
2019-09-23	영동난계국악축제	여자	40대	530	29						
2019-09-23	영동난계국악축제	여자	50대	503	40						
2019-09-23	영동난계국악축제	여자	60대	315	31						
2019-09-23	영동난계국악축제	여자	70대이상	126	3						
2019-09-23	영동난계국악축제							새벽	306	116	0
2019-09-23	영동난계국악축제							야간	321	73	0
2019-09-23	영동난계국악축제							오전	529	104	0
2019-09-23	영동난계국악축제							오후	1041	126	0
2019-09-23	영동난계국악축제							저녁	799	87	0
2019-09-23	영동난계국악축제							점심	703	73	0
2019-09-24	영동난계국악축제	남자	10대	170	8						
2019-09-24	영동난계국악축제	남자	10대이하	48	21						
2019-09-24	영동난계국악축제	남자	20대	151	60						
2019-09-24	영동난계국악축제	남자	30대	103	64						
2019-09-24	영동난계국악축제	남자	40대	235	109						
2019-09-24	영동난계국악축제	남자	50대	403	103						
2019-09-24	영동난계국악축제	남자	60대	247	47						
2019-09-24	영동난계국악축제	남자	70대이상	99	5						
2019-09-24	영동난계국악축제	여자	10대	208	6						
2019-09-24	영동난계국악축제	여자	10대이하	38	2						
2019-09-24	영동난계국악축제	여자	20대	86	60						
2019-09-24	영동난계국악축제	여자	30대	191	37						
2019-09-24	영동난계국악축제	여자	40대	397	41						
2019-09-24	영동난계국악축제	여자	50대	486	25						
2019-09-24	영동난계국악축제	여자	60대	322	37						
2019-09-24	영동난계국악축제	여자	70대이상	89	5						
2019-09-24	영동난계국악축제							새벽	203	105	0
2019-09-24	영동난계국악축제							야간	342	88	0
2019-09-24	영동난계국악축제							오전	415	89	0
2019-09-24	영동난계국악축제							오후	875	129	0
2019-09-24	영동난계국악축제							저녁	839	117	0
2019-09-24	영동난계국악축제							점심	599	102	0
2019-09-25	영동난계국악축제	남자	10대	202	22						
2019-09-25	영동난계국악축제	남자	10대이하	52	21						
2019-09-25	영동난계국악축제	남자	20대	135	62						
2019-09-25	영동난계국악축제	남자	30대	85	77						
2019-09-25	영동난계국악축제	남자	40대	325	122						
2019-09-25	영동난계국악축제	남자	50대	360	171						
2019-09-25	영동난계국악축제	남자	60대	287	48						
2019-09-25	영동난계국악축제	남자	70대이상	133	9						
2019-09-25	영동난계국악축제	여자	10대	251	10						
2019-09-25	영동난계국악축제	여자	10대이하	47	0						
2019-09-25	영동난계국악축제	여자	20대	120	45						
2019-09-25	영동난계국악축제	여자	30대	165	54						
2019-09-25	영동난계국악축제	여자	40대	430	79						
2019-09-25	영동난계국악축제	여자	50대	474	36						
2019-09-25	영동난계국악축제	여자	60대	264	33						
2019-09-25	영동난계국악축제	여자	70대이상	94	4						
2019-09-25	영동난계국악축제							새벽	305	125	0
2019-09-25	영동난계국악축제							야간	274	105	0
2019-09-25	영동난계국악축제							오전	501	118	0
2019-09-25	영동난계국악축제							오후	948	150	0
2019-09-25	영동난계국악축제							저녁	785	125	0
2019-09-25	영동난계국악축제							점심	611	170	0
2019-09-26	영동난계국악축제	남자	10대	189	16						
2019-09-26	영동난계국악축제	남자	10대이하	60	20						
2019-09-26	영동난계국악축제	남자	20대	74	73						
2019-09-26	영동난계국악축제	남자	30대	126	86						
2019-09-26	영동난계국악축제	남자	40대	239	110						
2019-09-26	영동난계국악축제	남자	50대	453	146						
2019-09-26	영동난계국악축제	남자	60대	213	30						
2019-09-26	영동난계국악축제	남자	70대이상	138	11						
2019-09-26	영동난계국악축제	여자	10대	248	16						
2019-09-26	영동난계국악축제	여자	10대이하	56	0						
2019-09-26	영동난계국악축제	여자	20대	99	59						
2019-09-26	영동난계국악축제	여자	30대	202	50						
2019-09-26	영동난계국악축제	여자	40대	447	55						
2019-09-26	영동난계국악축제	여자	50대	405	41						
2019-09-26	영동난계국악축제	여자	60대	274	12						
2019-09-26	영동난계국악축제	여자	70대이상	130	8						
2019-09-26	영동난계국악축제							새벽	239	176	0
2019-09-26	영동난계국악축제							야간	251	54	0
2019-09-26	영동난계국악축제							오전	509	142	0
2019-09-26	영동난계국악축제							오후	929	131	0
2019-09-26	영동난계국악축제							저녁	883	116	0
2019-09-26	영동난계국악축제							점심	542	114	0
2019-09-27	영동난계국악축제	남자	10대	178	20						
2019-09-27	영동난계국악축제	남자	10대이하	61	21						
2019-09-27	영동난계국악축제	남자	20대	111	87						
2019-09-27	영동난계국악축제	남자	30대	98	73						
2019-09-27	영동난계국악축제	남자	40대	282	104						
2019-09-27	영동난계국악축제	남자	50대	373	155						
2019-09-27	영동난계국악축제	남자	60대	292	46						
2019-09-27	영동난계국악축제	남자	70대이상	150	5						
2019-09-27	영동난계국악축제	여자	10대	250	21						
2019-09-27	영동난계국악축제	여자	10대이하	27	0						
2019-09-27	영동난계국악축제	여자	20대	81	53						
2019-09-27	영동난계국악축제	여자	30대	153	46						
2019-09-27	영동난계국악축제	여자	40대	415	60						
2019-09-27	영동난계국악축제	여자	50대	457	35						
2019-09-27	영동난계국악축제	여자	60대	319	22						
2019-09-27	영동난계국악축제	여자	70대이상	117	15						
2019-09-27	영동난계국악축제					베트남	6				
2019-09-27	영동난계국악축제							새벽	265	108	0
2019-09-27	영동난계국악축제							야간	324	80	0
2019-09-27	영동난계국악축제							오전	410	119	0
2019-09-27	영동난계국악축제							오후	950	178	6
2019-09-27	영동난계국악축제							저녁	848	122	0
2019-09-27	영동난계국악축제							점심	567	156	0
2019-09-28	영동난계국악축제	남자	10대	192	72						
2019-09-28	영동난계국악축제	남자	10대이하	62	37						
2019-09-28	영동난계국악축제	남자	20대	195	250						
2019-09-28	영동난계국악축제	남자	30대	94	81						
2019-09-28	영동난계국악축제	남자	40대	240	125						
2019-09-28	영동난계국악축제	남자	50대	310	79						
2019-09-28	영동난계국악축제	남자	60대	234	30						
2019-09-28	영동난계국악축제	남자	70대이상	133	10						
2019-09-28	영동난계국악축제	여자	10대	194	26						
2019-09-28	영동난계국악축제	여자	10대이하	34	0						
2019-09-28	영동난계국악축제	여자	20대	141	52						
2019-09-28	영동난계국악축제	여자	30대	108	92						
2019-09-28	영동난계국악축제	여자	40대	377	73						
2019-09-28	영동난계국악축제	여자	50대	459	55						
2019-09-28	영동난계국악축제	여자	60대	271	22						
2019-09-28	영동난계국악축제	여자	70대이상	111	20						
2019-09-28	영동난계국악축제							새벽	276	75	0
2019-09-28	영동난계국악축제							야간	306	118	0
2019-09-28	영동난계국악축제							오전	499	143	0
2019-09-28	영동난계국악축제							오후	877	232	0
2019-09-28	영동난계국악축제							저녁	617	217	0
2019-09-28	영동난계국악축제							점심	580	239	0
2019-09-29	영동난계국악축제	남자	10대	149	64						
2019-09-29	영동난계국악축제	남자	10대이하	43	31						
2019-09-29	영동난계국악축제	남자	20대	181	230						
2019-09-29	영동난계국악축제	남자	30대	80	51						
2019-09-29	영동난계국악축제	남자	40대	203	76						
2019-09-29	영동난계국악축제	남자	50대	279	99						
2019-09-29	영동난계국악축제	남자	60대	203	22						
2019-09-29	영동난계국악축제	남자	70대이상	115	13						
2019-09-29	영동난계국악축제	여자	10대	166	8						
2019-09-29	영동난계국악축제	여자	10대이하	25	2						
2019-09-29	영동난계국악축제	여자	20대	79	91						
2019-09-29	영동난계국악축제	여자	30대	120	72						
2019-09-29	영동난계국악축제	여자	40대	317	50						
2019-09-29	영동난계국악축제	여자	50대	475	64						
2019-09-29	영동난계국악축제	여자	60대	259	13						
2019-09-29	영동난계국악축제	여자	70대이상	113	17						
2019-09-29	영동난계국악축제					베트남	7				
2019-09-29	영동난계국악축제							새벽	357	192	0
2019-09-29	영동난계국악축제							야간	161	34	0
2019-09-29	영동난계국악축제							오전	534	165	3
2019-09-29	영동난계국악축제							오후	653	194	2
2019-09-29	영동난계국악축제							저녁	546	119	0
2019-09-29	영동난계국악축제							점심	556	199	2
2019-09-30	영동난계국악축제	남자	10대	186	11						
2019-09-30	영동난계국악축제	남자	10대이하	62	23						
2019-09-30	영동난계국악축제	남자	20대	102	70						
2019-09-30	영동난계국악축제	남자	30대	150	50						
2019-09-30	영동난계국악축제	남자	40대	298	76						
2019-09-30	영동난계국악축제	남자	50대	325	126						
2019-09-30	영동난계국악축제	남자	60대	266	27						
2019-09-30	영동난계국악축제	남자	70대이상	158	3						
2019-09-30	영동난계국악축제	여자	10대	202	8						
2019-09-30	영동난계국악축제	여자	10대이하	90	0						
2019-09-30	영동난계국악축제	여자	20대	99	28						
2019-09-30	영동난계국악축제	여자	30대	180	66						
2019-09-30	영동난계국악축제	여자	40대	448	62						
2019-09-30	영동난계국악축제	여자	50대	463	28						
2019-09-30	영동난계국악축제	여자	60대	313	18						
2019-09-30	영동난계국악축제	여자	70대이상	142	10						
2019-09-30	영동난계국악축제							새벽	287	77	0
2019-09-30	영동난계국악축제							야간	264	48	0
2019-09-30	영동난계국악축제							오전	494	91	0
2019-09-30	영동난계국악축제							오후	1003	153	0
2019-09-30	영동난계국악축제							저녁	845	131	0
2019-09-30	영동난계국악축제							점심	591	106	0
2019-10-01	영동난계국악축제	남자	10대	141	2						
2019-10-01	영동난계국악축제	남자	10대이하	16	0						
2019-10-01	영동난계국악축제	남자	20대	118	67						
2019-10-01	영동난계국악축제	남자	30대	133	43						
2019-10-01	영동난계국악축제	남자	40대	286	70						
2019-10-01	영동난계국악축제	남자	50대	314	37						
2019-10-01	영동난계국악축제	남자	60대	256	40						
2019-10-01	영동난계국악축제	남자	70대이상	162	12						
2019-10-01	영동난계국악축제	여자	10대	220	0						
2019-10-01	영동난계국악축제	여자	10대이하	43	9						
2019-10-01	영동난계국악축제	여자	20대	131	26						
2019-10-01	영동난계국악축제	여자	30대	237	9						
2019-10-01	영동난계국악축제	여자	40대	423	40						
2019-10-01	영동난계국악축제	여자	50대	481	61						
2019-10-01	영동난계국악축제	여자	60대	216	20						
2019-10-01	영동난계국악축제	여자	70대이상	65	4						
2019-10-01	영동난계국악축제					베트남	6				
2019-10-01	영동난계국악축제							새벽	215	69	0
2019-10-01	영동난계국악축제							야간	212	27	0
2019-10-01	영동난계국악축제							오전	481	66	4
2019-10-01	영동난계국악축제							오후	1010	108	0
2019-10-01	영동난계국악축제							저녁	708	75	0
2019-10-01	영동난계국악축제							점심	616	95	2
2019-10-02	영동난계국악축제	남자	10대	204	9						
2019-10-02	영동난계국악축제	남자	10대이하	40	3						
2019-10-02	영동난계국악축제	남자	20대	132	53						
2019-10-02	영동난계국악축제	남자	30대	151	62						
2019-10-02	영동난계국악축제	남자	40대	309	57						
2019-10-02	영동난계국악축제	남자	50대	414	64						
2019-10-02	영동난계국악축제	남자	60대	220	44						
2019-10-02	영동난계국악축제	남자	70대이상	109	9						
2019-10-02	영동난계국악축제	여자	10대	264	2						
2019-10-02	영동난계국악축제	여자	10대이하	46	16						
2019-10-02	영동난계국악축제	여자	20대	116	26						
2019-10-02	영동난계국악축제	여자	30대	183	27						
2019-10-02	영동난계국악축제	여자	40대	373	35						
2019-10-02	영동난계국악축제	여자	50대	447	49						
2019-10-02	영동난계국악축제	여자	60대	185	23						
2019-10-02	영동난계국악축제	여자	70대이상	92	9						
2019-10-02	영동난계국악축제					베트남	6				
2019-10-02	영동난계국악축제							새벽	173	62	0
2019-10-02	영동난계국악축제							야간	257	58	0
2019-10-02	영동난계국악축제							오전	376	59	2
2019-10-02	영동난계국악축제							오후	1081	114	2
2019-10-02	영동난계국악축제							저녁	773	98	0
2019-10-02	영동난계국악축제							점심	625	97	2
2019-10-03	영동난계국악축제	남자	10대	190	23						
2019-10-03	영동난계국악축제	남자	10대이하	15	0						
2019-10-03	영동난계국악축제	남자	20대	211	91						
2019-10-03	영동난계국악축제	남자	30대	202	114						
2019-10-03	영동난계국악축제	남자	40대	276	150						
2019-10-03	영동난계국악축제	남자	50대	408	131						
2019-10-03	영동난계국악축제	남자	60대	200	57						
2019-10-03	영동난계국악축제	남자	70대이상	138	5						
2019-10-03	영동난계국악축제	여자	10대	200	27						
2019-10-03	영동난계국악축제	여자	10대이하	13	15						
2019-10-03	영동난계국악축제	여자	20대	94	57						
2019-10-03	영동난계국악축제	여자	30대	142	73						
2019-10-03	영동난계국악축제	여자	40대	350	78						
2019-10-03	영동난계국악축제	여자	50대	473	72						
2019-10-03	영동난계국악축제	여자	60대	212	49						
2019-10-03	영동난계국악축제	여자	70대이상	88	4						
2019-10-03	영동난계국악축제					호주	2				
2019-10-03	영동난계국악축제							새벽	210	119	1
2019-10-03	영동난계국악축제							야간	257	104	0
2019-10-03	영동난계국악축제							오전	399	137	1
2019-10-03	영동난계국악축제							오후	920	183	0
2019-10-03	영동난계국악축제							저녁	676	166	0
2019-10-03	영동난계국악축제							점심	750	237	0
2019-10-04	영동난계국악축제	남자	10대	270	37						
2019-10-04	영동난계국악축제	남자	10대이하	25	0						
2019-10-04	영동난계국악축제	남자	20대	214	146						
2019-10-04	영동난계국악축제	남자	30대	156	84						
2019-10-04	영동난계국악축제	남자	40대	356	111						
2019-10-04	영동난계국악축제	남자	50대	375	105						
2019-10-04	영동난계국악축제	남자	60대	303	54						
2019-10-04	영동난계국악축제	남자	70대이상	161	13						
2019-10-04	영동난계국악축제	여자	10대	301	48						
2019-10-04	영동난계국악축제	여자	10대이하	51	13						
2019-10-04	영동난계국악축제	여자	20대	114	56						
2019-10-04	영동난계국악축제	여자	30대	194	42						
2019-10-04	영동난계국악축제	여자	40대	459	84						
2019-10-04	영동난계국악축제	여자	50대	452	133						
2019-10-04	영동난계국악축제	여자	60대	265	40						
2019-10-04	영동난계국악축제	여자	70대이상	155	19						
2019-10-04	영동난계국악축제					호주	3				
2019-10-04	영동난계국악축제							새벽	259	174	2
2019-10-04	영동난계국악축제							야간	402	104	0
2019-10-04	영동난계국악축제							오전	500	168	1
2019-10-04	영동난계국악축제							오후	1117	205	0
2019-10-04	영동난계국악축제							저녁	883	173	0
2019-10-04	영동난계국악축제							점심	690	161	0
2019-10-05	영동난계국악축제	남자	10대	252	129						
2019-10-05	영동난계국악축제	남자	10대이하	10	0						
2019-10-05	영동난계국악축제	남자	20대	142	223						
2019-10-05	영동난계국악축제	남자	30대	125	86						
2019-10-05	영동난계국악축제	남자	40대	325	147						
2019-10-05	영동난계국악축제	남자	50대	255	161						
2019-10-05	영동난계국악축제	남자	60대	195	86						
2019-10-05	영동난계국악축제	남자	70대이상	110	5						
2019-10-05	영동난계국악축제	여자	10대	213	5						
2019-10-05	영동난계국악축제	여자	10대이하	30	19						
2019-10-05	영동난계국악축제	여자	20대	130	79						
2019-10-05	영동난계국악축제	여자	30대	96	89						
2019-10-05	영동난계국악축제	여자	40대	378	112						
2019-10-05	영동난계국악축제	여자	50대	405	180						
2019-10-05	영동난계국악축제	여자	60대	193	50						
2019-10-05	영동난계국악축제	여자	70대이상	117	19						
2019-10-05	영동난계국악축제					인도네시아	2				
2019-10-05	영동난계국악축제					호주	3				
2019-10-05	영동난계국악축제							새벽	285	211	2
2019-10-05	영동난계국악축제							야간	238	132	0
2019-10-05	영동난계국악축제							오전	487	247	1
2019-10-05	영동난계국악축제							오후	777	302	0
2019-10-05	영동난계국악축제							저녁	631	242	0
2019-10-05	영동난계국악축제							점심	558	256	2
2019-10-06	영동난계국악축제	남자	10대	287	86						
2019-10-06	영동난계국악축제	남자	10대이하	9	1						
2019-10-06	영동난계국악축제	남자	20대	149	96						
2019-10-06	영동난계국악축제	남자	30대	148	75						
2019-10-06	영동난계국악축제	남자	40대	294	135						
2019-10-06	영동난계국악축제	남자	50대	357	133						
2019-10-06	영동난계국악축제	남자	60대	184	92						
2019-10-06	영동난계국악축제	남자	70대이상	150	20						
2019-10-06	영동난계국악축제	여자	10대	237	9						
2019-10-06	영동난계국악축제	여자	10대이하	4	4						
2019-10-06	영동난계국악축제	여자	20대	98	61						
2019-10-06	영동난계국악축제	여자	30대	149	105						
2019-10-06	영동난계국악축제	여자	40대	296	63						
2019-10-06	영동난계국악축제	여자	50대	331	177						
2019-10-06	영동난계국악축제	여자	60대	196	47						
2019-10-06	영동난계국악축제	여자	70대이상	131	2						
2019-10-06	영동난계국악축제					호주	6				
2019-10-06	영동난계국악축제							새벽	250	177	3
2019-10-06	영동난계국악축제							야간	168	46	0
2019-10-06	영동난계국악축제							오전	476	230	1
2019-10-06	영동난계국악축제							오후	858	284	0
2019-10-06	영동난계국악축제							저녁	550	122	2
2019-10-06	영동난계국악축제							점심	718	247	0
2019-10-07	영동난계국악축제	남자	10대	172	8						
2019-10-07	영동난계국악축제	남자	10대이하	19	0						
2019-10-07	영동난계국악축제	남자	20대	142	64						
2019-10-07	영동난계국악축제	남자	30대	119	53						
2019-10-07	영동난계국악축제	남자	40대	340	93						
2019-10-07	영동난계국악축제	남자	50대	390	88						
2019-10-07	영동난계국악축제	남자	60대	298	49						
2019-10-07	영동난계국악축제	남자	70대이상	133	14						
2019-10-07	영동난계국악축제	여자	10대	184	4						
2019-10-07	영동난계국악축제	여자	10대이하	22	5						
2019-10-07	영동난계국악축제	여자	20대	138	17						
2019-10-07	영동난계국악축제	여자	30대	190	10						
2019-10-07	영동난계국악축제	여자	40대	426	39						
2019-10-07	영동난계국악축제	여자	50대	507	80						
2019-10-07	영동난계국악축제	여자	60대	267	24						
2019-10-07	영동난계국악축제	여자	70대이상	139	5						
2019-10-07	영동난계국악축제					호주	2				
2019-10-07	영동난계국악축제							새벽	205	79	1
2019-10-07	영동난계국악축제							야간	250	70	0
2019-10-07	영동난계국악축제							오전	454	74	1
2019-10-07	영동난계국악축제							오후	1137	152	0
2019-10-07	영동난계국악축제							저녁	734	80	0
2019-10-07	영동난계국악축제							점심	706	98	0
2019-10-08	영동난계국악축제	남자	10대	198	50						
2019-10-08	영동난계국악축제	남자	10대이하	36	0						
2019-10-08	영동난계국악축제	남자	20대	126	39						
2019-10-08	영동난계국악축제	남자	30대	137	61						
2019-10-08	영동난계국악축제	남자	40대	388	58						
2019-10-08	영동난계국악축제	남자	50대	334	65						
2019-10-08	영동난계국악축제	남자	60대	231	73						
2019-10-08	영동난계국악축제	남자	70대이상	105	15						
2019-10-08	영동난계국악축제	여자	10대	235	0						
2019-10-08	영동난계국악축제	여자	10대이하	38	15						
2019-10-08	영동난계국악축제	여자	20대	109	12						
2019-10-08	영동난계국악축제	여자	30대	184	21						
2019-10-08	영동난계국악축제	여자	40대	490	39						
2019-10-08	영동난계국악축제	여자	50대	436	93						
2019-10-08	영동난계국악축제	여자	60대	274	28						
2019-10-08	영동난계국악축제	여자	70대이상	153	5						
2019-10-08	영동난계국악축제					기타	4				
2019-10-08	영동난계국악축제					호주	2				
2019-10-08	영동난계국악축제							새벽	252	95	0
2019-10-08	영동난계국악축제							야간	271	64	0
2019-10-08	영동난계국악축제							오전	473	99	0
2019-10-08	영동난계국악축제							오후	1011	142	3
2019-10-08	영동난계국악축제							저녁	786	77	0
2019-10-08	영동난계국악축제							점심	681	97	3
2019-10-09	영동난계국악축제	남자	10대	222	63						
2019-10-09	영동난계국악축제	남자	10대이하	22	0						
2019-10-09	영동난계국악축제	남자	20대	136	48						
2019-10-09	영동난계국악축제	남자	30대	122	84						
2019-10-09	영동난계국악축제	남자	40대	361	130						
2019-10-09	영동난계국악축제	남자	50대	225	89						
2019-10-09	영동난계국악축제	남자	60대	213	50						
2019-10-09	영동난계국악축제	남자	70대이상	73	16						
2019-10-09	영동난계국악축제	여자	10대	199	12						
2019-10-09	영동난계국악축제	여자	10대이하	29	18						
2019-10-09	영동난계국악축제	여자	20대	81	25						
2019-10-09	영동난계국악축제	여자	30대	126	21						
2019-10-09	영동난계국악축제	여자	40대	277	47						
2019-10-09	영동난계국악축제	여자	50대	387	107						
2019-10-09	영동난계국악축제	여자	60대	179	45						
2019-10-09	영동난계국악축제	여자	70대이상	100	1						
2019-10-09	영동난계국악축제							새벽	266	150	0
2019-10-09	영동난계국악축제							야간	171	43	0
2019-10-09	영동난계국악축제							오전	362	134	0
2019-10-09	영동난계국악축제							오후	689	152	0
2019-10-09	영동난계국악축제							저녁	668	86	0
2019-10-09	영동난계국악축제							점심	596	191	0
2019-10-10	영동난계국악축제	남자	10대	226	16						
2019-10-10	영동난계국악축제	남자	10대이하	32	0						
2019-10-10	영동난계국악축제	남자	20대	147	65						
2019-10-10	영동난계국악축제	남자	30대	148	67						
2019-10-10	영동난계국악축제	남자	40대	317	61						
2019-10-10	영동난계국악축제	남자	50대	368	45						
2019-10-10	영동난계국악축제	남자	60대	280	77						
2019-10-10	영동난계국악축제	남자	70대이상	119	5						
2019-10-10	영동난계국악축제	여자	10대	259	10						
2019-10-10	영동난계국악축제	여자	10대이하	54	2						
2019-10-10	영동난계국악축제	여자	20대	154	17						
2019-10-10	영동난계국악축제	여자	30대	224	27						
2019-10-10	영동난계국악축제	여자	40대	469	44						
2019-10-10	영동난계국악축제	여자	50대	497	91						
2019-10-10	영동난계국악축제	여자	60대	254	17						
2019-10-10	영동난계국악축제	여자	70대이상	135	4						
2019-10-10	영동난계국악축제							새벽	168	103	0
2019-10-10	영동난계국악축제							야간	286	66	0
2019-10-10	영동난계국악축제							오전	507	88	0
2019-10-10	영동난계국악축제							오후	1128	102	0
2019-10-10	영동난계국악축제							저녁	954	95	0
2019-10-10	영동난계국악축제							점심	640	94	0
2019-10-11	영동난계국악축제	남자	10대	209	18						
2019-10-11	영동난계국악축제	남자	10대이하	23	8						
2019-10-11	영동난계국악축제	남자	20대	140	66						
2019-10-11	영동난계국악축제	남자	30대	139	76						
2019-10-11	영동난계국악축제	남자	40대	352	129						
2019-10-11	영동난계국악축제	남자	50대	424	58						
2019-10-11	영동난계국악축제	남자	60대	234	66						
2019-10-11	영동난계국악축제	남자	70대이상	121	16						
2019-10-11	영동난계국악축제	여자	10대	249	2						
2019-10-11	영동난계국악축제	여자	10대이하	35	0						
2019-10-11	영동난계국악축제	여자	20대	126	25						
2019-10-11	영동난계국악축제	여자	30대	241	52						
2019-10-11	영동난계국악축제	여자	40대	513	32						
2019-10-11	영동난계국악축제	여자	50대	557	78						
2019-10-11	영동난계국악축제	여자	60대	265	27						
2019-10-11	영동난계국악축제	여자	70대이상	168	12						
2019-10-11	영동난계국악축제							새벽	268	85	0
2019-10-11	영동난계국악축제							야간	273	76	0
2019-10-11	영동난계국악축제							오전	495	86	0
2019-10-11	영동난계국악축제							오후	1163	141	0
2019-10-11	영동난계국악축제							저녁	927	162	0
2019-10-11	영동난계국악축제							점심	670	115	0
2019-10-12	영동난계국악축제	남자	10대	189	62						
2019-10-12	영동난계국악축제	남자	10대이하	12	36						
2019-10-12	영동난계국악축제	남자	20대	105	125						
2019-10-12	영동난계국악축제	남자	30대	146	168						
2019-10-12	영동난계국악축제	남자	40대	309	157						
2019-10-12	영동난계국악축제	남자	50대	348	193						
2019-10-12	영동난계국악축제	남자	60대	230	79						
2019-10-12	영동난계국악축제	남자	70대이상	167	18						
2019-10-12	영동난계국악축제	여자	10대	211	18						
2019-10-12	영동난계국악축제	여자	10대이하	17	13						
2019-10-12	영동난계국악축제	여자	20대	145	50						
2019-10-12	영동난계국악축제	여자	30대	197	123						
2019-10-12	영동난계국악축제	여자	40대	389	64						
2019-10-12	영동난계국악축제	여자	50대	494	159						
2019-10-12	영동난계국악축제	여자	60대	268	54						
2019-10-12	영동난계국악축제	여자	70대이상	147	9						
2019-10-12	영동난계국악축제							새벽	263	139	0
2019-10-12	영동난계국악축제							야간	280	105	0
2019-10-12	영동난계국악축제							오전	467	154	0
2019-10-12	영동난계국악축제							오후	933	291	0
2019-10-12	영동난계국악축제							저녁	607	221	0
2019-10-12	영동난계국악축제							점심	824	418	0
2019-10-13	영동난계국악축제	남자	10대	260	50						
2019-10-13	영동난계국악축제	남자	10대이하	11	12						
2019-10-13	영동난계국악축제	남자	20대	156	80						
2019-10-13	영동난계국악축제	남자	30대	109	96						
2019-10-13	영동난계국악축제	남자	40대	288	60						
2019-10-13	영동난계국악축제	남자	50대	329	78						
2019-10-13	영동난계국악축제	남자	60대	186	54						
2019-10-13	영동난계국악축제	남자	70대이상	92	31						
2019-10-13	영동난계국악축제	여자	10대	258	17						
2019-10-13	영동난계국악축제	여자	10대이하	21	5						
2019-10-13	영동난계국악축제	여자	20대	100	67						
2019-10-13	영동난계국악축제	여자	30대	122	41						
2019-10-13	영동난계국악축제	여자	40대	303	34						
2019-10-13	영동난계국악축제	여자	50대	338	87						
2019-10-13	영동난계국악축제	여자	60대	209	17						
2019-10-13	영동난계국악축제	여자	70대이상	148	10						
2019-10-13	영동난계국악축제							새벽	273	176	0
2019-10-13	영동난계국악축제							야간	201	36	0
2019-10-13	영동난계국악축제							오전	477	149	0
2019-10-13	영동난계국악축제							오후	758	153	0
2019-10-13	영동난계국악축제							저녁	632	77	0
2019-10-13	영동난계국악축제							점심	589	148	0
2019-10-14	영동난계국악축제	남자	10대	244	18						
2019-10-14	영동난계국악축제	남자	10대이하	27	0						
2019-10-14	영동난계국악축제	남자	20대	131	94						
2019-10-14	영동난계국악축제	남자	30대	149	72						
2019-10-14	영동난계국악축제	남자	40대	427	105						
2019-10-14	영동난계국악축제	남자	50대	405	85						
2019-10-14	영동난계국악축제	남자	60대	339	70						
2019-10-14	영동난계국악축제	남자	70대이상	141	7						
2019-10-14	영동난계국악축제	여자	10대	301	2						
2019-10-14	영동난계국악축제	여자	10대이하	32	0						
2019-10-14	영동난계국악축제	여자	20대	146	18						
2019-10-14	영동난계국악축제	여자	30대	220	15						
2019-10-14	영동난계국악축제	여자	40대	402	40						
2019-10-14	영동난계국악축제	여자	50대	470	75						
2019-10-14	영동난계국악축제	여자	60대	258	21						
2019-10-14	영동난계국악축제	여자	70대이상	147	7						
2019-10-14	영동난계국악축제							새벽	249	77	0
2019-10-14	영동난계국악축제							야간	287	51	0
2019-10-14	영동난계국악축제							오전	542	115	0
2019-10-14	영동난계국악축제							오후	1169	164	0
2019-10-14	영동난계국악축제							저녁	926	110	0
2019-10-14	영동난계국악축제							점심	666	112	0
2019-10-15	영동난계국악축제	남자	10대	175	2						
2019-10-15	영동난계국악축제	남자	10대이하	29	4						
2019-10-15	영동난계국악축제	남자	20대	134	48						
2019-10-15	영동난계국악축제	남자	30대	106	108						
2019-10-15	영동난계국악축제	남자	40대	375	72						
2019-10-15	영동난계국악축제	남자	50대	293	111						
2019-10-15	영동난계국악축제	남자	60대	273	62						
2019-10-15	영동난계국악축제	남자	70대이상	137	22						
2019-10-15	영동난계국악축제	여자	10대	251	4						
2019-10-15	영동난계국악축제	여자	10대이하	46	0						
2019-10-15	영동난계국악축제	여자	20대	128	11						
2019-10-15	영동난계국악축제	여자	30대	203	17						
2019-10-15	영동난계국악축제	여자	40대	466	70						
2019-10-15	영동난계국악축제	여자	50대	558	78						
2019-10-15	영동난계국악축제	여자	60대	310	21						
2019-10-15	영동난계국악축제	여자	70대이상	157	11						
2019-10-15	영동난계국악축제							새벽	231	107	0
2019-10-15	영동난계국악축제							야간	222	82	0
2019-10-15	영동난계국악축제							오전	551	89	0
2019-10-15	영동난계국악축제							오후	1075	108	0
2019-10-15	영동난계국악축제							저녁	841	108	0
2019-10-15	영동난계국악축제							점심	721	147	0
2019-10-16	영동난계국악축제	남자	10대	252	6						
2019-10-16	영동난계국악축제	남자	10대이하	23	0						
2019-10-16	영동난계국악축제	남자	20대	66	73						
2019-10-16	영동난계국악축제	남자	30대	104	122						
2019-10-16	영동난계국악축제	남자	40대	339	35						
2019-10-16	영동난계국악축제	남자	50대	321	87						
2019-10-16	영동난계국악축제	남자	60대	291	44						
2019-10-16	영동난계국악축제	남자	70대이상	147	14						
2019-10-16	영동난계국악축제	여자	10대	275	0						
2019-10-16	영동난계국악축제	여자	10대이하	35	0						
2019-10-16	영동난계국악축제	여자	20대	198	27						
2019-10-16	영동난계국악축제	여자	30대	168	13						
2019-10-16	영동난계국악축제	여자	40대	434	64						
2019-10-16	영동난계국악축제	여자	50대	577	86						
2019-10-16	영동난계국악축제	여자	60대	222	11						
2019-10-16	영동난계국악축제	여자	70대이상	144	11						
2019-10-16	영동난계국악축제							새벽	226	127	0
2019-10-16	영동난계국악축제							야간	203	60	0
2019-10-16	영동난계국악축제							오전	445	85	0
2019-10-16	영동난계국악축제							오후	1135	133	0
2019-10-16	영동난계국악축제							저녁	831	106	0
2019-10-16	영동난계국악축제							점심	756	82	0
2019-10-17	영동난계국악축제	남자	10대	188	8						
2019-10-17	영동난계국악축제	남자	10대이하	30	1						
2019-10-17	영동난계국악축제	남자	20대	128	59						
2019-10-17	영동난계국악축제	남자	30대	126	140						
2019-10-17	영동난계국악축제	남자	40대	372	81						
2019-10-17	영동난계국악축제	남자	50대	408	66						
2019-10-17	영동난계국악축제	남자	60대	302	54						
2019-10-17	영동난계국악축제	남자	70대이상	139	3						
2019-10-17	영동난계국악축제	여자	10대	227	11						
2019-10-17	영동난계국악축제	여자	10대이하	31	0						
2019-10-17	영동난계국악축제	여자	20대	177	47						
2019-10-17	영동난계국악축제	여자	30대	185	13						
2019-10-17	영동난계국악축제	여자	40대	449	70						
2019-10-17	영동난계국악축제	여자	50대	461	90						
2019-10-17	영동난계국악축제	여자	60대	155	28						
2019-10-17	영동난계국악축제	여자	70대이상	115	8						
2019-10-17	영동난계국악축제							새벽	186	137	0
2019-10-17	영동난계국악축제							야간	257	66	0
2019-10-17	영동난계국악축제							오전	496	121	0
2019-10-17	영동난계국악축제							오후	1042	142	0
2019-10-17	영동난계국악축제							저녁	867	82	0
2019-10-17	영동난계국악축제							점심	645	131	0
2019-10-18	영동난계국악축제	남자	10대	192	16						
2019-10-18	영동난계국악축제	남자	10대이하	20	1						
2019-10-18	영동난계국악축제	남자	20대	151	80						
2019-10-18	영동난계국악축제	남자	30대	160	117						
2019-10-18	영동난계국악축제	남자	40대	323	101						
2019-10-18	영동난계국악축제	남자	50대	315	146						
2019-10-18	영동난계국악축제	남자	60대	278	43						
2019-10-18	영동난계국악축제	남자	70대이상	131	11						
2019-10-18	영동난계국악축제	여자	10대	221	16						
2019-10-18	영동난계국악축제	여자	10대이하	29	0						
2019-10-18	영동난계국악축제	여자	20대	139	37						
2019-10-18	영동난계국악축제	여자	30대	183	41						
2019-10-18	영동난계국악축제	여자	40대	461	64						
2019-10-18	영동난계국악축제	여자	50대	457	63						
2019-10-18	영동난계국악축제	여자	60대	203	37						
2019-10-18	영동난계국악축제	여자	70대이상	153	5						
2019-10-18	영동난계국악축제							새벽	248	161	0
2019-10-18	영동난계국악축제							야간	256	68	0
2019-10-18	영동난계국악축제							오전	437	113	0
2019-10-18	영동난계국악축제							오후	998	144	0
2019-10-18	영동난계국악축제							저녁	829	163	0
2019-10-18	영동난계국악축제							점심	648	129	0
2019-10-19	영동난계국악축제	남자	10대	265	69						
2019-10-19	영동난계국악축제	남자	10대이하	6	1						
2019-10-19	영동난계국악축제	남자	20대	161	177						
2019-10-19	영동난계국악축제	남자	30대	157	109						
2019-10-19	영동난계국악축제	남자	40대	302	181						
2019-10-19	영동난계국악축제	남자	50대	350	172						
2019-10-19	영동난계국악축제	남자	60대	274	42						
2019-10-19	영동난계국악축제	남자	70대이상	72	16						
2019-10-19	영동난계국악축제	여자	10대	326	15						
2019-10-19	영동난계국악축제	여자	10대이하	5	5						
2019-10-19	영동난계국악축제	여자	20대	136	69						
2019-10-19	영동난계국악축제	여자	30대	130	40						
2019-10-19	영동난계국악축제	여자	40대	383	157						
2019-10-19	영동난계국악축제	여자	50대	421	150						
2019-10-19	영동난계국악축제	여자	60대	182	60						
2019-10-19	영동난계국악축제	여자	70대이상	103	12						
2019-10-19	영동난계국악축제							새벽	246	163	0
2019-10-19	영동난계국악축제							야간	266	138	0
2019-10-19	영동난계국악축제							오전	479	184	0
2019-10-19	영동난계국악축제							오후	884	288	0
2019-10-19	영동난계국악축제							저녁	761	268	0
2019-10-19	영동난계국악축제							점심	637	234	0
2019-10-20	영동난계국악축제	남자	10대	225	70						
2019-10-20	영동난계국악축제	남자	10대이하	8	0						
2019-10-20	영동난계국악축제	남자	20대	143	179						
2019-10-20	영동난계국악축제	남자	30대	149	48						
2019-10-20	영동난계국악축제	남자	40대	285	100						
2019-10-20	영동난계국악축제	남자	50대	342	107						
2019-10-20	영동난계국악축제	남자	60대	218	56						
2019-10-20	영동난계국악축제	남자	70대이상	68	1						
2019-10-20	영동난계국악축제	여자	10대	254	15						
2019-10-20	영동난계국악축제	여자	10대이하	15	4						
2019-10-20	영동난계국악축제	여자	20대	102	31						
2019-10-20	영동난계국악축제	여자	30대	125	32						
2019-10-20	영동난계국악축제	여자	40대	268	135						
2019-10-20	영동난계국악축제	여자	50대	296	81						
2019-10-20	영동난계국악축제	여자	60대	98	12						
2019-10-20	영동난계국악축제	여자	70대이상	84	4						
2019-10-20	영동난계국악축제							새벽	288	232	0
2019-10-20	영동난계국악축제							야간	195	56	0
2019-10-20	영동난계국악축제							오전	342	177	0
2019-10-20	영동난계국악축제							오후	779	155	0
2019-10-20	영동난계국악축제							저녁	531	98	0
2019-10-20	영동난계국악축제							점심	545	157	0
2019-10-21	영동난계국악축제	남자	10대	266	4						
2019-10-21	영동난계국악축제	남자	10대이하	22	0						
2019-10-21	영동난계국악축제	남자	20대	115	61						
2019-10-21	영동난계국악축제	남자	30대	159	40						
2019-10-21	영동난계국악축제	남자	40대	329	84						
2019-10-21	영동난계국악축제	남자	50대	381	68						
2019-10-21	영동난계국악축제	남자	60대	259	37						
2019-10-21	영동난계국악축제	남자	70대이상	137	11						
2019-10-21	영동난계국악축제	여자	10대	274	2						
2019-10-21	영동난계국악축제	여자	10대이하	41	0						
2019-10-21	영동난계국악축제	여자	20대	145	22						
2019-10-21	영동난계국악축제	여자	30대	201	12						
2019-10-21	영동난계국악축제	여자	40대	412	94						
2019-10-21	영동난계국악축제	여자	50대	518	50						
2019-10-21	영동난계국악축제	여자	60대	191	32						
2019-10-21	영동난계국악축제	여자	70대이상	129	7						
2019-10-21	영동난계국악축제							새벽	216	93	0
2019-10-21	영동난계국악축제							야간	261	68	0
2019-10-21	영동난계국악축제							오전	441	92	0
2019-10-21	영동난계국악축제							오후	1223	123	0
2019-10-21	영동난계국악축제							저녁	758	69	0
2019-10-21	영동난계국악축제							점심	680	79	0
2019-09-19	영동난계국악축제_대한민국와인축제	남자	10대	4	1						
2019-09-19	영동난계국악축제_대한민국와인축제	남자	10대이하	5	3						
2019-09-19	영동난계국악축제_대한민국와인축제	남자	20대	39	25						
2019-09-19	영동난계국악축제_대한민국와인축제	남자	30대	52	43						
2019-09-19	영동난계국악축제_대한민국와인축제	남자	40대	105	48						
2019-09-19	영동난계국악축제_대한민국와인축제	남자	50대	154	88						
2019-09-19	영동난계국악축제_대한민국와인축제	남자	60대	120	112						
2019-09-19	영동난계국악축제_대한민국와인축제	남자	70대이상	68	103						
2019-09-19	영동난계국악축제_대한민국와인축제	여자	10대	1	0						
2019-09-19	영동난계국악축제_대한민국와인축제	여자	20대	3	22						
2019-09-19	영동난계국악축제_대한민국와인축제	여자	30대	23	23						
2019-09-19	영동난계국악축제_대한민국와인축제	여자	40대	66	22						
2019-09-19	영동난계국악축제_대한민국와인축제	여자	50대	72	62						
2019-09-19	영동난계국악축제_대한민국와인축제	여자	60대	20	2						
2019-09-19	영동난계국악축제_대한민국와인축제	여자	70대이상	20	0						
2019-09-19	영동난계국악축제_대한민국와인축제							새벽	43	0	0
2019-09-19	영동난계국악축제_대한민국와인축제							야간	38	4	0
2019-09-19	영동난계국악축제_대한민국와인축제							오전	156	137	0
2019-09-19	영동난계국악축제_대한민국와인축제							오후	285	177	0
2019-09-19	영동난계국악축제_대한민국와인축제							저녁	76	9	0
2019-09-19	영동난계국악축제_대한민국와인축제							점심	154	227	0
2019-09-20	영동난계국악축제_대한민국와인축제	남자	10대	15	6						
2019-09-20	영동난계국악축제_대한민국와인축제	남자	10대이하	12	0						
2019-09-20	영동난계국악축제_대한민국와인축제	남자	20대	14	18						
2019-09-20	영동난계국악축제_대한민국와인축제	남자	30대	44	29						
2019-09-20	영동난계국악축제_대한민국와인축제	남자	40대	99	69						
2019-09-20	영동난계국악축제_대한민국와인축제	남자	50대	178	124						
2019-09-20	영동난계국악축제_대한민국와인축제	남자	60대	141	114						
2019-09-20	영동난계국악축제_대한민국와인축제	남자	70대이상	79	25						
2019-09-20	영동난계국악축제_대한민국와인축제	여자	10대	16	0						
2019-09-20	영동난계국악축제_대한민국와인축제	여자	20대	11	32						
2019-09-20	영동난계국악축제_대한민국와인축제	여자	30대	21	12						
2019-09-20	영동난계국악축제_대한민국와인축제	여자	40대	61	23						
2019-09-20	영동난계국악축제_대한민국와인축제	여자	50대	90	46						
2019-09-20	영동난계국악축제_대한민국와인축제	여자	60대	26	28						
2019-09-20	영동난계국악축제_대한민국와인축제	여자	70대이상	26	4						
2019-09-20	영동난계국악축제_대한민국와인축제							새벽	57	1	0
2019-09-20	영동난계국악축제_대한민국와인축제							야간	36	5	0
2019-09-20	영동난계국악축제_대한민국와인축제							오전	168	108	0
2019-09-20	영동난계국악축제_대한민국와인축제							오후	283	238	0
2019-09-20	영동난계국악축제_대한민국와인축제							저녁	155	47	0
2019-09-20	영동난계국악축제_대한민국와인축제							점심	134	131	0
2019-09-21	영동난계국악축제_대한민국와인축제	남자	10대	12	0						
2019-09-21	영동난계국악축제_대한민국와인축제	남자	10대이하	19	0						
2019-09-21	영동난계국악축제_대한민국와인축제	남자	20대	10	33						
2019-09-21	영동난계국악축제_대한민국와인축제	남자	30대	34	39						
2019-09-21	영동난계국악축제_대한민국와인축제	남자	40대	85	43						
2019-09-21	영동난계국악축제_대한민국와인축제	남자	50대	59	125						
2019-09-21	영동난계국악축제_대한민국와인축제	남자	60대	53	98						
2019-09-21	영동난계국악축제_대한민국와인축제	남자	70대이상	45	30						
2019-09-21	영동난계국악축제_대한민국와인축제	여자	10대	26	11						
2019-09-21	영동난계국악축제_대한민국와인축제	여자	20대	9	68						
2019-09-21	영동난계국악축제_대한민국와인축제	여자	30대	11	45						
2019-09-21	영동난계국악축제_대한민국와인축제	여자	40대	81	122						
2019-09-21	영동난계국악축제_대한민국와인축제	여자	50대	96	155						
2019-09-21	영동난계국악축제_대한민국와인축제	여자	60대	9	72						
2019-09-21	영동난계국악축제_대한민국와인축제	여자	70대이상	6	14						
2019-09-21	영동난계국악축제_대한민국와인축제					중국	21				
2019-09-21	영동난계국악축제_대한민국와인축제							새벽	40	9	0
2019-09-21	영동난계국악축제_대한민국와인축제							야간	12	0	0
2019-09-21	영동난계국악축제_대한민국와인축제							오전	121	136	16
2019-09-21	영동난계국악축제_대한민국와인축제							오후	111	226	0
2019-09-21	영동난계국악축제_대한민국와인축제							저녁	35	3	0
2019-09-21	영동난계국악축제_대한민국와인축제							점심	236	481	5
2019-09-22	영동난계국악축제_대한민국와인축제	남자	10대	13	0						
2019-09-22	영동난계국악축제_대한민국와인축제	남자	10대이하	11	0						
2019-09-22	영동난계국악축제_대한민국와인축제	남자	20대	7	16						
2019-09-22	영동난계국악축제_대한민국와인축제	남자	30대	9	15						
2019-09-22	영동난계국악축제_대한민국와인축제	남자	40대	94	13						
2019-09-22	영동난계국악축제_대한민국와인축제	남자	50대	63	99						
2019-09-22	영동난계국악축제_대한민국와인축제	남자	60대	39	82						
2019-09-22	영동난계국악축제_대한민국와인축제	남자	70대이상	18	6						
2019-09-22	영동난계국악축제_대한민국와인축제	여자	10대	5	3						
2019-09-22	영동난계국악축제_대한민국와인축제	여자	20대	17	9						
2019-09-22	영동난계국악축제_대한민국와인축제	여자	30대	19	15						
2019-09-22	영동난계국악축제_대한민국와인축제	여자	40대	74	22						
2019-09-22	영동난계국악축제_대한민국와인축제	여자	50대	30	132						
2019-09-22	영동난계국악축제_대한민국와인축제	여자	60대	36	50						
2019-09-22	영동난계국악축제_대한민국와인축제	여자	70대이상	14	4						
2019-09-22	영동난계국악축제_대한민국와인축제							새벽	27	0	0
2019-09-22	영동난계국악축제_대한민국와인축제							야간	28	4	0
2019-09-22	영동난계국악축제_대한민국와인축제							오전	74	93	0
2019-09-22	영동난계국악축제_대한민국와인축제							오후	143	159	0
2019-09-22	영동난계국악축제_대한민국와인축제							저녁	47	15	0
2019-09-22	영동난계국악축제_대한민국와인축제							점심	130	195	0
2019-09-23	영동난계국악축제_대한민국와인축제	남자	10대	6	5						
2019-09-23	영동난계국악축제_대한민국와인축제	남자	20대	32	7						
2019-09-23	영동난계국악축제_대한민국와인축제	남자	30대	45	14						
2019-09-23	영동난계국악축제_대한민국와인축제	남자	40대	101	13						
2019-09-23	영동난계국악축제_대한민국와인축제	남자	50대	139	46						
2019-09-23	영동난계국악축제_대한민국와인축제	남자	60대	151	23						
2019-09-23	영동난계국악축제_대한민국와인축제	남자	70대이상	79	22						
2019-09-23	영동난계국악축제_대한민국와인축제	여자	20대	7	4						
2019-09-23	영동난계국악축제_대한민국와인축제	여자	30대	12	1						
2019-09-23	영동난계국악축제_대한민국와인축제	여자	40대	66	11						
2019-09-23	영동난계국악축제_대한민국와인축제	여자	50대	48	7						
2019-09-23	영동난계국악축제_대한민국와인축제	여자	60대	21	1						
2019-09-23	영동난계국악축제_대한민국와인축제	여자	70대이상	34	0						
2019-09-23	영동난계국악축제_대한민국와인축제							새벽	36	0	0
2019-09-23	영동난계국악축제_대한민국와인축제							야간	41	5	0
2019-09-23	영동난계국악축제_대한민국와인축제							오전	187	42	0
2019-09-23	영동난계국악축제_대한민국와인축제							오후	266	54	0
2019-09-23	영동난계국악축제_대한민국와인축제							저녁	69	7	0
2019-09-23	영동난계국악축제_대한민국와인축제							점심	142	46	0
2019-09-24	영동난계국악축제_대한민국와인축제	남자	10대	14	3						
2019-09-24	영동난계국악축제_대한민국와인축제	남자	10대이하	7	0						
2019-09-24	영동난계국악축제_대한민국와인축제	남자	20대	41	30						
2019-09-24	영동난계국악축제_대한민국와인축제	남자	30대	64	25						
2019-09-24	영동난계국악축제_대한민국와인축제	남자	40대	94	46						
2019-09-24	영동난계국악축제_대한민국와인축제	남자	50대	129	67						
2019-09-24	영동난계국악축제_대한민국와인축제	남자	60대	167	74						
2019-09-24	영동난계국악축제_대한민국와인축제	남자	70대이상	233	61						
2019-09-24	영동난계국악축제_대한민국와인축제	여자	10대	11	6						
2019-09-24	영동난계국악축제_대한민국와인축제	여자	20대	8	2						
2019-09-24	영동난계국악축제_대한민국와인축제	여자	30대	35	5						
2019-09-24	영동난계국악축제_대한민국와인축제	여자	40대	71	30						
2019-09-24	영동난계국악축제_대한민국와인축제	여자	50대	47	17						
2019-09-24	영동난계국악축제_대한민국와인축제	여자	60대	40	2						
2019-09-24	영동난계국악축제_대한민국와인축제	여자	70대이상	37	24						
2019-09-24	영동난계국악축제_대한민국와인축제							새벽	39	0	0
2019-09-24	영동난계국악축제_대한민국와인축제							야간	26	4	0
2019-09-24	영동난계국악축제_대한민국와인축제							오전	335	117	0
2019-09-24	영동난계국악축제_대한민국와인축제							오후	285	144	0
2019-09-24	영동난계국악축제_대한민국와인축제							저녁	47	6	0
2019-09-24	영동난계국악축제_대한민국와인축제							점심	266	121	0
2019-09-25	영동난계국악축제_대한민국와인축제	남자	10대	11	3						
2019-09-25	영동난계국악축제_대한민국와인축제	남자	10대이하	2	0						
2019-09-25	영동난계국악축제_대한민국와인축제	남자	20대	16	24						
2019-09-25	영동난계국악축제_대한민국와인축제	남자	30대	56	27						
2019-09-25	영동난계국악축제_대한민국와인축제	남자	40대	115	21						
2019-09-25	영동난계국악축제_대한민국와인축제	남자	50대	186	67						
2019-09-25	영동난계국악축제_대한민국와인축제	남자	60대	119	63						
2019-09-25	영동난계국악축제_대한민국와인축제	남자	70대이상	72	28						
2019-09-25	영동난계국악축제_대한민국와인축제	여자	10대	3	1						
2019-09-25	영동난계국악축제_대한민국와인축제	여자	10대이하	0	1						
2019-09-25	영동난계국악축제_대한민국와인축제	여자	20대	4	10						
2019-09-25	영동난계국악축제_대한민국와인축제	여자	30대	10	4						
2019-09-25	영동난계국악축제_대한민국와인축제	여자	40대	62	14						
2019-09-25	영동난계국악축제_대한민국와인축제	여자	50대	83	23						
2019-09-25	영동난계국악축제_대한민국와인축제	여자	60대	18	1						
2019-09-25	영동난계국악축제_대한민국와인축제	여자	70대이상	23	2						
2019-09-25	영동난계국악축제_대한민국와인축제							새벽	45	0	0
2019-09-25	영동난계국악축제_대한민국와인축제							야간	44	8	0
2019-09-25	영동난계국악축제_대한민국와인축제							오전	149	80	0
2019-09-25	영동난계국악축제_대한민국와인축제							오후	313	106	0
2019-09-25	영동난계국악축제_대한민국와인축제							저녁	97	14	0
2019-09-25	영동난계국악축제_대한민국와인축제							점심	132	81	0
2019-09-26	영동난계국악축제_대한민국와인축제	남자	10대	4	2						
2019-09-26	영동난계국악축제_대한민국와인축제	남자	10대이하	18	3						
2019-09-26	영동난계국악축제_대한민국와인축제	남자	20대	6	5						
2019-09-26	영동난계국악축제_대한민국와인축제	남자	30대	40	40						
2019-09-26	영동난계국악축제_대한민국와인축제	남자	40대	113	37						
2019-09-26	영동난계국악축제_대한민국와인축제	남자	50대	121	86						
2019-09-26	영동난계국악축제_대한민국와인축제	남자	60대	107	68						
2019-09-26	영동난계국악축제_대한민국와인축제	남자	70대이상	77	25						
2019-09-26	영동난계국악축제_대한민국와인축제	여자	10대	3	1						
2019-09-26	영동난계국악축제_대한민국와인축제	여자	10대이하	1	0						
2019-09-26	영동난계국악축제_대한민국와인축제	여자	20대	7	17						
2019-09-26	영동난계국악축제_대한민국와인축제	여자	30대	10	5						
2019-09-26	영동난계국악축제_대한민국와인축제	여자	40대	44	33						
2019-09-26	영동난계국악축제_대한민국와인축제	여자	50대	53	33						
2019-09-26	영동난계국악축제_대한민국와인축제	여자	60대	21	8						
2019-09-26	영동난계국악축제_대한민국와인축제	여자	70대이상	33	7						
2019-09-26	영동난계국악축제_대한민국와인축제							새벽	65	11	0
2019-09-26	영동난계국악축제_대한민국와인축제							야간	36	0	0
2019-09-26	영동난계국악축제_대한민국와인축제							오전	129	85	0
2019-09-26	영동난계국악축제_대한민국와인축제							오후	233	159	0
2019-09-26	영동난계국악축제_대한민국와인축제							저녁	86	7	0
2019-09-26	영동난계국악축제_대한민국와인축제							점심	109	108	0
2019-09-27	영동난계국악축제_대한민국와인축제	남자	10대	7	7						
2019-09-27	영동난계국악축제_대한민국와인축제	남자	10대이하	23	0						
2019-09-27	영동난계국악축제_대한민국와인축제	남자	20대	20	34						
2019-09-27	영동난계국악축제_대한민국와인축제	남자	30대	34	50						
2019-09-27	영동난계국악축제_대한민국와인축제	남자	40대	140	41						
2019-09-27	영동난계국악축제_대한민국와인축제	남자	50대	159	60						
2019-09-27	영동난계국악축제_대한민국와인축제	남자	60대	128	68						
2019-09-27	영동난계국악축제_대한민국와인축제	남자	70대이상	70	13						
2019-09-27	영동난계국악축제_대한민국와인축제	여자	10대	6	9						
2019-09-27	영동난계국악축제_대한민국와인축제	여자	20대	13	30						
2019-09-27	영동난계국악축제_대한민국와인축제	여자	30대	31	18						
2019-09-27	영동난계국악축제_대한민국와인축제	여자	40대	47	16						
2019-09-27	영동난계국악축제_대한민국와인축제	여자	50대	49	21						
2019-09-27	영동난계국악축제_대한민국와인축제	여자	60대	34	12						
2019-09-27	영동난계국악축제_대한민국와인축제	여자	70대이상	16	0						
2019-09-27	영동난계국악축제_대한민국와인축제							새벽	67	0	0
2019-09-27	영동난계국악축제_대한민국와인축제							야간	42	3	0
2019-09-27	영동난계국악축제_대한민국와인축제							오전	165	82	0
2019-09-27	영동난계국악축제_대한민국와인축제							오후	249	170	0
2019-09-27	영동난계국악축제_대한민국와인축제							저녁	80	8	0
2019-09-27	영동난계국악축제_대한민국와인축제							점심	174	116	0
2019-09-28	영동난계국악축제_대한민국와인축제	남자	10대	146	100						
2019-09-28	영동난계국악축제_대한민국와인축제	남자	10대이하	59	64						
2019-09-28	영동난계국악축제_대한민국와인축제	남자	20대	77	69						
2019-09-28	영동난계국악축제_대한민국와인축제	남자	30대	35	129						
2019-09-28	영동난계국악축제_대한민국와인축제	남자	40대	171	102						
2019-09-28	영동난계국악축제_대한민국와인축제	남자	50대	371	223						
2019-09-28	영동난계국악축제_대한민국와인축제	남자	60대	190	106						
2019-09-28	영동난계국악축제_대한민국와인축제	남자	70대이상	59	41						
2019-09-28	영동난계국악축제_대한민국와인축제	여자	10대	144	212						
2019-09-28	영동난계국악축제_대한민국와인축제	여자	10대이하	56	135						
2019-09-28	영동난계국악축제_대한민국와인축제	여자	20대	27	86						
2019-09-28	영동난계국악축제_대한민국와인축제	여자	30대	86	89						
2019-09-28	영동난계국악축제_대한민국와인축제	여자	40대	189	183						
2019-09-28	영동난계국악축제_대한민국와인축제	여자	50대	278	258						
2019-09-28	영동난계국악축제_대한민국와인축제	여자	60대	79	52						
2019-09-28	영동난계국악축제_대한민국와인축제	여자	70대이상	23	12						
2019-09-28	영동난계국악축제_대한민국와인축제					미국	1				
2019-09-28	영동난계국악축제_대한민국와인축제							새벽	57	0	0
2019-09-28	영동난계국악축제_대한민국와인축제							야간	40	7	0
2019-09-28	영동난계국악축제_대한민국와인축제							오전	273	202	0
2019-09-28	영동난계국악축제_대한민국와인축제							오후	371	508	0
2019-09-28	영동난계국악축제_대한민국와인축제							저녁	109	28	0
2019-09-28	영동난계국악축제_대한민국와인축제							점심	1140	1116	1
2019-09-29	영동난계국악축제_대한민국와인축제	남자	10대	29	14						
2019-09-29	영동난계국악축제_대한민국와인축제	남자	10대이하	16	2						
2019-09-29	영동난계국악축제_대한민국와인축제	남자	20대	26	46						
2019-09-29	영동난계국악축제_대한민국와인축제	남자	30대	3	77						
2019-09-29	영동난계국악축제_대한민국와인축제	남자	40대	116	235						
2019-09-29	영동난계국악축제_대한민국와인축제	남자	50대	105	175						
2019-09-29	영동난계국악축제_대한민국와인축제	남자	60대	51	69						
2019-09-29	영동난계국악축제_대한민국와인축제	남자	70대이상	40	18						
2019-09-29	영동난계국악축제_대한민국와인축제	여자	10대	11	18						
2019-09-29	영동난계국악축제_대한민국와인축제	여자	10대이하	10	0						
2019-09-29	영동난계국악축제_대한민국와인축제	여자	20대	19	40						
2019-09-29	영동난계국악축제_대한민국와인축제	여자	30대	26	87						
2019-09-29	영동난계국악축제_대한민국와인축제	여자	40대	96	234						
2019-09-29	영동난계국악축제_대한민국와인축제	여자	50대	68	205						
2019-09-29	영동난계국악축제_대한민국와인축제	여자	60대	31	53						
2019-09-29	영동난계국악축제_대한민국와인축제	여자	70대이상	23	4						
2019-09-29	영동난계국악축제_대한민국와인축제							새벽	70	0	0
2019-09-29	영동난계국악축제_대한민국와인축제							야간	44	6	0
2019-09-29	영동난계국악축제_대한민국와인축제							오전	136	265	0
2019-09-29	영동난계국악축제_대한민국와인축제							오후	179	450	0
2019-09-29	영동난계국악축제_대한민국와인축제							저녁	48	2	0
2019-09-29	영동난계국악축제_대한민국와인축제							점심	193	554	0
2019-09-30	영동난계국악축제_대한민국와인축제	남자	10대	17	3						
2019-09-30	영동난계국악축제_대한민국와인축제	남자	10대이하	11	0						
2019-09-30	영동난계국악축제_대한민국와인축제	남자	20대	18	9						
2019-09-30	영동난계국악축제_대한민국와인축제	남자	30대	63	47						
2019-09-30	영동난계국악축제_대한민국와인축제	남자	40대	109	26						
2019-09-30	영동난계국악축제_대한민국와인축제	남자	50대	259	83						
2019-09-30	영동난계국악축제_대한민국와인축제	남자	60대	158	66						
2019-09-30	영동난계국악축제_대한민국와인축제	남자	70대이상	125	29						
2019-09-30	영동난계국악축제_대한민국와인축제	여자	10대	3	0						
2019-09-30	영동난계국악축제_대한민국와인축제	여자	20대	13	14						
2019-09-30	영동난계국악축제_대한민국와인축제	여자	30대	23	1						
2019-09-30	영동난계국악축제_대한민국와인축제	여자	40대	121	12						
2019-09-30	영동난계국악축제_대한민국와인축제	여자	50대	123	10						
2019-09-30	영동난계국악축제_대한민국와인축제	여자	60대	67	3						
2019-09-30	영동난계국악축제_대한민국와인축제	여자	70대이상	44	2						
2019-09-30	영동난계국악축제_대한민국와인축제							새벽	45	0	0
2019-09-30	영동난계국악축제_대한민국와인축제							야간	48	9	0
2019-09-30	영동난계국악축제_대한민국와인축제							오전	190	67	0
2019-09-30	영동난계국악축제_대한민국와인축제							오후	422	127	0
2019-09-30	영동난계국악축제_대한민국와인축제							저녁	217	32	0
2019-09-30	영동난계국악축제_대한민국와인축제							점심	232	70	0
2019-10-01	영동난계국악축제_대한민국와인축제	남자	10대	12	2						
2019-10-01	영동난계국악축제_대한민국와인축제	남자	10대이하	23	2						
2019-10-01	영동난계국악축제_대한민국와인축제	남자	20대	18	72						
2019-10-01	영동난계국악축제_대한민국와인축제	남자	30대	41	12						
2019-10-01	영동난계국악축제_대한민국와인축제	남자	40대	93	81						
2019-10-01	영동난계국악축제_대한민국와인축제	남자	50대	184	127						
2019-10-01	영동난계국악축제_대한민국와인축제	남자	60대	164	47						
2019-10-01	영동난계국악축제_대한민국와인축제	남자	70대이상	52	11						
2019-10-01	영동난계국악축제_대한민국와인축제	여자	10대	4	6						
2019-10-01	영동난계국악축제_대한민국와인축제	여자	20대	24	2						
2019-10-01	영동난계국악축제_대한민국와인축제	여자	30대	20	6						
2019-10-01	영동난계국악축제_대한민국와인축제	여자	40대	72	50						
2019-10-01	영동난계국악축제_대한민국와인축제	여자	50대	73	59						
2019-10-01	영동난계국악축제_대한민국와인축제	여자	60대	15	50						
2019-10-01	영동난계국악축제_대한민국와인축제	여자	70대이상	36	22						
2019-10-01	영동난계국악축제_대한민국와인축제							새벽	65	0	0
2019-10-01	영동난계국악축제_대한민국와인축제							야간	42	4	0
2019-10-01	영동난계국악축제_대한민국와인축제							오전	229	84	0
2019-10-01	영동난계국악축제_대한민국와인축제							오후	277	343	0
2019-10-01	영동난계국악축제_대한민국와인축제							저녁	76	31	0
2019-10-01	영동난계국악축제_대한민국와인축제							점심	142	87	0
2019-10-02	영동난계국악축제_대한민국와인축제	남자	10대	31	1						
2019-10-02	영동난계국악축제_대한민국와인축제	남자	10대이하	7	0						
2019-10-02	영동난계국악축제_대한민국와인축제	남자	20대	27	16						
2019-10-02	영동난계국악축제_대한민국와인축제	남자	30대	92	49						
2019-10-02	영동난계국악축제_대한민국와인축제	남자	40대	115	70						
2019-10-02	영동난계국악축제_대한민국와인축제	남자	50대	150	32						
2019-10-02	영동난계국악축제_대한민국와인축제	남자	60대	73	14						
2019-10-02	영동난계국악축제_대한민국와인축제	남자	70대이상	28	0						
2019-10-02	영동난계국악축제_대한민국와인축제	여자	10대	3	8						
2019-10-02	영동난계국악축제_대한민국와인축제	여자	20대	40	4						
2019-10-02	영동난계국악축제_대한민국와인축제	여자	30대	9	10						
2019-10-02	영동난계국악축제_대한민국와인축제	여자	40대	100	38						
2019-10-02	영동난계국악축제_대한민국와인축제	여자	50대	116	49						
2019-10-02	영동난계국악축제_대한민국와인축제	여자	60대	20	8						
2019-10-02	영동난계국악축제_대한민국와인축제	여자	70대이상	24	2						
2019-10-02	영동난계국악축제_대한민국와인축제					일본	8				
2019-10-02	영동난계국악축제_대한민국와인축제							새벽	47	1	0
2019-10-02	영동난계국악축제_대한민국와인축제							야간	43	4	7
2019-10-02	영동난계국악축제_대한민국와인축제							오전	167	52	0
2019-10-02	영동난계국악축제_대한민국와인축제							오후	281	151	0
2019-10-02	영동난계국악축제_대한민국와인축제							저녁	72	17	1
2019-10-02	영동난계국악축제_대한민국와인축제							점심	225	76	0
2019-10-03	영동난계국악축제_대한민국와인축제	남자	10대	34	11						
2019-10-03	영동난계국악축제_대한민국와인축제	남자	10대이하	22	0						
2019-10-03	영동난계국악축제_대한민국와인축제	남자	20대	25	41						
2019-10-03	영동난계국악축제_대한민국와인축제	남자	30대	120	90						
2019-10-03	영동난계국악축제_대한민국와인축제	남자	40대	193	109						
2019-10-03	영동난계국악축제_대한민국와인축제	남자	50대	160	90						
2019-10-03	영동난계국악축제_대한민국와인축제	남자	60대	136	49						
2019-10-03	영동난계국악축제_대한민국와인축제	남자	70대이상	54	24						
2019-10-03	영동난계국악축제_대한민국와인축제	여자	10대	13	28						
2019-10-03	영동난계국악축제_대한민국와인축제	여자	10대이하	8	5						
2019-10-03	영동난계국악축제_대한민국와인축제	여자	20대	22	33						
2019-10-03	영동난계국악축제_대한민국와인축제	여자	30대	127	88						
2019-10-03	영동난계국악축제_대한민국와인축제	여자	40대	98	102						
2019-10-03	영동난계국악축제_대한민국와인축제	여자	50대	213	88						
2019-10-03	영동난계국악축제_대한민국와인축제	여자	60대	142	49						
2019-10-03	영동난계국악축제_대한민국와인축제	여자	70대이상	31	18						
2019-10-03	영동난계국악축제_대한민국와인축제					일본	8				
2019-10-03	영동난계국악축제_대한민국와인축제							새벽	45	13	3
2019-10-03	영동난계국악축제_대한민국와인축제							야간	58	12	1
2019-10-03	영동난계국악축제_대한민국와인축제							오전	158	83	1
2019-10-03	영동난계국악축제_대한민국와인축제							오후	570	351	1
2019-10-03	영동난계국악축제_대한민국와인축제							저녁	141	69	2
2019-10-03	영동난계국악축제_대한민국와인축제							점심	426	297	0
2019-10-04	영동난계국악축제_대한민국와인축제	남자	10대	112	55						
2019-10-04	영동난계국악축제_대한민국와인축제	남자	10대이하	25	0						
2019-10-04	영동난계국악축제_대한민국와인축제	남자	20대	218	224						
2019-10-04	영동난계국악축제_대한민국와인축제	남자	30대	426	216						
2019-10-04	영동난계국악축제_대한민국와인축제	남자	40대	560	225						
2019-10-04	영동난계국악축제_대한민국와인축제	남자	50대	1110	420						
2019-10-04	영동난계국악축제_대한민국와인축제	남자	60대	666	331						
2019-10-04	영동난계국악축제_대한민국와인축제	남자	70대이상	166	119						
2019-10-04	영동난계국악축제_대한민국와인축제	여자	10대	102	49						
2019-10-04	영동난계국악축제_대한민국와인축제	여자	10대이하	27	16						
2019-10-04	영동난계국악축제_대한민국와인축제	여자	20대	297	236						
2019-10-04	영동난계국악축제_대한민국와인축제	여자	30대	403	189						
2019-10-04	영동난계국악축제_대한민국와인축제	여자	40대	587	299						
2019-10-04	영동난계국악축제_대한민국와인축제	여자	50대	948	470						
2019-10-04	영동난계국악축제_대한민국와인축제	여자	60대	517	304						
2019-10-04	영동난계국악축제_대한민국와인축제	여자	70대이상	145	52						
2019-10-04	영동난계국악축제_대한민국와인축제					일본	13				
2019-10-04	영동난계국악축제_대한민국와인축제					중국	2				
2019-10-04	영동난계국악축제_대한민국와인축제							새벽	41	1	6
2019-10-04	영동난계국악축제_대한민국와인축제							야간	1438	513	2
2019-10-04	영동난계국악축제_대한민국와인축제							오전	520	157	4
2019-10-04	영동난계국악축제_대한민국와인축제							오후	1179	1140	2
2019-10-04	영동난계국악축제_대한민국와인축제							저녁	2414	848	1
2019-10-04	영동난계국악축제_대한민국와인축제							점심	717	546	0
2019-10-05	영동난계국악축제_대한민국와인축제	남자	10대	245	150						
2019-10-05	영동난계국악축제_대한민국와인축제	남자	10대이하	34	27						
2019-10-05	영동난계국악축제_대한민국와인축제	남자	20대	252	452						
2019-10-05	영동난계국악축제_대한민국와인축제	남자	30대	294	544						
2019-10-05	영동난계국악축제_대한민국와인축제	남자	40대	690	530						
2019-10-05	영동난계국악축제_대한민국와인축제	남자	50대	1093	797						
2019-10-05	영동난계국악축제_대한민국와인축제	남자	60대	512	555						
2019-10-05	영동난계국악축제_대한민국와인축제	남자	70대이상	152	163						
2019-10-05	영동난계국악축제_대한민국와인축제	여자	10대	252	415						
2019-10-05	영동난계국악축제_대한민국와인축제	여자	10대이하	63	125						
2019-10-05	영동난계국악축제_대한민국와인축제	여자	20대	290	458						
2019-10-05	영동난계국악축제_대한민국와인축제	여자	30대	334	568						
2019-10-05	영동난계국악축제_대한민국와인축제	여자	40대	682	761						
2019-10-05	영동난계국악축제_대한민국와인축제	여자	50대	1110	772						
2019-10-05	영동난계국악축제_대한민국와인축제	여자	60대	588	326						
2019-10-05	영동난계국악축제_대한민국와인축제	여자	70대이상	240	144						
2019-10-05	영동난계국악축제_대한민국와인축제					대만	22				
2019-10-05	영동난계국악축제_대한민국와인축제					말레이시아	1				
2019-10-05	영동난계국악축제_대한민국와인축제					미국	1				
2019-10-05	영동난계국악축제_대한민국와인축제					인도	5				
2019-10-05	영동난계국악축제_대한민국와인축제					인도네시아	13				
2019-10-05	영동난계국악축제_대한민국와인축제					일본	16				
2019-10-05	영동난계국악축제_대한민국와인축제					태국	12				
2019-10-05	영동난계국악축제_대한민국와인축제					필리핀	24				
2019-10-05	영동난계국악축제_대한민국와인축제					홍콩	44				
2019-10-05	영동난계국악축제_대한민국와인축제							새벽	80	78	10
2019-10-05	영동난계국악축제_대한민국와인축제							야간	868	424	0
2019-10-05	영동난계국악축제_대한민국와인축제							오전	669	422	6
2019-10-05	영동난계국악축제_대한민국와인축제							오후	1791	2865	75
2019-10-05	영동난계국악축제_대한민국와인축제							저녁	1982	1242	0
2019-10-05	영동난계국악축제_대한민국와인축제							점심	1441	1756	47
2019-10-06	영동난계국악축제_대한민국와인축제	남자	10대	369	156						
2019-10-06	영동난계국악축제_대한민국와인축제	남자	10대이하	25	10						
2019-10-06	영동난계국악축제_대한민국와인축제	남자	20대	220	300						
2019-10-06	영동난계국악축제_대한민국와인축제	남자	30대	277	289						
2019-10-06	영동난계국악축제_대한민국와인축제	남자	40대	455	391						
2019-10-06	영동난계국악축제_대한민국와인축제	남자	50대	869	627						
2019-10-06	영동난계국악축제_대한민국와인축제	남자	60대	485	462						
2019-10-06	영동난계국악축제_대한민국와인축제	남자	70대이상	123	65						
2019-10-06	영동난계국악축제_대한민국와인축제	여자	10대	302	150						
2019-10-06	영동난계국악축제_대한민국와인축제	여자	10대이하	33	30						
2019-10-06	영동난계국악축제_대한민국와인축제	여자	20대	246	286						
2019-10-06	영동난계국악축제_대한민국와인축제	여자	30대	345	346						
2019-10-06	영동난계국악축제_대한민국와인축제	여자	40대	488	405						
2019-10-06	영동난계국악축제_대한민국와인축제	여자	50대	943	657						
2019-10-06	영동난계국악축제_대한민국와인축제	여자	60대	511	384						
2019-10-06	영동난계국악축제_대한민국와인축제	여자	70대이상	112	40						
2019-10-06	영동난계국악축제_대한민국와인축제					대만	25				
2019-10-06	영동난계국악축제_대한민국와인축제					말레이시아	3				
2019-10-06	영동난계국악축제_대한민국와인축제					미국	0				
2019-10-06	영동난계국악축제_대한민국와인축제					인도	4				
2019-10-06	영동난계국악축제_대한민국와인축제					인도네시아	13				
2019-10-06	영동난계국악축제_대한민국와인축제					태국	12				
2019-10-06	영동난계국악축제_대한민국와인축제					필리핀	46				
2019-10-06	영동난계국악축제_대한민국와인축제					호주	0				
2019-10-06	영동난계국악축제_대한민국와인축제					홍콩	44				
2019-10-06	영동난계국악축제_대한민국와인축제							새벽	44	61	0
2019-10-06	영동난계국악축제_대한민국와인축제							야간	856	276	0
2019-10-06	영동난계국악축제_대한민국와인축제							오전	507	726	31
2019-10-06	영동난계국악축제_대한민국와인축제							오후	1617	1655	55
2019-10-06	영동난계국악축제_대한민국와인축제							저녁	1941	696	17
2019-10-06	영동난계국악축제_대한민국와인축제							점심	838	1184	44
2019-10-07	영동난계국악축제_대한민국와인축제	남자	10대	30	0						
2019-10-07	영동난계국악축제_대한민국와인축제	남자	10대이하	7	4						
2019-10-07	영동난계국악축제_대한민국와인축제	남자	20대	15	15						
2019-10-07	영동난계국악축제_대한민국와인축제	남자	30대	47	33						
2019-10-07	영동난계국악축제_대한민국와인축제	남자	40대	106	27						
2019-10-07	영동난계국악축제_대한민국와인축제	남자	50대	110	63						
2019-10-07	영동난계국악축제_대한민국와인축제	남자	60대	60	35						
2019-10-07	영동난계국악축제_대한민국와인축제	남자	70대이상	22	0						
2019-10-07	영동난계국악축제_대한민국와인축제	여자	10대	2	2						
2019-10-07	영동난계국악축제_대한민국와인축제	여자	20대	10	2						
2019-10-07	영동난계국악축제_대한민국와인축제	여자	30대	6	0						
2019-10-07	영동난계국악축제_대한민국와인축제	여자	40대	103	48						
2019-10-07	영동난계국악축제_대한민국와인축제	여자	50대	116	30						
2019-10-07	영동난계국악축제_대한민국와인축제	여자	60대	31	4						
2019-10-07	영동난계국악축제_대한민국와인축제	여자	70대이상	14	0						
2019-10-07	영동난계국악축제_대한민국와인축제							새벽	102	40	0
2019-10-07	영동난계국악축제_대한민국와인축제							야간	54	4	0
2019-10-07	영동난계국악축제_대한민국와인축제							오전	175	80	0
2019-10-07	영동난계국악축제_대한민국와인축제							오후	180	64	0
2019-10-07	영동난계국악축제_대한민국와인축제							저녁	55	9	0
2019-10-07	영동난계국악축제_대한민국와인축제							점심	113	66	0
2019-10-08	영동난계국악축제_대한민국와인축제	남자	10대	9	0						
2019-10-08	영동난계국악축제_대한민국와인축제	남자	10대이하	1	5						
2019-10-08	영동난계국악축제_대한민국와인축제	남자	20대	26	20						
2019-10-08	영동난계국악축제_대한민국와인축제	남자	30대	47	27						
2019-10-08	영동난계국악축제_대한민국와인축제	남자	40대	61	57						
2019-10-08	영동난계국악축제_대한민국와인축제	남자	50대	147	110						
2019-10-08	영동난계국악축제_대한민국와인축제	남자	60대	131	30						
2019-10-08	영동난계국악축제_대한민국와인축제	남자	70대이상	52	6						
2019-10-08	영동난계국악축제_대한민국와인축제	여자	10대	7	9						
2019-10-08	영동난계국악축제_대한민국와인축제	여자	20대	8	4						
2019-10-08	영동난계국악축제_대한민국와인축제	여자	30대	7	7						
2019-10-08	영동난계국악축제_대한민국와인축제	여자	40대	56	28						
2019-10-08	영동난계국악축제_대한민국와인축제	여자	50대	106	9						
2019-10-08	영동난계국악축제_대한민국와인축제	여자	60대	22	16						
2019-10-08	영동난계국악축제_대한민국와인축제	여자	70대이상	29	3						
2019-10-08	영동난계국악축제_대한민국와인축제							새벽	34	0	0
2019-10-08	영동난계국악축제_대한민국와인축제							야간	17	7	0
2019-10-08	영동난계국악축제_대한민국와인축제							오전	186	86	0
2019-10-08	영동난계국악축제_대한민국와인축제							오후	270	136	0
2019-10-08	영동난계국악축제_대한민국와인축제							저녁	54	20	0
2019-10-08	영동난계국악축제_대한민국와인축제							점심	148	82	0
2019-10-09	영동난계국악축제_대한민국와인축제	남자	10대	16	0						
2019-10-09	영동난계국악축제_대한민국와인축제	남자	10대이하	29	0						
2019-10-09	영동난계국악축제_대한민국와인축제	남자	20대	12	5						
2019-10-09	영동난계국악축제_대한민국와인축제	남자	30대	15	36						
2019-10-09	영동난계국악축제_대한민국와인축제	남자	40대	87	61						
2019-10-09	영동난계국악축제_대한민국와인축제	남자	50대	134	137						
2019-10-09	영동난계국악축제_대한민국와인축제	남자	60대	73	32						
2019-10-09	영동난계국악축제_대한민국와인축제	남자	70대이상	43	14						
2019-10-09	영동난계국악축제_대한민국와인축제	여자	10대	4	7						
2019-10-09	영동난계국악축제_대한민국와인축제	여자	10대이하	0	4						
2019-10-09	영동난계국악축제_대한민국와인축제	여자	20대	7	18						
2019-10-09	영동난계국악축제_대한민국와인축제	여자	30대	11	15						
2019-10-09	영동난계국악축제_대한민국와인축제	여자	40대	36	22						
2019-10-09	영동난계국악축제_대한민국와인축제	여자	50대	66	75						
2019-10-09	영동난계국악축제_대한민국와인축제	여자	60대	32	52						
2019-10-09	영동난계국악축제_대한민국와인축제	여자	70대이상	35	4						
2019-10-09	영동난계국악축제_대한민국와인축제					기타	4				
2019-10-09	영동난계국악축제_대한민국와인축제							새벽	28	0	0
2019-10-09	영동난계국악축제_대한민국와인축제							야간	25	11	0
2019-10-09	영동난계국악축제_대한민국와인축제							오전	121	90	0
2019-10-09	영동난계국악축제_대한민국와인축제							오후	204	210	0
2019-10-09	영동난계국악축제_대한민국와인축제							저녁	88	17	0
2019-10-09	영동난계국악축제_대한민국와인축제							점심	134	154	4
2019-10-10	영동난계국악축제_대한민국와인축제	남자	10대	14	8						
2019-10-10	영동난계국악축제_대한민국와인축제	남자	10대이하	15	0						
2019-10-10	영동난계국악축제_대한민국와인축제	남자	20대	8	4						
2019-10-10	영동난계국악축제_대한민국와인축제	남자	30대	21	19						
2019-10-10	영동난계국악축제_대한민국와인축제	남자	40대	129	57						
2019-10-10	영동난계국악축제_대한민국와인축제	남자	50대	166	76						
2019-10-10	영동난계국악축제_대한민국와인축제	남자	60대	138	33						
2019-10-10	영동난계국악축제_대한민국와인축제	남자	70대이상	63	5						
2019-10-10	영동난계국악축제_대한민국와인축제	여자	10대	2	1						
2019-10-10	영동난계국악축제_대한민국와인축제	여자	20대	9	1						
2019-10-10	영동난계국악축제_대한민국와인축제	여자	30대	18	8						
2019-10-10	영동난계국악축제_대한민국와인축제	여자	40대	55	36						
2019-10-10	영동난계국악축제_대한민국와인축제	여자	50대	99	12						
2019-10-10	영동난계국악축제_대한민국와인축제	여자	60대	17	10						
2019-10-10	영동난계국악축제_대한민국와인축제	여자	70대이상	40	0						
2019-10-10	영동난계국악축제_대한민국와인축제							새벽	55	4	0
2019-10-10	영동난계국악축제_대한민국와인축제							야간	36	2	0
2019-10-10	영동난계국악축제_대한민국와인축제							오전	213	77	0
2019-10-10	영동난계국악축제_대한민국와인축제							오후	280	102	0
2019-10-10	영동난계국악축제_대한민국와인축제							저녁	46	6	0
2019-10-10	영동난계국악축제_대한민국와인축제							점심	164	79	0
2019-10-11	영동난계국악축제_대한민국와인축제	남자	10대	10	3						
2019-10-11	영동난계국악축제_대한민국와인축제	남자	10대이하	14	0						
2019-10-11	영동난계국악축제_대한민국와인축제	남자	20대	30	19						
2019-10-11	영동난계국악축제_대한민국와인축제	남자	30대	151	27						
2019-10-11	영동난계국악축제_대한민국와인축제	남자	40대	167	35						
2019-10-11	영동난계국악축제_대한민국와인축제	남자	50대	167	74						
2019-10-11	영동난계국악축제_대한민국와인축제	남자	60대	122	43						
2019-10-11	영동난계국악축제_대한민국와인축제	남자	70대이상	62	7						
2019-10-11	영동난계국악축제_대한민국와인축제	여자	10대	11	12						
2019-10-11	영동난계국악축제_대한민국와인축제	여자	20대	88	17						
2019-10-11	영동난계국악축제_대한민국와인축제	여자	30대	283	25						
2019-10-11	영동난계국악축제_대한민국와인축제	여자	40대	242	38						
2019-10-11	영동난계국악축제_대한민국와인축제	여자	50대	154	24						
2019-10-11	영동난계국악축제_대한민국와인축제	여자	60대	48	25						
2019-10-11	영동난계국악축제_대한민국와인축제	여자	70대이상	49	8						
2019-10-11	영동난계국악축제_대한민국와인축제							새벽	47	11	0
2019-10-11	영동난계국악축제_대한민국와인축제							야간	41	9	0
2019-10-11	영동난계국악축제_대한민국와인축제							오전	538	108	0
2019-10-11	영동난계국악축제_대한민국와인축제							오후	226	57	0
2019-10-11	영동난계국악축제_대한민국와인축제							저녁	64	4	0
2019-10-11	영동난계국악축제_대한민국와인축제							점심	682	168	0
2019-10-12	영동난계국악축제_대한민국와인축제	남자	10대	1	16						
2019-10-12	영동난계국악축제_대한민국와인축제	남자	10대이하	36	0						
2019-10-12	영동난계국악축제_대한민국와인축제	남자	20대	22	52						
2019-10-12	영동난계국악축제_대한민국와인축제	남자	30대	37	74						
2019-10-12	영동난계국악축제_대한민국와인축제	남자	40대	89	59						
2019-10-12	영동난계국악축제_대한민국와인축제	남자	50대	139	185						
2019-10-12	영동난계국악축제_대한민국와인축제	남자	60대	132	83						
2019-10-12	영동난계국악축제_대한민국와인축제	남자	70대이상	45	9						
2019-10-12	영동난계국악축제_대한민국와인축제	여자	10대	10	13						
2019-10-12	영동난계국악축제_대한민국와인축제	여자	10대이하	5	0						
2019-10-12	영동난계국악축제_대한민국와인축제	여자	20대	23	41						
2019-10-12	영동난계국악축제_대한민국와인축제	여자	30대	48	72						
2019-10-12	영동난계국악축제_대한민국와인축제	여자	40대	106	68						
2019-10-12	영동난계국악축제_대한민국와인축제	여자	50대	135	104						
2019-10-12	영동난계국악축제_대한민국와인축제	여자	60대	52	63						
2019-10-12	영동난계국악축제_대한민국와인축제	여자	70대이상	45	11						
2019-10-12	영동난계국악축제_대한민국와인축제					미국	1				
2019-10-12	영동난계국악축제_대한민국와인축제							새벽	58	11	0
2019-10-12	영동난계국악축제_대한민국와인축제							야간	26	16	0
2019-10-12	영동난계국악축제_대한민국와인축제							오전	190	96	0
2019-10-12	영동난계국악축제_대한민국와인축제							오후	285	425	0
2019-10-12	영동난계국악축제_대한민국와인축제							저녁	41	31	0
2019-10-12	영동난계국악축제_대한민국와인축제							점심	325	271	1
2019-10-13	영동난계국악축제_대한민국와인축제	남자	10대	9	10						
2019-10-13	영동난계국악축제_대한민국와인축제	남자	20대	25	8						
2019-10-13	영동난계국악축제_대한민국와인축제	남자	30대	9	21						
2019-10-13	영동난계국악축제_대한민국와인축제	남자	40대	55	36						
2019-10-13	영동난계국악축제_대한민국와인축제	남자	50대	122	192						
2019-10-13	영동난계국악축제_대한민국와인축제	남자	60대	78	102						
2019-10-13	영동난계국악축제_대한민국와인축제	남자	70대이상	25	15						
2019-10-13	영동난계국악축제_대한민국와인축제	여자	10대	20	5						
2019-10-13	영동난계국악축제_대한민국와인축제	여자	10대이하	0	3						
2019-10-13	영동난계국악축제_대한민국와인축제	여자	20대	9	13						
2019-10-13	영동난계국악축제_대한민국와인축제	여자	30대	18	29						
2019-10-13	영동난계국악축제_대한민국와인축제	여자	40대	64	84						
2019-10-13	영동난계국악축제_대한민국와인축제	여자	50대	54	86						
2019-10-13	영동난계국악축제_대한민국와인축제	여자	60대	45	50						
2019-10-13	영동난계국악축제_대한민국와인축제	여자	70대이상	42	9						
2019-10-13	영동난계국악축제_대한민국와인축제							새벽	35	60	0
2019-10-13	영동난계국악축제_대한민국와인축제							야간	30	0	0
2019-10-13	영동난계국악축제_대한민국와인축제							오전	133	197	0
2019-10-13	영동난계국악축제_대한민국와인축제							오후	178	196	0
2019-10-13	영동난계국악축제_대한민국와인축제							저녁	36	8	0
2019-10-13	영동난계국악축제_대한민국와인축제							점심	163	202	0
2019-10-14	영동난계국악축제_대한민국와인축제	남자	10대	3	2						
2019-10-14	영동난계국악축제_대한민국와인축제	남자	10대이하	4	1						
2019-10-14	영동난계국악축제_대한민국와인축제	남자	20대	9	32						
2019-10-14	영동난계국악축제_대한민국와인축제	남자	30대	29	14						
2019-10-14	영동난계국악축제_대한민국와인축제	남자	40대	100	28						
2019-10-14	영동난계국악축제_대한민국와인축제	남자	50대	166	81						
2019-10-14	영동난계국악축제_대한민국와인축제	남자	60대	141	36						
2019-10-14	영동난계국악축제_대한민국와인축제	남자	70대이상	57	0						
2019-10-14	영동난계국악축제_대한민국와인축제	여자	10대	3	0						
2019-10-14	영동난계국악축제_대한민국와인축제	여자	20대	9	0						
2019-10-14	영동난계국악축제_대한민국와인축제	여자	30대	6	5						
2019-10-14	영동난계국악축제_대한민국와인축제	여자	40대	73	16						
2019-10-14	영동난계국악축제_대한민국와인축제	여자	50대	82	14						
2019-10-14	영동난계국악축제_대한민국와인축제	여자	60대	24	10						
2019-10-14	영동난계국악축제_대한민국와인축제	여자	70대이상	36	0						
2019-10-14	영동난계국악축제_대한민국와인축제							새벽	57	1	0
2019-10-14	영동난계국악축제_대한민국와인축제							야간	33	8	0
2019-10-14	영동난계국악축제_대한민국와인축제							오전	181	62	0
2019-10-14	영동난계국악축제_대한민국와인축제							오후	256	77	0
2019-10-14	영동난계국악축제_대한민국와인축제							저녁	53	16	0
2019-10-14	영동난계국악축제_대한민국와인축제							점심	162	75	0
2019-10-15	영동난계국악축제_대한민국와인축제	남자	10대	12	1						
2019-10-15	영동난계국악축제_대한민국와인축제	남자	10대이하	3	4						
2019-10-15	영동난계국악축제_대한민국와인축제	남자	20대	23	27						
2019-10-15	영동난계국악축제_대한민국와인축제	남자	30대	70	16						
2019-10-15	영동난계국악축제_대한민국와인축제	남자	40대	268	50						
2019-10-15	영동난계국악축제_대한민국와인축제	남자	50대	449	97						
2019-10-15	영동난계국악축제_대한민국와인축제	남자	60대	192	89						
2019-10-15	영동난계국악축제_대한민국와인축제	남자	70대이상	45	7						
2019-10-15	영동난계국악축제_대한민국와인축제	여자	10대	7	0						
2019-10-15	영동난계국악축제_대한민국와인축제	여자	20대	12	4						
2019-10-15	영동난계국악축제_대한민국와인축제	여자	30대	16	13						
2019-10-15	영동난계국악축제_대한민국와인축제	여자	40대	141	53						
2019-10-15	영동난계국악축제_대한민국와인축제	여자	50대	196	53						
2019-10-15	영동난계국악축제_대한민국와인축제	여자	60대	38	33						
2019-10-15	영동난계국악축제_대한민국와인축제	여자	70대이상	33	19						
2019-10-15	영동난계국악축제_대한민국와인축제							새벽	33	12	0
2019-10-15	영동난계국악축제_대한민국와인축제							야간	24	1	0
2019-10-15	영동난계국악축제_대한민국와인축제							오전	362	81	0
2019-10-15	영동난계국악축제_대한민국와인축제							오후	362	221	0
2019-10-15	영동난계국악축제_대한민국와인축제							저녁	79	5	0
2019-10-15	영동난계국악축제_대한민국와인축제							점심	645	146	0
2019-10-16	영동난계국악축제_대한민국와인축제	남자	10대	18	0						
2019-10-16	영동난계국악축제_대한민국와인축제	남자	10대이하	7	3						
2019-10-16	영동난계국악축제_대한민국와인축제	남자	20대	15	36						
2019-10-16	영동난계국악축제_대한민국와인축제	남자	30대	56	9						
2019-10-16	영동난계국악축제_대한민국와인축제	남자	40대	79	48						
2019-10-16	영동난계국악축제_대한민국와인축제	남자	50대	159	103						
2019-10-16	영동난계국악축제_대한민국와인축제	남자	60대	189	71						
2019-10-16	영동난계국악축제_대한민국와인축제	남자	70대이상	249	27						
2019-10-16	영동난계국악축제_대한민국와인축제	여자	10대	6	0						
2019-10-16	영동난계국악축제_대한민국와인축제	여자	20대	10	5						
2019-10-16	영동난계국악축제_대한민국와인축제	여자	30대	15	9						
2019-10-16	영동난계국악축제_대한민국와인축제	여자	40대	65	40						
2019-10-16	영동난계국악축제_대한민국와인축제	여자	50대	95	20						
2019-10-16	영동난계국악축제_대한민국와인축제	여자	60대	48	54						
2019-10-16	영동난계국악축제_대한민국와인축제	여자	70대이상	63	19						
2019-10-16	영동난계국악축제_대한민국와인축제							새벽	42	0	0
2019-10-16	영동난계국악축제_대한민국와인축제							야간	23	1	0
2019-10-16	영동난계국악축제_대한민국와인축제							오전	348	88	0
2019-10-16	영동난계국악축제_대한민국와인축제							오후	288	217	0
2019-10-16	영동난계국악축제_대한민국와인축제							저녁	82	14	0
2019-10-16	영동난계국악축제_대한민국와인축제							점심	291	124	0
2019-10-17	영동난계국악축제_대한민국와인축제	남자	10대	23	3						
2019-10-17	영동난계국악축제_대한민국와인축제	남자	10대이하	9	0						
2019-10-17	영동난계국악축제_대한민국와인축제	남자	20대	17	54						
2019-10-17	영동난계국악축제_대한민국와인축제	남자	30대	67	54						
2019-10-17	영동난계국악축제_대한민국와인축제	남자	40대	156	62						
2019-10-17	영동난계국악축제_대한민국와인축제	남자	50대	206	142						
2019-10-17	영동난계국악축제_대한민국와인축제	남자	60대	200	149						
2019-10-17	영동난계국악축제_대한민국와인축제	남자	70대이상	53	8						
2019-10-17	영동난계국악축제_대한민국와인축제	여자	10대	13	4						
2019-10-17	영동난계국악축제_대한민국와인축제	여자	20대	10	57						
2019-10-17	영동난계국악축제_대한민국와인축제	여자	30대	18	7						
2019-10-17	영동난계국악축제_대한민국와인축제	여자	40대	94	33						
2019-10-17	영동난계국악축제_대한민국와인축제	여자	50대	136	31						
2019-10-17	영동난계국악축제_대한민국와인축제	여자	60대	42	34						
2019-10-17	영동난계국악축제_대한민국와인축제	여자	70대이상	32	3						
2019-10-17	영동난계국악축제_대한민국와인축제							새벽	32	1	0
2019-10-17	영동난계국악축제_대한민국와인축제							야간	52	17	0
2019-10-17	영동난계국악축제_대한민국와인축제							오전	265	179	0
2019-10-17	영동난계국악축제_대한민국와인축제							오후	309	184	0
2019-10-17	영동난계국악축제_대한민국와인축제							저녁	191	51	0
2019-10-17	영동난계국악축제_대한민국와인축제							점심	227	209	0
2019-10-18	영동난계국악축제_대한민국와인축제	남자	10대	10	2						
2019-10-18	영동난계국악축제_대한민국와인축제	남자	10대이하	16	2						
2019-10-18	영동난계국악축제_대한민국와인축제	남자	20대	3	104						
2019-10-18	영동난계국악축제_대한민국와인축제	남자	30대	29	136						
2019-10-18	영동난계국악축제_대한민국와인축제	남자	40대	86	134						
2019-10-18	영동난계국악축제_대한민국와인축제	남자	50대	107	91						
2019-10-18	영동난계국악축제_대한민국와인축제	남자	60대	138	20						
2019-10-18	영동난계국악축제_대한민국와인축제	남자	70대이상	42	13						
2019-10-18	영동난계국악축제_대한민국와인축제	여자	10대	5	6						
2019-10-18	영동난계국악축제_대한민국와인축제	여자	20대	14	29						
2019-10-18	영동난계국악축제_대한민국와인축제	여자	30대	32	5						
2019-10-18	영동난계국악축제_대한민국와인축제	여자	40대	104	29						
2019-10-18	영동난계국악축제_대한민국와인축제	여자	50대	103	13						
2019-10-18	영동난계국악축제_대한민국와인축제	여자	60대	25	26						
2019-10-18	영동난계국악축제_대한민국와인축제	여자	70대이상	23	3						
2019-10-18	영동난계국악축제_대한민국와인축제							새벽	53	2	0
2019-10-18	영동난계국악축제_대한민국와인축제							야간	36	4	0
2019-10-18	영동난계국악축제_대한민국와인축제							오전	227	171	0
2019-10-18	영동난계국악축제_대한민국와인축제							오후	199	193	0
2019-10-18	영동난계국악축제_대한민국와인축제							저녁	46	3	0
2019-10-18	영동난계국악축제_대한민국와인축제							점심	176	240	0
2019-10-19	영동난계국악축제_대한민국와인축제	남자	10대	16	14						
2019-10-19	영동난계국악축제_대한민국와인축제	남자	10대이하	34	5						
2019-10-19	영동난계국악축제_대한민국와인축제	남자	20대	34	100						
2019-10-19	영동난계국악축제_대한민국와인축제	남자	30대	42	172						
2019-10-19	영동난계국악축제_대한민국와인축제	남자	40대	125	92						
2019-10-19	영동난계국악축제_대한민국와인축제	남자	50대	246	181						
2019-10-19	영동난계국악축제_대한민국와인축제	남자	60대	287	134						
2019-10-19	영동난계국악축제_대한민국와인축제	남자	70대이상	68	9						
2019-10-19	영동난계국악축제_대한민국와인축제	여자	10대	28	18						
2019-10-19	영동난계국악축제_대한민국와인축제	여자	10대이하	2	14						
2019-10-19	영동난계국악축제_대한민국와인축제	여자	20대	25	129						
2019-10-19	영동난계국악축제_대한민국와인축제	여자	30대	73	89						
2019-10-19	영동난계국악축제_대한민국와인축제	여자	40대	113	107						
2019-10-19	영동난계국악축제_대한민국와인축제	여자	50대	298	140						
2019-10-19	영동난계국악축제_대한민국와인축제	여자	60대	195	57						
2019-10-19	영동난계국악축제_대한민국와인축제	여자	70대이상	30	0						
2019-10-19	영동난계국악축제_대한민국와인축제							새벽	42	0	0
2019-10-19	영동난계국악축제_대한민국와인축제							야간	47	0	0
2019-10-19	영동난계국악축제_대한민국와인축제							오전	259	158	0
2019-10-19	영동난계국악축제_대한민국와인축제							오후	318	375	0
2019-10-19	영동난계국악축제_대한민국와인축제							저녁	76	9	0
2019-10-19	영동난계국악축제_대한민국와인축제							점심	874	719	0
2019-10-20	영동난계국악축제_대한민국와인축제	남자	10대	21	5						
2019-10-20	영동난계국악축제_대한민국와인축제	남자	10대이하	27	5						
2019-10-20	영동난계국악축제_대한민국와인축제	남자	20대	15	47						
2019-10-20	영동난계국악축제_대한민국와인축제	남자	30대	5	99						
2019-10-20	영동난계국악축제_대한민국와인축제	남자	40대	90	36						
2019-10-20	영동난계국악축제_대한민국와인축제	남자	50대	151	163						
2019-10-20	영동난계국악축제_대한민국와인축제	남자	60대	117	51						
2019-10-20	영동난계국악축제_대한민국와인축제	남자	70대이상	23	13						
2019-10-20	영동난계국악축제_대한민국와인축제	여자	10대	7	11						
2019-10-20	영동난계국악축제_대한민국와인축제	여자	10대이하	9	5						
2019-10-20	영동난계국악축제_대한민국와인축제	여자	20대	23	46						
2019-10-20	영동난계국악축제_대한민국와인축제	여자	30대	29	50						
2019-10-20	영동난계국악축제_대한민국와인축제	여자	40대	62	61						
2019-10-20	영동난계국악축제_대한민국와인축제	여자	50대	140	124						
2019-10-20	영동난계국악축제_대한민국와인축제	여자	60대	45	43						
2019-10-20	영동난계국악축제_대한민국와인축제	여자	70대이상	37	0						
2019-10-20	영동난계국악축제_대한민국와인축제							새벽	55	4	0
2019-10-20	영동난계국악축제_대한민국와인축제							야간	30	0	0
2019-10-20	영동난계국악축제_대한민국와인축제							오전	167	62	0
2019-10-20	영동난계국악축제_대한민국와인축제							오후	178	231	0
2019-10-20	영동난계국악축제_대한민국와인축제							저녁	45	10	0
2019-10-20	영동난계국악축제_대한민국와인축제							점심	326	452	0
2019-10-21	영동난계국악축제_대한민국와인축제	남자	10대	3	0						
2019-10-21	영동난계국악축제_대한민국와인축제	남자	10대이하	18	0						
2019-10-21	영동난계국악축제_대한민국와인축제	남자	20대	4	16						
2019-10-21	영동난계국악축제_대한민국와인축제	남자	30대	46	19						
2019-10-21	영동난계국악축제_대한민국와인축제	남자	40대	81	17						
2019-10-21	영동난계국악축제_대한민국와인축제	남자	50대	120	47						
2019-10-21	영동난계국악축제_대한민국와인축제	남자	60대	99	16						
2019-10-21	영동난계국악축제_대한민국와인축제	남자	70대이상	31	4						
2019-10-21	영동난계국악축제_대한민국와인축제	여자	10대	7	0						
2019-10-21	영동난계국악축제_대한민국와인축제	여자	20대	4	3						
2019-10-21	영동난계국악축제_대한민국와인축제	여자	30대	21	0						
2019-10-21	영동난계국악축제_대한민국와인축제	여자	40대	96	23						
2019-10-21	영동난계국악축제_대한민국와인축제	여자	50대	65	4						
2019-10-21	영동난계국악축제_대한민국와인축제	여자	60대	40	1						
2019-10-21	영동난계국악축제_대한민국와인축제	여자	70대이상	24	1						
2019-10-21	영동난계국악축제_대한민국와인축제							새벽	44	0	0
2019-10-21	영동난계국악축제_대한민국와인축제							야간	54	5	0
2019-10-21	영동난계국악축제_대한민국와인축제							오전	171	49	0
2019-10-21	영동난계국악축제_대한민국와인축제							오후	183	49	0
2019-10-21	영동난계국악축제_대한민국와인축제							저녁	77	7	0
2019-10-21	영동난계국악축제_대한민국와인축제							점심	130	41	0
2019-09-19	영동대한민국와인축제	남자	10대	185	4						
2019-09-19	영동대한민국와인축제	남자	10대이하	55	22						
2019-09-19	영동대한민국와인축제	남자	20대	90	69						
2019-09-19	영동대한민국와인축제	남자	30대	146	84						
2019-09-19	영동대한민국와인축제	남자	40대	320	89						
2019-09-19	영동대한민국와인축제	남자	50대	313	140						
2019-09-19	영동대한민국와인축제	남자	60대	213	32						
2019-09-19	영동대한민국와인축제	남자	70대이상	143	19						
2019-09-19	영동대한민국와인축제	여자	10대	211	3						
2019-09-19	영동대한민국와인축제	여자	10대이하	43	0						
2019-09-19	영동대한민국와인축제	여자	20대	90	37						
2019-09-19	영동대한민국와인축제	여자	30대	207	57						
2019-09-19	영동대한민국와인축제	여자	40대	460	69						
2019-09-19	영동대한민국와인축제	여자	50대	450	28						
2019-09-19	영동대한민국와인축제	여자	60대	286	86						
2019-09-19	영동대한민국와인축제	여자	70대이상	117	9						
2019-09-19	영동대한민국와인축제							새벽	294	136	0
2019-09-19	영동대한민국와인축제							야간	251	85	0
2019-09-19	영동대한민국와인축제							오전	540	106	0
2019-09-19	영동대한민국와인축제							오후	851	157	0
2019-09-19	영동대한민국와인축제							저녁	743	133	0
2019-09-19	영동대한민국와인축제							점심	650	131	0
2019-09-20	영동대한민국와인축제	남자	10대	193	16						
2019-09-20	영동대한민국와인축제	남자	10대이하	59	21						
2019-09-20	영동대한민국와인축제	남자	20대	122	44						
2019-09-20	영동대한민국와인축제	남자	30대	128	92						
2019-09-20	영동대한민국와인축제	남자	40대	357	71						
2019-09-20	영동대한민국와인축제	남자	50대	406	114						
2019-09-20	영동대한민국와인축제	남자	60대	242	33						
2019-09-20	영동대한민국와인축제	남자	70대이상	161	9						
2019-09-20	영동대한민국와인축제	여자	10대	242	20						
2019-09-20	영동대한민국와인축제	여자	10대이하	38	1						
2019-09-20	영동대한민국와인축제	여자	20대	91	35						
2019-09-20	영동대한민국와인축제	여자	30대	197	60						
2019-09-20	영동대한민국와인축제	여자	40대	434	107						
2019-09-20	영동대한민국와인축제	여자	50대	442	57						
2019-09-20	영동대한민국와인축제	여자	60대	284	57						
2019-09-20	영동대한민국와인축제	여자	70대이상	106	11						
2019-09-20	영동대한민국와인축제							새벽	283	150	0
2019-09-20	영동대한민국와인축제							야간	310	71	0
2019-09-20	영동대한민국와인축제							오전	456	107	0
2019-09-20	영동대한민국와인축제							오후	998	158	0
2019-09-20	영동대한민국와인축제							저녁	850	120	0
2019-09-20	영동대한민국와인축제							점심	605	142	0
2019-09-21	영동대한민국와인축제	남자	10대	155	22						
2019-09-21	영동대한민국와인축제	남자	10대이하	49	39						
2019-09-21	영동대한민국와인축제	남자	20대	139	103						
2019-09-21	영동대한민국와인축제	남자	30대	107	62						
2019-09-21	영동대한민국와인축제	남자	40대	221	75						
2019-09-21	영동대한민국와인축제	남자	50대	329	113						
2019-09-21	영동대한민국와인축제	남자	60대	223	31						
2019-09-21	영동대한민국와인축제	남자	70대이상	135	10						
2019-09-21	영동대한민국와인축제	여자	10대	170	27						
2019-09-21	영동대한민국와인축제	여자	10대이하	19	0						
2019-09-21	영동대한민국와인축제	여자	20대	109	55						
2019-09-21	영동대한민국와인축제	여자	30대	128	103						
2019-09-21	영동대한민국와인축제	여자	40대	362	99						
2019-09-21	영동대한민국와인축제	여자	50대	359	85						
2019-09-21	영동대한민국와인축제	여자	60대	227	44						
2019-09-21	영동대한민국와인축제	여자	70대이상	119	10						
2019-09-21	영동대한민국와인축제					미국	1				
2019-09-21	영동대한민국와인축제							새벽	275	124	0
2019-09-21	영동대한민국와인축제							야간	237	90	0
2019-09-21	영동대한민국와인축제							오전	491	133	1
2019-09-21	영동대한민국와인축제							오후	731	206	0
2019-09-21	영동대한민국와인축제							저녁	542	164	0
2019-09-21	영동대한민국와인축제							점심	575	161	0
2019-09-22	영동대한민국와인축제	남자	10대	114	10						
2019-09-22	영동대한민국와인축제	남자	10대이하	37	26						
2019-09-22	영동대한민국와인축제	남자	20대	106	107						
2019-09-22	영동대한민국와인축제	남자	30대	70	61						
2019-09-22	영동대한민국와인축제	남자	40대	219	52						
2019-09-22	영동대한민국와인축제	남자	50대	254	75						
2019-09-22	영동대한민국와인축제	남자	60대	242	22						
2019-09-22	영동대한민국와인축제	남자	70대이상	115	5						
2019-09-22	영동대한민국와인축제	여자	10대	80	10						
2019-09-22	영동대한민국와인축제	여자	10대이하	8	2						
2019-09-22	영동대한민국와인축제	여자	20대	94	62						
2019-09-22	영동대한민국와인축제	여자	30대	129	111						
2019-09-22	영동대한민국와인축제	여자	40대	266	28						
2019-09-22	영동대한민국와인축제	여자	50대	316	76						
2019-09-22	영동대한민국와인축제	여자	60대	245	8						
2019-09-22	영동대한민국와인축제	여자	70대이상	131	0						
2019-09-22	영동대한민국와인축제							새벽	277	152	0
2019-09-22	영동대한민국와인축제							야간	188	73	0
2019-09-22	영동대한민국와인축제							오전	442	123	0
2019-09-22	영동대한민국와인축제							오후	594	109	0
2019-09-22	영동대한민국와인축제							저녁	332	93	0
2019-09-22	영동대한민국와인축제							점심	593	105	0
2019-09-23	영동대한민국와인축제	남자	10대	231	22						
2019-09-23	영동대한민국와인축제	남자	10대이하	68	18						
2019-09-23	영동대한민국와인축제	남자	20대	85	97						
2019-09-23	영동대한민국와인축제	남자	30대	123	39						
2019-09-23	영동대한민국와인축제	남자	40대	324	66						
2019-09-23	영동대한민국와인축제	남자	50대	387	81						
2019-09-23	영동대한민국와인축제	남자	60대	274	27						
2019-09-23	영동대한민국와인축제	남자	70대이상	162	1						
2019-09-23	영동대한민국와인축제	여자	10대	229	8						
2019-09-23	영동대한민국와인축제	여자	10대이하	31	1						
2019-09-23	영동대한민국와인축제	여자	20대	101	33						
2019-09-23	영동대한민국와인축제	여자	30대	210	83						
2019-09-23	영동대한민국와인축제	여자	40대	530	29						
2019-09-23	영동대한민국와인축제	여자	50대	503	40						
2019-09-23	영동대한민국와인축제	여자	60대	315	31						
2019-09-23	영동대한민국와인축제	여자	70대이상	126	3						
2019-09-23	영동대한민국와인축제							새벽	306	116	0
2019-09-23	영동대한민국와인축제							야간	321	73	0
2019-09-23	영동대한민국와인축제							오전	529	104	0
2019-09-23	영동대한민국와인축제							오후	1041	126	0
2019-09-23	영동대한민국와인축제							저녁	799	87	0
2019-09-23	영동대한민국와인축제							점심	703	73	0
2019-09-24	영동대한민국와인축제	남자	10대	170	8						
2019-09-24	영동대한민국와인축제	남자	10대이하	48	21						
2019-09-24	영동대한민국와인축제	남자	20대	151	60						
2019-09-24	영동대한민국와인축제	남자	30대	103	64						
2019-09-24	영동대한민국와인축제	남자	40대	235	109						
2019-09-24	영동대한민국와인축제	남자	50대	403	103						
2019-09-24	영동대한민국와인축제	남자	60대	247	47						
2019-09-24	영동대한민국와인축제	남자	70대이상	99	5						
2019-09-24	영동대한민국와인축제	여자	10대	208	6						
2019-09-24	영동대한민국와인축제	여자	10대이하	38	2						
2019-09-24	영동대한민국와인축제	여자	20대	86	60						
2019-09-24	영동대한민국와인축제	여자	30대	191	37						
2019-09-24	영동대한민국와인축제	여자	40대	397	41						
2019-09-24	영동대한민국와인축제	여자	50대	486	25						
2019-09-24	영동대한민국와인축제	여자	60대	322	37						
2019-09-24	영동대한민국와인축제	여자	70대이상	89	5						
2019-09-24	영동대한민국와인축제							새벽	203	105	0
2019-09-24	영동대한민국와인축제							야간	342	88	0
2019-09-24	영동대한민국와인축제							오전	415	89	0
2019-09-24	영동대한민국와인축제							오후	875	129	0
2019-09-24	영동대한민국와인축제							저녁	839	117	0
2019-09-24	영동대한민국와인축제							점심	599	102	0
2019-09-25	영동대한민국와인축제	남자	10대	202	22						
2019-09-25	영동대한민국와인축제	남자	10대이하	52	21						
2019-09-25	영동대한민국와인축제	남자	20대	135	62						
2019-09-25	영동대한민국와인축제	남자	30대	85	77						
2019-09-25	영동대한민국와인축제	남자	40대	325	122						
2019-09-25	영동대한민국와인축제	남자	50대	360	171						
2019-09-25	영동대한민국와인축제	남자	60대	287	48						
2019-09-25	영동대한민국와인축제	남자	70대이상	133	9						
2019-09-25	영동대한민국와인축제	여자	10대	251	10						
2019-09-25	영동대한민국와인축제	여자	10대이하	47	0						
2019-09-25	영동대한민국와인축제	여자	20대	120	45						
2019-09-25	영동대한민국와인축제	여자	30대	165	54						
2019-09-25	영동대한민국와인축제	여자	40대	430	79						
2019-09-25	영동대한민국와인축제	여자	50대	474	36						
2019-09-25	영동대한민국와인축제	여자	60대	264	33						
2019-09-25	영동대한민국와인축제	여자	70대이상	94	4						
2019-09-25	영동대한민국와인축제							새벽	305	125	0
2019-09-25	영동대한민국와인축제							야간	274	105	0
2019-09-25	영동대한민국와인축제							오전	501	118	0
2019-09-25	영동대한민국와인축제							오후	948	150	0
2019-09-25	영동대한민국와인축제							저녁	785	125	0
2019-09-25	영동대한민국와인축제							점심	611	170	0
2019-09-26	영동대한민국와인축제	남자	10대	189	16						
2019-09-26	영동대한민국와인축제	남자	10대이하	60	20						
2019-09-26	영동대한민국와인축제	남자	20대	74	73						
2019-09-26	영동대한민국와인축제	남자	30대	126	86						
2019-09-26	영동대한민국와인축제	남자	40대	239	110						
2019-09-26	영동대한민국와인축제	남자	50대	453	146						
2019-09-26	영동대한민국와인축제	남자	60대	213	30						
2019-09-26	영동대한민국와인축제	남자	70대이상	138	11						
2019-09-26	영동대한민국와인축제	여자	10대	248	16						
2019-09-26	영동대한민국와인축제	여자	10대이하	56	0						
2019-09-26	영동대한민국와인축제	여자	20대	99	59						
2019-09-26	영동대한민국와인축제	여자	30대	202	50						
2019-09-26	영동대한민국와인축제	여자	40대	447	55						
2019-09-26	영동대한민국와인축제	여자	50대	405	41						
2019-09-26	영동대한민국와인축제	여자	60대	274	12						
2019-09-26	영동대한민국와인축제	여자	70대이상	130	8						
2019-09-26	영동대한민국와인축제							새벽	239	176	0
2019-09-26	영동대한민국와인축제							야간	251	54	0
2019-09-26	영동대한민국와인축제							오전	509	142	0
2019-09-26	영동대한민국와인축제							오후	929	131	0
2019-09-26	영동대한민국와인축제							저녁	883	116	0
2019-09-26	영동대한민국와인축제							점심	542	114	0
2019-09-27	영동대한민국와인축제	남자	10대	178	20						
2019-09-27	영동대한민국와인축제	남자	10대이하	61	21						
2019-09-27	영동대한민국와인축제	남자	20대	111	87						
2019-09-27	영동대한민국와인축제	남자	30대	98	73						
2019-09-27	영동대한민국와인축제	남자	40대	282	104						
2019-09-27	영동대한민국와인축제	남자	50대	373	155						
2019-09-27	영동대한민국와인축제	남자	60대	292	46						
2019-09-27	영동대한민국와인축제	남자	70대이상	150	5						
2019-09-27	영동대한민국와인축제	여자	10대	250	21						
2019-09-27	영동대한민국와인축제	여자	10대이하	27	0						
2019-09-27	영동대한민국와인축제	여자	20대	81	53						
2019-09-27	영동대한민국와인축제	여자	30대	153	46						
2019-09-27	영동대한민국와인축제	여자	40대	415	60						
2019-09-27	영동대한민국와인축제	여자	50대	457	35						
2019-09-27	영동대한민국와인축제	여자	60대	319	22						
2019-09-27	영동대한민국와인축제	여자	70대이상	117	15						
2019-09-27	영동대한민국와인축제					베트남	6				
2019-09-27	영동대한민국와인축제							새벽	265	108	0
2019-09-27	영동대한민국와인축제							야간	324	80	0
2019-09-27	영동대한민국와인축제							오전	410	119	0
2019-09-27	영동대한민국와인축제							오후	950	178	6
2019-09-27	영동대한민국와인축제							저녁	848	122	0
2019-09-27	영동대한민국와인축제							점심	567	156	0
2019-09-28	영동대한민국와인축제	남자	10대	192	72						
2019-09-28	영동대한민국와인축제	남자	10대이하	62	37						
2019-09-28	영동대한민국와인축제	남자	20대	195	250						
2019-09-28	영동대한민국와인축제	남자	30대	94	81						
2019-09-28	영동대한민국와인축제	남자	40대	240	125						
2019-09-28	영동대한민국와인축제	남자	50대	310	79						
2019-09-28	영동대한민국와인축제	남자	60대	234	30						
2019-09-28	영동대한민국와인축제	남자	70대이상	133	10						
2019-09-28	영동대한민국와인축제	여자	10대	194	26						
2019-09-28	영동대한민국와인축제	여자	10대이하	34	0						
2019-09-28	영동대한민국와인축제	여자	20대	141	52						
2019-09-28	영동대한민국와인축제	여자	30대	108	92						
2019-09-28	영동대한민국와인축제	여자	40대	377	73						
2019-09-28	영동대한민국와인축제	여자	50대	459	55						
2019-09-28	영동대한민국와인축제	여자	60대	271	22						
2019-09-28	영동대한민국와인축제	여자	70대이상	111	20						
2019-09-28	영동대한민국와인축제							새벽	276	75	0
2019-09-28	영동대한민국와인축제							야간	306	118	0
2019-09-28	영동대한민국와인축제							오전	499	143	0
2019-09-28	영동대한민국와인축제							오후	877	232	0
2019-09-28	영동대한민국와인축제							저녁	617	217	0
2019-09-28	영동대한민국와인축제							점심	580	239	0
2019-09-29	영동대한민국와인축제	남자	10대	149	64						
2019-09-29	영동대한민국와인축제	남자	10대이하	43	31						
2019-09-29	영동대한민국와인축제	남자	20대	181	230						
2019-09-29	영동대한민국와인축제	남자	30대	80	51						
2019-09-29	영동대한민국와인축제	남자	40대	203	76						
2019-09-29	영동대한민국와인축제	남자	50대	279	99						
2019-09-29	영동대한민국와인축제	남자	60대	203	22						
2019-09-29	영동대한민국와인축제	남자	70대이상	115	13						
2019-09-29	영동대한민국와인축제	여자	10대	166	8						
2019-09-29	영동대한민국와인축제	여자	10대이하	25	2						
2019-09-29	영동대한민국와인축제	여자	20대	79	91						
2019-09-29	영동대한민국와인축제	여자	30대	120	72						
2019-09-29	영동대한민국와인축제	여자	40대	317	50						
2019-09-29	영동대한민국와인축제	여자	50대	475	64						
2019-09-29	영동대한민국와인축제	여자	60대	259	13						
2019-09-29	영동대한민국와인축제	여자	70대이상	113	17						
2019-09-29	영동대한민국와인축제					베트남	7				
2019-09-29	영동대한민국와인축제							새벽	357	192	0
2019-09-29	영동대한민국와인축제							야간	161	34	0
2019-09-29	영동대한민국와인축제							오전	534	165	3
2019-09-29	영동대한민국와인축제							오후	653	194	2
2019-09-29	영동대한민국와인축제							저녁	546	119	0
2019-09-29	영동대한민국와인축제							점심	556	199	2
2019-09-30	영동대한민국와인축제	남자	10대	186	11						
2019-09-30	영동대한민국와인축제	남자	10대이하	62	23						
2019-09-30	영동대한민국와인축제	남자	20대	102	70						
2019-09-30	영동대한민국와인축제	남자	30대	150	50						
2019-09-30	영동대한민국와인축제	남자	40대	298	76						
2019-09-30	영동대한민국와인축제	남자	50대	325	126						
2019-09-30	영동대한민국와인축제	남자	60대	266	27						
2019-09-30	영동대한민국와인축제	남자	70대이상	158	3						
2019-09-30	영동대한민국와인축제	여자	10대	202	8						
2019-09-30	영동대한민국와인축제	여자	10대이하	90	0						
2019-09-30	영동대한민국와인축제	여자	20대	99	28						
2019-09-30	영동대한민국와인축제	여자	30대	180	66						
2019-09-30	영동대한민국와인축제	여자	40대	448	62						
2019-09-30	영동대한민국와인축제	여자	50대	463	28						
2019-09-30	영동대한민국와인축제	여자	60대	313	18						
2019-09-30	영동대한민국와인축제	여자	70대이상	142	10						
2019-09-30	영동대한민국와인축제							새벽	287	77	0
2019-09-30	영동대한민국와인축제							야간	264	48	0
2019-09-30	영동대한민국와인축제							오전	494	91	0
2019-09-30	영동대한민국와인축제							오후	1003	153	0
2019-09-30	영동대한민국와인축제							저녁	845	131	0
2019-09-30	영동대한민국와인축제							점심	591	106	0
2019-10-01	영동대한민국와인축제	남자	10대	141	2						
2019-10-01	영동대한민국와인축제	남자	10대이하	16	0						
2019-10-01	영동대한민국와인축제	남자	20대	118	67						
2019-10-01	영동대한민국와인축제	남자	30대	133	43						
2019-10-01	영동대한민국와인축제	남자	40대	286	70						
2019-10-01	영동대한민국와인축제	남자	50대	314	37						
2019-10-01	영동대한민국와인축제	남자	60대	256	40						
2019-10-01	영동대한민국와인축제	남자	70대이상	162	12						
2019-10-01	영동대한민국와인축제	여자	10대	220	0						
2019-10-01	영동대한민국와인축제	여자	10대이하	43	9						
2019-10-01	영동대한민국와인축제	여자	20대	131	26						
2019-10-01	영동대한민국와인축제	여자	30대	237	9						
2019-10-01	영동대한민국와인축제	여자	40대	423	40						
2019-10-01	영동대한민국와인축제	여자	50대	481	61						
2019-10-01	영동대한민국와인축제	여자	60대	216	20						
2019-10-01	영동대한민국와인축제	여자	70대이상	65	4						
2019-10-01	영동대한민국와인축제					베트남	6				
2019-10-01	영동대한민국와인축제							새벽	215	69	0
2019-10-01	영동대한민국와인축제							야간	212	27	0
2019-10-01	영동대한민국와인축제							오전	481	66	4
2019-10-01	영동대한민국와인축제							오후	1010	108	0
2019-10-01	영동대한민국와인축제							저녁	708	75	0
2019-10-01	영동대한민국와인축제							점심	616	95	2
2019-10-02	영동대한민국와인축제	남자	10대	204	9						
2019-10-02	영동대한민국와인축제	남자	10대이하	40	3						
2019-10-02	영동대한민국와인축제	남자	20대	132	53						
2019-10-02	영동대한민국와인축제	남자	30대	151	62						
2019-10-02	영동대한민국와인축제	남자	40대	309	57						
2019-10-02	영동대한민국와인축제	남자	50대	414	64						
2019-10-02	영동대한민국와인축제	남자	60대	220	44						
2019-10-02	영동대한민국와인축제	남자	70대이상	109	9						
2019-10-02	영동대한민국와인축제	여자	10대	264	2						
2019-10-02	영동대한민국와인축제	여자	10대이하	46	16						
2019-10-02	영동대한민국와인축제	여자	20대	116	26						
2019-10-02	영동대한민국와인축제	여자	30대	183	27						
2019-10-02	영동대한민국와인축제	여자	40대	373	35						
2019-10-02	영동대한민국와인축제	여자	50대	447	49						
2019-10-02	영동대한민국와인축제	여자	60대	185	23						
2019-10-02	영동대한민국와인축제	여자	70대이상	92	9						
2019-10-02	영동대한민국와인축제					베트남	6				
2019-10-02	영동대한민국와인축제							새벽	173	62	0
2019-10-02	영동대한민국와인축제							야간	257	58	0
2019-10-02	영동대한민국와인축제							오전	376	59	2
2019-10-02	영동대한민국와인축제							오후	1081	114	2
2019-10-02	영동대한민국와인축제							저녁	773	98	0
2019-10-02	영동대한민국와인축제							점심	625	97	2
2019-10-03	영동대한민국와인축제	남자	10대	190	23						
2019-10-03	영동대한민국와인축제	남자	10대이하	15	0						
2019-10-03	영동대한민국와인축제	남자	20대	211	91						
2019-10-03	영동대한민국와인축제	남자	30대	202	114						
2019-10-03	영동대한민국와인축제	남자	40대	276	150						
2019-10-03	영동대한민국와인축제	남자	50대	408	131						
2019-10-03	영동대한민국와인축제	남자	60대	200	57						
2019-10-03	영동대한민국와인축제	남자	70대이상	138	5						
2019-10-03	영동대한민국와인축제	여자	10대	200	27						
2019-10-03	영동대한민국와인축제	여자	10대이하	13	15						
2019-10-03	영동대한민국와인축제	여자	20대	94	57						
2019-10-03	영동대한민국와인축제	여자	30대	142	73						
2019-10-03	영동대한민국와인축제	여자	40대	350	78						
2019-10-03	영동대한민국와인축제	여자	50대	473	72						
2019-10-03	영동대한민국와인축제	여자	60대	212	49						
2019-10-03	영동대한민국와인축제	여자	70대이상	88	4						
2019-10-03	영동대한민국와인축제					호주	2				
2019-10-03	영동대한민국와인축제							새벽	210	119	1
2019-10-03	영동대한민국와인축제							야간	257	104	0
2019-10-03	영동대한민국와인축제							오전	399	137	1
2019-10-03	영동대한민국와인축제							오후	920	183	0
2019-10-03	영동대한민국와인축제							저녁	676	166	0
2019-10-03	영동대한민국와인축제							점심	750	237	0
2019-10-04	영동대한민국와인축제	남자	10대	270	37						
2019-10-04	영동대한민국와인축제	남자	10대이하	25	0						
2019-10-04	영동대한민국와인축제	남자	20대	214	146						
2019-10-04	영동대한민국와인축제	남자	30대	156	84						
2019-10-04	영동대한민국와인축제	남자	40대	356	111						
2019-10-04	영동대한민국와인축제	남자	50대	375	105						
2019-10-04	영동대한민국와인축제	남자	60대	303	54						
2019-10-04	영동대한민국와인축제	남자	70대이상	161	13						
2019-10-04	영동대한민국와인축제	여자	10대	301	48						
2019-10-04	영동대한민국와인축제	여자	10대이하	51	13						
2019-10-04	영동대한민국와인축제	여자	20대	114	56						
2019-10-04	영동대한민국와인축제	여자	30대	194	42						
2019-10-04	영동대한민국와인축제	여자	40대	459	84						
2019-10-04	영동대한민국와인축제	여자	50대	452	133						
2019-10-04	영동대한민국와인축제	여자	60대	265	40						
2019-10-04	영동대한민국와인축제	여자	70대이상	155	19						
2019-10-04	영동대한민국와인축제					호주	3				
2019-10-04	영동대한민국와인축제							새벽	259	174	2
2019-10-04	영동대한민국와인축제							야간	402	104	0
2019-10-04	영동대한민국와인축제							오전	500	168	1
2019-10-04	영동대한민국와인축제							오후	1117	205	0
2019-10-04	영동대한민국와인축제							저녁	883	173	0
2019-10-04	영동대한민국와인축제							점심	690	161	0
2019-10-05	영동대한민국와인축제	남자	10대	252	129						
2019-10-05	영동대한민국와인축제	남자	10대이하	10	0						
2019-10-05	영동대한민국와인축제	남자	20대	142	223						
2019-10-05	영동대한민국와인축제	남자	30대	125	86						
2019-10-05	영동대한민국와인축제	남자	40대	325	147						
2019-10-05	영동대한민국와인축제	남자	50대	255	161						
2019-10-05	영동대한민국와인축제	남자	60대	195	86						
2019-10-05	영동대한민국와인축제	남자	70대이상	110	5						
2019-10-05	영동대한민국와인축제	여자	10대	213	5						
2019-10-05	영동대한민국와인축제	여자	10대이하	30	19						
2019-10-05	영동대한민국와인축제	여자	20대	130	79						
2019-10-05	영동대한민국와인축제	여자	30대	96	89						
2019-10-05	영동대한민국와인축제	여자	40대	378	112						
2019-10-05	영동대한민국와인축제	여자	50대	405	180						
2019-10-05	영동대한민국와인축제	여자	60대	193	50						
2019-10-05	영동대한민국와인축제	여자	70대이상	117	19						
2019-10-05	영동대한민국와인축제					인도네시아	2				
2019-10-05	영동대한민국와인축제					호주	3				
2019-10-05	영동대한민국와인축제							새벽	285	211	2
2019-10-05	영동대한민국와인축제							야간	238	132	0
2019-10-05	영동대한민국와인축제							오전	487	247	1
2019-10-05	영동대한민국와인축제							오후	777	302	0
2019-10-05	영동대한민국와인축제							저녁	631	242	0
2019-10-05	영동대한민국와인축제							점심	558	256	2
2019-10-06	영동대한민국와인축제	남자	10대	287	86						
2019-10-06	영동대한민국와인축제	남자	10대이하	9	1						
2019-10-06	영동대한민국와인축제	남자	20대	149	96						
2019-10-06	영동대한민국와인축제	남자	30대	148	75						
2019-10-06	영동대한민국와인축제	남자	40대	294	135						
2019-10-06	영동대한민국와인축제	남자	50대	357	133						
2019-10-06	영동대한민국와인축제	남자	60대	184	92						
2019-10-06	영동대한민국와인축제	남자	70대이상	150	20						
2019-10-06	영동대한민국와인축제	여자	10대	237	9						
2019-10-06	영동대한민국와인축제	여자	10대이하	4	4						
2019-10-06	영동대한민국와인축제	여자	20대	98	61						
2019-10-06	영동대한민국와인축제	여자	30대	149	105						
2019-10-06	영동대한민국와인축제	여자	40대	296	63						
2019-10-06	영동대한민국와인축제	여자	50대	331	177						
2019-10-06	영동대한민국와인축제	여자	60대	196	47						
2019-10-06	영동대한민국와인축제	여자	70대이상	131	2						
2019-10-06	영동대한민국와인축제					호주	6				
2019-10-06	영동대한민국와인축제							새벽	250	177	3
2019-10-06	영동대한민국와인축제							야간	168	46	0
2019-10-06	영동대한민국와인축제							오전	476	230	1
2019-10-06	영동대한민국와인축제							오후	858	284	0
2019-10-06	영동대한민국와인축제							저녁	550	122	2
2019-10-06	영동대한민국와인축제							점심	718	247	0
2019-10-07	영동대한민국와인축제	남자	10대	172	8						
2019-10-07	영동대한민국와인축제	남자	10대이하	19	0						
2019-10-07	영동대한민국와인축제	남자	20대	142	64						
2019-10-07	영동대한민국와인축제	남자	30대	119	53						
2019-10-07	영동대한민국와인축제	남자	40대	340	93						
2019-10-07	영동대한민국와인축제	남자	50대	390	88						
2019-10-07	영동대한민국와인축제	남자	60대	298	49						
2019-10-07	영동대한민국와인축제	남자	70대이상	133	14						
2019-10-07	영동대한민국와인축제	여자	10대	184	4						
2019-10-07	영동대한민국와인축제	여자	10대이하	22	5						
2019-10-07	영동대한민국와인축제	여자	20대	138	17						
2019-10-07	영동대한민국와인축제	여자	30대	190	10						
2019-10-07	영동대한민국와인축제	여자	40대	426	39						
2019-10-07	영동대한민국와인축제	여자	50대	507	80						
2019-10-07	영동대한민국와인축제	여자	60대	267	24						
2019-10-07	영동대한민국와인축제	여자	70대이상	139	5						
2019-10-07	영동대한민국와인축제					호주	2				
2019-10-07	영동대한민국와인축제							새벽	205	79	1
2019-10-07	영동대한민국와인축제							야간	250	70	0
2019-10-07	영동대한민국와인축제							오전	454	74	1
2019-10-07	영동대한민국와인축제							오후	1137	152	0
2019-10-07	영동대한민국와인축제							저녁	734	80	0
2019-10-07	영동대한민국와인축제							점심	706	98	0
2019-10-08	영동대한민국와인축제	남자	10대	198	50						
2019-10-08	영동대한민국와인축제	남자	10대이하	36	0						
2019-10-08	영동대한민국와인축제	남자	20대	126	39						
2019-10-08	영동대한민국와인축제	남자	30대	137	61						
2019-10-08	영동대한민국와인축제	남자	40대	388	58						
2019-10-08	영동대한민국와인축제	남자	50대	334	65						
2019-10-08	영동대한민국와인축제	남자	60대	231	73						
2019-10-08	영동대한민국와인축제	남자	70대이상	105	15						
2019-10-08	영동대한민국와인축제	여자	10대	235	0						
2019-10-08	영동대한민국와인축제	여자	10대이하	38	15						
2019-10-08	영동대한민국와인축제	여자	20대	109	12						
2019-10-08	영동대한민국와인축제	여자	30대	184	21						
2019-10-08	영동대한민국와인축제	여자	40대	490	39						
2019-10-08	영동대한민국와인축제	여자	50대	436	93						
2019-10-08	영동대한민국와인축제	여자	60대	274	28						
2019-10-08	영동대한민국와인축제	여자	70대이상	153	5						
2019-10-08	영동대한민국와인축제					기타	4				
2019-10-08	영동대한민국와인축제					호주	2				
2019-10-08	영동대한민국와인축제							새벽	252	95	0
2019-10-08	영동대한민국와인축제							야간	271	64	0
2019-10-08	영동대한민국와인축제							오전	473	99	0
2019-10-08	영동대한민국와인축제							오후	1011	142	3
2019-10-08	영동대한민국와인축제							저녁	786	77	0
2019-10-08	영동대한민국와인축제							점심	681	97	3
2019-10-09	영동대한민국와인축제	남자	10대	222	63						
2019-10-09	영동대한민국와인축제	남자	10대이하	22	0						
2019-10-09	영동대한민국와인축제	남자	20대	136	48						
2019-10-09	영동대한민국와인축제	남자	30대	122	84						
2019-10-09	영동대한민국와인축제	남자	40대	361	130						
2019-10-09	영동대한민국와인축제	남자	50대	225	89						
2019-10-09	영동대한민국와인축제	남자	60대	213	50						
2019-10-09	영동대한민국와인축제	남자	70대이상	73	16						
2019-10-09	영동대한민국와인축제	여자	10대	199	12						
2019-10-09	영동대한민국와인축제	여자	10대이하	29	18						
2019-10-09	영동대한민국와인축제	여자	20대	81	25						
2019-10-09	영동대한민국와인축제	여자	30대	126	21						
2019-10-09	영동대한민국와인축제	여자	40대	277	47						
2019-10-09	영동대한민국와인축제	여자	50대	387	107						
2019-10-09	영동대한민국와인축제	여자	60대	179	45						
2019-10-09	영동대한민국와인축제	여자	70대이상	100	1						
2019-10-09	영동대한민국와인축제							새벽	266	150	0
2019-10-09	영동대한민국와인축제							야간	171	43	0
2019-10-09	영동대한민국와인축제							오전	362	134	0
2019-10-09	영동대한민국와인축제							오후	689	152	0
2019-10-09	영동대한민국와인축제							저녁	668	86	0
2019-10-09	영동대한민국와인축제							점심	596	191	0
2019-10-10	영동대한민국와인축제	남자	10대	226	16						
2019-10-10	영동대한민국와인축제	남자	10대이하	32	0						
2019-10-10	영동대한민국와인축제	남자	20대	147	65						
2019-10-10	영동대한민국와인축제	남자	30대	148	67						
2019-10-10	영동대한민국와인축제	남자	40대	317	61						
2019-10-10	영동대한민국와인축제	남자	50대	368	45						
2019-10-10	영동대한민국와인축제	남자	60대	280	77						
2019-10-10	영동대한민국와인축제	남자	70대이상	119	5						
2019-10-10	영동대한민국와인축제	여자	10대	259	10						
2019-10-10	영동대한민국와인축제	여자	10대이하	54	2						
2019-10-10	영동대한민국와인축제	여자	20대	154	17						
2019-10-10	영동대한민국와인축제	여자	30대	224	27						
2019-10-10	영동대한민국와인축제	여자	40대	469	44						
2019-10-10	영동대한민국와인축제	여자	50대	497	91						
2019-10-10	영동대한민국와인축제	여자	60대	254	17						
2019-10-10	영동대한민국와인축제	여자	70대이상	135	4						
2019-10-10	영동대한민국와인축제							새벽	168	103	0
2019-10-10	영동대한민국와인축제							야간	286	66	0
2019-10-10	영동대한민국와인축제							오전	507	88	0
2019-10-10	영동대한민국와인축제							오후	1128	102	0
2019-10-10	영동대한민국와인축제							저녁	954	95	0
2019-10-10	영동대한민국와인축제							점심	640	94	0
2019-10-11	영동대한민국와인축제	남자	10대	209	18						
2019-10-11	영동대한민국와인축제	남자	10대이하	23	8						
2019-10-11	영동대한민국와인축제	남자	20대	140	66						
2019-10-11	영동대한민국와인축제	남자	30대	139	76						
2019-10-11	영동대한민국와인축제	남자	40대	352	129						
2019-10-11	영동대한민국와인축제	남자	50대	424	58						
2019-10-11	영동대한민국와인축제	남자	60대	234	66						
2019-10-11	영동대한민국와인축제	남자	70대이상	121	16						
2019-10-11	영동대한민국와인축제	여자	10대	249	2						
2019-10-11	영동대한민국와인축제	여자	10대이하	35	0						
2019-10-11	영동대한민국와인축제	여자	20대	126	25						
2019-10-11	영동대한민국와인축제	여자	30대	241	52						
2019-10-11	영동대한민국와인축제	여자	40대	513	32						
2019-10-11	영동대한민국와인축제	여자	50대	557	78						
2019-10-11	영동대한민국와인축제	여자	60대	265	27						
2019-10-11	영동대한민국와인축제	여자	70대이상	168	12						
2019-10-11	영동대한민국와인축제							새벽	268	85	0
2019-10-11	영동대한민국와인축제							야간	273	76	0
2019-10-11	영동대한민국와인축제							오전	495	86	0
2019-10-11	영동대한민국와인축제							오후	1163	141	0
2019-10-11	영동대한민국와인축제							저녁	927	162	0
2019-10-11	영동대한민국와인축제							점심	670	115	0
2019-10-12	영동대한민국와인축제	남자	10대	189	62						
2019-10-12	영동대한민국와인축제	남자	10대이하	12	36						
2019-10-12	영동대한민국와인축제	남자	20대	105	125						
2019-10-12	영동대한민국와인축제	남자	30대	146	168						
2019-10-12	영동대한민국와인축제	남자	40대	309	157						
2019-10-12	영동대한민국와인축제	남자	50대	348	193						
2019-10-12	영동대한민국와인축제	남자	60대	230	79						
2019-10-12	영동대한민국와인축제	남자	70대이상	167	18						
2019-10-12	영동대한민국와인축제	여자	10대	211	18						
2019-10-12	영동대한민국와인축제	여자	10대이하	17	13						
2019-10-12	영동대한민국와인축제	여자	20대	145	50						
2019-10-12	영동대한민국와인축제	여자	30대	197	123						
2019-10-12	영동대한민국와인축제	여자	40대	389	64						
2019-10-12	영동대한민국와인축제	여자	50대	494	159						
2019-10-12	영동대한민국와인축제	여자	60대	268	54						
2019-10-12	영동대한민국와인축제	여자	70대이상	147	9						
2019-10-12	영동대한민국와인축제							새벽	263	139	0
2019-10-12	영동대한민국와인축제							야간	280	105	0
2019-10-12	영동대한민국와인축제							오전	467	154	0
2019-10-12	영동대한민국와인축제							오후	933	291	0
2019-10-12	영동대한민국와인축제							저녁	607	221	0
2019-10-12	영동대한민국와인축제							점심	824	418	0
2019-10-13	영동대한민국와인축제	남자	10대	260	50						
2019-10-13	영동대한민국와인축제	남자	10대이하	11	12						
2019-10-13	영동대한민국와인축제	남자	20대	156	80						
2019-10-13	영동대한민국와인축제	남자	30대	109	96						
2019-10-13	영동대한민국와인축제	남자	40대	288	60						
2019-10-13	영동대한민국와인축제	남자	50대	329	78						
2019-10-13	영동대한민국와인축제	남자	60대	186	54						
2019-10-13	영동대한민국와인축제	남자	70대이상	92	31						
2019-10-13	영동대한민국와인축제	여자	10대	258	17						
2019-10-13	영동대한민국와인축제	여자	10대이하	21	5						
2019-10-13	영동대한민국와인축제	여자	20대	100	67						
2019-10-13	영동대한민국와인축제	여자	30대	122	41						
2019-10-13	영동대한민국와인축제	여자	40대	303	34						
2019-10-13	영동대한민국와인축제	여자	50대	338	87						
2019-10-13	영동대한민국와인축제	여자	60대	209	17						
2019-10-13	영동대한민국와인축제	여자	70대이상	148	10						
2019-10-13	영동대한민국와인축제							새벽	273	176	0
2019-10-13	영동대한민국와인축제							야간	201	36	0
2019-10-13	영동대한민국와인축제							오전	477	149	0
2019-10-13	영동대한민국와인축제							오후	758	153	0
2019-10-13	영동대한민국와인축제							저녁	632	77	0
2019-10-13	영동대한민국와인축제							점심	589	148	0
2019-10-14	영동대한민국와인축제	남자	10대	244	18						
2019-10-14	영동대한민국와인축제	남자	10대이하	27	0						
2019-10-14	영동대한민국와인축제	남자	20대	131	94						
2019-10-14	영동대한민국와인축제	남자	30대	149	72						
2019-10-14	영동대한민국와인축제	남자	40대	427	105						
2019-10-14	영동대한민국와인축제	남자	50대	405	85						
2019-10-14	영동대한민국와인축제	남자	60대	339	70						
2019-10-14	영동대한민국와인축제	남자	70대이상	141	7						
2019-10-14	영동대한민국와인축제	여자	10대	301	2						
2019-10-14	영동대한민국와인축제	여자	10대이하	32	0						
2019-10-14	영동대한민국와인축제	여자	20대	146	18						
2019-10-14	영동대한민국와인축제	여자	30대	220	15						
2019-10-14	영동대한민국와인축제	여자	40대	402	40						
2019-10-14	영동대한민국와인축제	여자	50대	470	75						
2019-10-14	영동대한민국와인축제	여자	60대	258	21						
2019-10-14	영동대한민국와인축제	여자	70대이상	147	7						
2019-10-14	영동대한민국와인축제							새벽	249	77	0
2019-10-14	영동대한민국와인축제							야간	287	51	0
2019-10-14	영동대한민국와인축제							오전	542	115	0
2019-10-14	영동대한민국와인축제							오후	1169	164	0
2019-10-14	영동대한민국와인축제							저녁	926	110	0
2019-10-14	영동대한민국와인축제							점심	666	112	0
2019-10-15	영동대한민국와인축제	남자	10대	175	2						
2019-10-15	영동대한민국와인축제	남자	10대이하	29	4						
2019-10-15	영동대한민국와인축제	남자	20대	134	48						
2019-10-15	영동대한민국와인축제	남자	30대	106	108						
2019-10-15	영동대한민국와인축제	남자	40대	375	72						
2019-10-15	영동대한민국와인축제	남자	50대	293	111						
2019-10-15	영동대한민국와인축제	남자	60대	273	62						
2019-10-15	영동대한민국와인축제	남자	70대이상	137	22						
2019-10-15	영동대한민국와인축제	여자	10대	251	4						
2019-10-15	영동대한민국와인축제	여자	10대이하	46	0						
2019-10-15	영동대한민국와인축제	여자	20대	128	11						
2019-10-15	영동대한민국와인축제	여자	30대	203	17						
2019-10-15	영동대한민국와인축제	여자	40대	466	70						
2019-10-15	영동대한민국와인축제	여자	50대	558	78						
2019-10-15	영동대한민국와인축제	여자	60대	310	21						
2019-10-15	영동대한민국와인축제	여자	70대이상	157	11						
2019-10-15	영동대한민국와인축제							새벽	231	107	0
2019-10-15	영동대한민국와인축제							야간	222	82	0
2019-10-15	영동대한민국와인축제							오전	551	89	0
2019-10-15	영동대한민국와인축제							오후	1075	108	0
2019-10-15	영동대한민국와인축제							저녁	841	108	0
2019-10-15	영동대한민국와인축제							점심	721	147	0
2019-10-16	영동대한민국와인축제	남자	10대	252	6						
2019-10-16	영동대한민국와인축제	남자	10대이하	23	0						
2019-10-16	영동대한민국와인축제	남자	20대	66	73						
2019-10-16	영동대한민국와인축제	남자	30대	104	122						
2019-10-16	영동대한민국와인축제	남자	40대	339	35						
2019-10-16	영동대한민국와인축제	남자	50대	321	87						
2019-10-16	영동대한민국와인축제	남자	60대	291	44						
2019-10-16	영동대한민국와인축제	남자	70대이상	147	14						
2019-10-16	영동대한민국와인축제	여자	10대	275	0						
2019-10-16	영동대한민국와인축제	여자	10대이하	35	0						
2019-10-16	영동대한민국와인축제	여자	20대	198	27						
2019-10-16	영동대한민국와인축제	여자	30대	168	13						
2019-10-16	영동대한민국와인축제	여자	40대	434	64						
2019-10-16	영동대한민국와인축제	여자	50대	577	86						
2019-10-16	영동대한민국와인축제	여자	60대	222	11						
2019-10-16	영동대한민국와인축제	여자	70대이상	144	11						
2019-10-16	영동대한민국와인축제							새벽	226	127	0
2019-10-16	영동대한민국와인축제							야간	203	60	0
2019-10-16	영동대한민국와인축제							오전	445	85	0
2019-10-16	영동대한민국와인축제							오후	1135	133	0
2019-10-16	영동대한민국와인축제							저녁	831	106	0
2019-10-16	영동대한민국와인축제							점심	756	82	0
2019-10-17	영동대한민국와인축제	남자	10대	188	8						
2019-10-17	영동대한민국와인축제	남자	10대이하	30	1						
2019-10-17	영동대한민국와인축제	남자	20대	128	59						
2019-10-17	영동대한민국와인축제	남자	30대	126	140						
2019-10-17	영동대한민국와인축제	남자	40대	372	81						
2019-10-17	영동대한민국와인축제	남자	50대	408	66						
2019-10-17	영동대한민국와인축제	남자	60대	302	54						
2019-10-17	영동대한민국와인축제	남자	70대이상	139	3						
2019-10-17	영동대한민국와인축제	여자	10대	227	11						
2019-10-17	영동대한민국와인축제	여자	10대이하	31	0						
2019-10-17	영동대한민국와인축제	여자	20대	177	47						
2019-10-17	영동대한민국와인축제	여자	30대	185	13						
2019-10-17	영동대한민국와인축제	여자	40대	449	70						
2019-10-17	영동대한민국와인축제	여자	50대	461	90						
2019-10-17	영동대한민국와인축제	여자	60대	155	28						
2019-10-17	영동대한민국와인축제	여자	70대이상	115	8						
2019-10-17	영동대한민국와인축제							새벽	186	137	0
2019-10-17	영동대한민국와인축제							야간	257	66	0
2019-10-17	영동대한민국와인축제							오전	496	121	0
2019-10-17	영동대한민국와인축제							오후	1042	142	0
2019-10-17	영동대한민국와인축제							저녁	867	82	0
2019-10-17	영동대한민국와인축제							점심	645	131	0
2019-10-18	영동대한민국와인축제	남자	10대	192	16						
2019-10-18	영동대한민국와인축제	남자	10대이하	20	1						
2019-10-18	영동대한민국와인축제	남자	20대	151	80						
2019-10-18	영동대한민국와인축제	남자	30대	160	117						
2019-10-18	영동대한민국와인축제	남자	40대	323	101						
2019-10-18	영동대한민국와인축제	남자	50대	315	146						
2019-10-18	영동대한민국와인축제	남자	60대	278	43						
2019-10-18	영동대한민국와인축제	남자	70대이상	131	11						
2019-10-18	영동대한민국와인축제	여자	10대	221	16						
2019-10-18	영동대한민국와인축제	여자	10대이하	29	0						
2019-10-18	영동대한민국와인축제	여자	20대	139	37						
2019-10-18	영동대한민국와인축제	여자	30대	183	41						
2019-10-18	영동대한민국와인축제	여자	40대	461	64						
2019-10-18	영동대한민국와인축제	여자	50대	457	63						
2019-10-18	영동대한민국와인축제	여자	60대	203	37						
2019-10-18	영동대한민국와인축제	여자	70대이상	153	5						
2019-10-18	영동대한민국와인축제							새벽	248	161	0
2019-10-18	영동대한민국와인축제							야간	256	68	0
2019-10-18	영동대한민국와인축제							오전	437	113	0
2019-10-18	영동대한민국와인축제							오후	998	144	0
2019-10-18	영동대한민국와인축제							저녁	829	163	0
2019-10-18	영동대한민국와인축제							점심	648	129	0
2019-10-19	영동대한민국와인축제	남자	10대	265	69						
2019-10-19	영동대한민국와인축제	남자	10대이하	6	1						
2019-10-19	영동대한민국와인축제	남자	20대	161	177						
2019-10-19	영동대한민국와인축제	남자	30대	157	109						
2019-10-19	영동대한민국와인축제	남자	40대	302	181						
2019-10-19	영동대한민국와인축제	남자	50대	350	172						
2019-10-19	영동대한민국와인축제	남자	60대	274	42						
2019-10-19	영동대한민국와인축제	남자	70대이상	72	16						
2019-10-19	영동대한민국와인축제	여자	10대	326	15						
2019-10-19	영동대한민국와인축제	여자	10대이하	5	5						
2019-10-19	영동대한민국와인축제	여자	20대	136	69						
2019-10-19	영동대한민국와인축제	여자	30대	130	40						
2019-10-19	영동대한민국와인축제	여자	40대	383	157						
2019-10-19	영동대한민국와인축제	여자	50대	421	150						
2019-10-19	영동대한민국와인축제	여자	60대	182	60						
2019-10-19	영동대한민국와인축제	여자	70대이상	103	12						
2019-10-19	영동대한민국와인축제							새벽	246	163	0
2019-10-19	영동대한민국와인축제							야간	266	138	0
2019-10-19	영동대한민국와인축제							오전	479	184	0
2019-10-19	영동대한민국와인축제							오후	884	288	0
2019-10-19	영동대한민국와인축제							저녁	761	268	0
2019-10-19	영동대한민국와인축제							점심	637	234	0
2019-10-20	영동대한민국와인축제	남자	10대	225	70						
2019-10-20	영동대한민국와인축제	남자	10대이하	8	0						
2019-10-20	영동대한민국와인축제	남자	20대	143	179						
2019-10-20	영동대한민국와인축제	남자	30대	149	48						
2019-10-20	영동대한민국와인축제	남자	40대	285	100						
2019-10-20	영동대한민국와인축제	남자	50대	342	107						
2019-10-20	영동대한민국와인축제	남자	60대	218	56						
2019-10-20	영동대한민국와인축제	남자	70대이상	68	1						
2019-10-20	영동대한민국와인축제	여자	10대	254	15						
2019-10-20	영동대한민국와인축제	여자	10대이하	15	4						
2019-10-20	영동대한민국와인축제	여자	20대	102	31						
2019-10-20	영동대한민국와인축제	여자	30대	125	32						
2019-10-20	영동대한민국와인축제	여자	40대	268	135						
2019-10-20	영동대한민국와인축제	여자	50대	296	81						
2019-10-20	영동대한민국와인축제	여자	60대	98	12						
2019-10-20	영동대한민국와인축제	여자	70대이상	84	4						
2019-10-20	영동대한민국와인축제							새벽	288	232	0
2019-10-20	영동대한민국와인축제							야간	195	56	0
2019-10-20	영동대한민국와인축제							오전	342	177	0
2019-10-20	영동대한민국와인축제							오후	779	155	0
2019-10-20	영동대한민국와인축제							저녁	531	98	0
2019-10-20	영동대한민국와인축제							점심	545	157	0
2019-10-21	영동대한민국와인축제	남자	10대	266	4						
2019-10-21	영동대한민국와인축제	남자	10대이하	22	0						
2019-10-21	영동대한민국와인축제	남자	20대	115	61						
2019-10-21	영동대한민국와인축제	남자	30대	159	40						
2019-10-21	영동대한민국와인축제	남자	40대	329	84						
2019-10-21	영동대한민국와인축제	남자	50대	381	68						
2019-10-21	영동대한민국와인축제	남자	60대	259	37						
2019-10-21	영동대한민국와인축제	남자	70대이상	137	11						
2019-10-21	영동대한민국와인축제	여자	10대	274	2						
2019-10-21	영동대한민국와인축제	여자	10대이하	41	0						
2019-10-21	영동대한민국와인축제	여자	20대	145	22						
2019-10-21	영동대한민국와인축제	여자	30대	201	12						
2019-10-21	영동대한민국와인축제	여자	40대	412	94						
2019-10-21	영동대한민국와인축제	여자	50대	518	50						
2019-10-21	영동대한민국와인축제	여자	60대	191	32						
2019-10-21	영동대한민국와인축제	여자	70대이상	129	7						
2019-10-21	영동대한민국와인축제							새벽	216	93	0
2019-10-21	영동대한민국와인축제							야간	261	68	0
2019-10-21	영동대한민국와인축제							오전	441	92	0
2019-10-21	영동대한민국와인축제							오후	1223	123	0
2019-10-21	영동대한민국와인축제							저녁	758	69	0
2019-10-21	영동대한민국와인축제							점심	680	79	0
2019-01-10	제천얼음축제	남자	10대	13	0						
2019-01-10	제천얼음축제	남자	10대이하	3	2						
2019-01-10	제천얼음축제	남자	20대	107	30						
2019-01-10	제천얼음축제	남자	30대	80	49						
2019-01-10	제천얼음축제	남자	40대	65	81						
2019-01-10	제천얼음축제	남자	50대	121	67						
2019-01-10	제천얼음축제	남자	60대	154	51						
2019-01-10	제천얼음축제	남자	70대이상	54	21						
2019-01-10	제천얼음축제	여자	10대	25	8						
2019-01-10	제천얼음축제	여자	20대	82	29						
2019-01-10	제천얼음축제	여자	30대	84	28						
2019-01-10	제천얼음축제	여자	40대	81	66						
2019-01-10	제천얼음축제	여자	50대	148	64						
2019-01-10	제천얼음축제	여자	60대	75	38						
2019-01-10	제천얼음축제	여자	70대이상	15	15						
2019-01-10	제천얼음축제					미국	1				
2019-01-10	제천얼음축제							새벽	41	0	0
2019-01-10	제천얼음축제							야간	71	4	0
2019-01-10	제천얼음축제							오전	154	14	0
2019-01-10	제천얼음축제							오후	287	191	1
2019-01-10	제천얼음축제							저녁	210	79	0
2019-01-10	제천얼음축제							점심	344	261	0
2019-01-11	제천얼음축제	남자	10대	10	39						
2019-01-11	제천얼음축제	남자	10대이하	2	6						
2019-01-11	제천얼음축제	남자	20대	141	54						
2019-01-11	제천얼음축제	남자	30대	66	36						
2019-01-11	제천얼음축제	남자	40대	84	77						
2019-01-11	제천얼음축제	남자	50대	108	102						
2019-01-11	제천얼음축제	남자	60대	121	34						
2019-01-11	제천얼음축제	남자	70대이상	74	21						
2019-01-11	제천얼음축제	여자	10대	22	12						
2019-01-11	제천얼음축제	여자	10대이하	0	4						
2019-01-11	제천얼음축제	여자	20대	58	48						
2019-01-11	제천얼음축제	여자	30대	44	30						
2019-01-11	제천얼음축제	여자	40대	95	66						
2019-01-11	제천얼음축제	여자	50대	131	80						
2019-01-11	제천얼음축제	여자	60대	90	57						
2019-01-11	제천얼음축제	여자	70대이상	19	2						
2019-01-11	제천얼음축제					중국	3				
2019-01-11	제천얼음축제							새벽	68	2	0
2019-01-11	제천얼음축제							야간	38	51	0
2019-01-11	제천얼음축제							오전	159	27	0
2019-01-11	제천얼음축제							오후	351	265	0
2019-01-11	제천얼음축제							저녁	136	91	0
2019-01-11	제천얼음축제							점심	313	232	3
2019-01-12	제천얼음축제	남자	10대	42	56						
2019-01-12	제천얼음축제	남자	10대이하	4	4						
2019-01-12	제천얼음축제	남자	20대	182	176						
2019-01-12	제천얼음축제	남자	30대	153	220						
2019-01-12	제천얼음축제	남자	40대	153	199						
2019-01-12	제천얼음축제	남자	50대	155	182						
2019-01-12	제천얼음축제	남자	60대	157	122						
2019-01-12	제천얼음축제	남자	70대이상	91	28						
2019-01-12	제천얼음축제	여자	10대	31	51						
2019-01-12	제천얼음축제	여자	10대이하	0	4						
2019-01-12	제천얼음축제	여자	20대	66	151						
2019-01-12	제천얼음축제	여자	30대	99	193						
2019-01-12	제천얼음축제	여자	40대	118	218						
2019-01-12	제천얼음축제	여자	50대	195	262						
2019-01-12	제천얼음축제	여자	60대	186	79						
2019-01-12	제천얼음축제	여자	70대이상	34	12						
2019-01-12	제천얼음축제							새벽	61	14	0
2019-01-12	제천얼음축제							야간	58	54	0
2019-01-12	제천얼음축제							오전	204	90	0
2019-01-12	제천얼음축제							오후	717	974	0
2019-01-12	제천얼음축제							저녁	158	180	0
2019-01-12	제천얼음축제							점심	468	645	0
2019-01-13	제천얼음축제	남자	10대	43	32						
2019-01-13	제천얼음축제	남자	10대이하	9	2						
2019-01-13	제천얼음축제	남자	20대	196	185						
2019-01-13	제천얼음축제	남자	30대	155	217						
2019-01-13	제천얼음축제	남자	40대	178	255						
2019-01-13	제천얼음축제	남자	50대	143	247						
2019-01-13	제천얼음축제	남자	60대	249	130						
2019-01-13	제천얼음축제	남자	70대이상	55	26						
2019-01-13	제천얼음축제	여자	10대	29	42						
2019-01-13	제천얼음축제	여자	10대이하	9	10						
2019-01-13	제천얼음축제	여자	20대	90	141						
2019-01-13	제천얼음축제	여자	30대	138	177						
2019-01-13	제천얼음축제	여자	40대	177	251						
2019-01-13	제천얼음축제	여자	50대	218	223						
2019-01-13	제천얼음축제	여자	60대	185	172						
2019-01-13	제천얼음축제	여자	70대이상	24	22						
2019-01-13	제천얼음축제					홍콩	3				
2019-01-13	제천얼음축제							새벽	80	56	0
2019-01-13	제천얼음축제							야간	26	26	0
2019-01-13	제천얼음축제							오전	208	116	0
2019-01-13	제천얼음축제							오후	854	1124	0
2019-01-13	제천얼음축제							저녁	228	148	0
2019-01-13	제천얼음축제							점심	502	662	3
2019-01-14	제천얼음축제	남자	10대	11	10						
2019-01-14	제천얼음축제	남자	10대이하	2	0						
2019-01-14	제천얼음축제	남자	20대	101	85						
2019-01-14	제천얼음축제	남자	30대	67	22						
2019-01-14	제천얼음축제	남자	40대	70	50						
2019-01-14	제천얼음축제	남자	50대	87	53						
2019-01-14	제천얼음축제	남자	60대	104	20						
2019-01-14	제천얼음축제	남자	70대이상	40	2						
2019-01-14	제천얼음축제	여자	10대	30	6						
2019-01-14	제천얼음축제	여자	10대이하	0	2						
2019-01-14	제천얼음축제	여자	20대	83	35						
2019-01-14	제천얼음축제	여자	30대	28	18						
2019-01-14	제천얼음축제	여자	40대	77	16						
2019-01-14	제천얼음축제	여자	50대	161	34						
2019-01-14	제천얼음축제	여자	60대	71	83						
2019-01-14	제천얼음축제	여자	70대이상	7	0						
2019-01-14	제천얼음축제							새벽	61	32	0
2019-01-14	제천얼음축제							야간	60	22	0
2019-01-14	제천얼음축제							오전	132	59	0
2019-01-14	제천얼음축제							오후	279	120	0
2019-01-14	제천얼음축제							저녁	125	46	0
2019-01-14	제천얼음축제							점심	282	157	0
2019-01-15	제천얼음축제	남자	10대	6	4						
2019-01-15	제천얼음축제	남자	10대이하	2	2						
2019-01-15	제천얼음축제	남자	20대	130	79						
2019-01-15	제천얼음축제	남자	30대	57	24						
2019-01-15	제천얼음축제	남자	40대	64	79						
2019-01-15	제천얼음축제	남자	50대	85	55						
2019-01-15	제천얼음축제	남자	60대	143	40						
2019-01-15	제천얼음축제	남자	70대이상	48	20						
2019-01-15	제천얼음축제	여자	10대	26	14						
2019-01-15	제천얼음축제	여자	10대이하	0	2						
2019-01-15	제천얼음축제	여자	20대	56	40						
2019-01-15	제천얼음축제	여자	30대	27	18						
2019-01-15	제천얼음축제	여자	40대	95	56						
2019-01-15	제천얼음축제	여자	50대	119	62						
2019-01-15	제천얼음축제	여자	60대	87	96						
2019-01-15	제천얼음축제	여자	70대이상	16	12						
2019-01-15	제천얼음축제							새벽	57	33	0
2019-01-15	제천얼음축제							야간	36	21	0
2019-01-15	제천얼음축제							오전	152	67	0
2019-01-15	제천얼음축제							오후	204	182	0
2019-01-15	제천얼음축제							저녁	169	52	0
2019-01-15	제천얼음축제							점심	343	248	0
2019-01-16	제천얼음축제	남자	10대	13	10						
2019-01-16	제천얼음축제	남자	10대이하	0	4						
2019-01-16	제천얼음축제	남자	20대	134	82						
2019-01-16	제천얼음축제	남자	30대	92	23						
2019-01-16	제천얼음축제	남자	40대	74	67						
2019-01-16	제천얼음축제	남자	50대	118	41						
2019-01-16	제천얼음축제	남자	60대	152	34						
2019-01-16	제천얼음축제	남자	70대이상	62	11						
2019-01-16	제천얼음축제	여자	10대	35	15						
2019-01-16	제천얼음축제	여자	10대이하	0	4						
2019-01-16	제천얼음축제	여자	20대	62	79						
2019-01-16	제천얼음축제	여자	30대	41	24						
2019-01-16	제천얼음축제	여자	40대	93	83						
2019-01-16	제천얼음축제	여자	50대	124	41						
2019-01-16	제천얼음축제	여자	60대	121	73						
2019-01-16	제천얼음축제	여자	70대이상	11	13						
2019-01-16	제천얼음축제							새벽	71	38	0
2019-01-16	제천얼음축제							야간	50	10	0
2019-01-16	제천얼음축제							오전	167	63	0
2019-01-16	제천얼음축제							오후	331	220	0
2019-01-16	제천얼음축제							저녁	181	91	0
2019-01-16	제천얼음축제							점심	332	182	0
2019-01-17	제천얼음축제	남자	10대	22	7						
2019-01-17	제천얼음축제	남자	10대이하	4	0						
2019-01-17	제천얼음축제	남자	20대	152	69						
2019-01-17	제천얼음축제	남자	30대	88	30						
2019-01-17	제천얼음축제	남자	40대	89	83						
2019-01-17	제천얼음축제	남자	50대	112	96						
2019-01-17	제천얼음축제	남자	60대	124	49						
2019-01-17	제천얼음축제	남자	70대이상	69	12						
2019-01-17	제천얼음축제	여자	10대	46	17						
2019-01-17	제천얼음축제	여자	10대이하	2	0						
2019-01-17	제천얼음축제	여자	20대	84	29						
2019-01-17	제천얼음축제	여자	30대	51	24						
2019-01-17	제천얼음축제	여자	40대	93	81						
2019-01-17	제천얼음축제	여자	50대	155	70						
2019-01-17	제천얼음축제	여자	60대	132	96						
2019-01-17	제천얼음축제	여자	70대이상	12	11						
2019-01-17	제천얼음축제							새벽	61	21	0
2019-01-17	제천얼음축제							야간	72	36	0
2019-01-17	제천얼음축제							오전	182	69	0
2019-01-17	제천얼음축제							오후	386	222	0
2019-01-17	제천얼음축제							저녁	184	95	0
2019-01-17	제천얼음축제							점심	350	231	0
2019-01-18	제천얼음축제	남자	10대	34	18						
2019-01-18	제천얼음축제	남자	20대	151	138						
2019-01-18	제천얼음축제	남자	30대	121	68						
2019-01-18	제천얼음축제	남자	40대	53	98						
2019-01-18	제천얼음축제	남자	50대	103	142						
2019-01-18	제천얼음축제	남자	60대	188	80						
2019-01-18	제천얼음축제	남자	70대이상	56	28						
2019-01-18	제천얼음축제	여자	10대	34	36						
2019-01-18	제천얼음축제	여자	10대이하	4	4						
2019-01-18	제천얼음축제	여자	20대	91	70						
2019-01-18	제천얼음축제	여자	30대	60	50						
2019-01-18	제천얼음축제	여자	40대	127	50						
2019-01-18	제천얼음축제	여자	50대	144	76						
2019-01-18	제천얼음축제	여자	60대	99	102						
2019-01-18	제천얼음축제	여자	70대이상	12	22						
2019-01-18	제천얼음축제							새벽	71	50	0
2019-01-18	제천얼음축제							야간	48	46	0
2019-01-18	제천얼음축제							오전	203	80	0
2019-01-18	제천얼음축제							오후	374	426	0
2019-01-18	제천얼음축제							저녁	187	90	0
2019-01-18	제천얼음축제							점심	394	290	0
2019-01-19	제천얼음축제	남자	10대	45	55						
2019-01-19	제천얼음축제	남자	10대이하	0	22						
2019-01-19	제천얼음축제	남자	20대	170	273						
2019-01-19	제천얼음축제	남자	30대	157	211						
2019-01-19	제천얼음축제	남자	40대	148	195						
2019-01-19	제천얼음축제	남자	50대	189	289						
2019-01-19	제천얼음축제	남자	60대	230	104						
2019-01-19	제천얼음축제	남자	70대이상	88	25						
2019-01-19	제천얼음축제	여자	10대	72	53						
2019-01-19	제천얼음축제	여자	10대이하	7	11						
2019-01-19	제천얼음축제	여자	20대	113	221						
2019-01-19	제천얼음축제	여자	30대	156	239						
2019-01-19	제천얼음축제	여자	40대	228	205						
2019-01-19	제천얼음축제	여자	50대	185	329						
2019-01-19	제천얼음축제	여자	60대	216	133						
2019-01-19	제천얼음축제	여자	70대이상	47	27						
2019-01-19	제천얼음축제					중국	3				
2019-01-19	제천얼음축제							새벽	71	28	0
2019-01-19	제천얼음축제							야간	87	77	3
2019-01-19	제천얼음축제							오전	221	79	0
2019-01-19	제천얼음축제							오후	921	1263	0
2019-01-19	제천얼음축제							저녁	211	244	0
2019-01-19	제천얼음축제							점심	540	701	0
2019-01-20	제천얼음축제	남자	10대	49	51						
2019-01-20	제천얼음축제	남자	10대이하	5	9						
2019-01-20	제천얼음축제	남자	20대	178	195						
2019-01-20	제천얼음축제	남자	30대	181	146						
2019-01-20	제천얼음축제	남자	40대	184	212						
2019-01-20	제천얼음축제	남자	50대	202	221						
2019-01-20	제천얼음축제	남자	60대	196	129						
2019-01-20	제천얼음축제	남자	70대이상	76	13						
2019-01-20	제천얼음축제	여자	10대	84	55						
2019-01-20	제천얼음축제	여자	10대이하	8	20						
2019-01-20	제천얼음축제	여자	20대	107	174						
2019-01-20	제천얼음축제	여자	30대	212	179						
2019-01-20	제천얼음축제	여자	40대	209	188						
2019-01-20	제천얼음축제	여자	50대	239	258						
2019-01-20	제천얼음축제	여자	60대	152	213						
2019-01-20	제천얼음축제	여자	70대이상	28	24						
2019-01-20	제천얼음축제					일본	4				
2019-01-20	제천얼음축제							새벽	98	87	0
2019-01-20	제천얼음축제							야간	39	13	0
2019-01-20	제천얼음축제							오전	289	213	0
2019-01-20	제천얼음축제							오후	945	929	0
2019-01-20	제천얼음축제							저녁	174	129	0
2019-01-20	제천얼음축제							점심	565	716	4
2019-01-21	제천얼음축제	남자	10대	17	10						
2019-01-21	제천얼음축제	남자	10대이하	2	0						
2019-01-21	제천얼음축제	남자	20대	136	72						
2019-01-21	제천얼음축제	남자	30대	100	27						
2019-01-21	제천얼음축제	남자	40대	50	83						
2019-01-21	제천얼음축제	남자	50대	114	60						
2019-01-21	제천얼음축제	남자	60대	110	41						
2019-01-21	제천얼음축제	남자	70대이상	48	10						
2019-01-21	제천얼음축제	여자	10대	47	2						
2019-01-21	제천얼음축제	여자	20대	86	45						
2019-01-21	제천얼음축제	여자	30대	46	57						
2019-01-21	제천얼음축제	여자	40대	94	33						
2019-01-21	제천얼음축제	여자	50대	123	64						
2019-01-21	제천얼음축제	여자	60대	103	92						
2019-01-21	제천얼음축제	여자	70대이상	7	10						
2019-01-21	제천얼음축제							새벽	65	12	0
2019-01-21	제천얼음축제							야간	66	24	0
2019-01-21	제천얼음축제							오전	152	58	0
2019-01-21	제천얼음축제							오후	381	199	0
2019-01-21	제천얼음축제							저녁	130	94	0
2019-01-21	제천얼음축제							점심	289	219	0
2019-01-22	제천얼음축제	남자	10대	23	33						
2019-01-22	제천얼음축제	남자	10대이하	0	4						
2019-01-22	제천얼음축제	남자	20대	127	132						
2019-01-22	제천얼음축제	남자	30대	104	99						
2019-01-22	제천얼음축제	남자	40대	86	59						
2019-01-22	제천얼음축제	남자	50대	126	112						
2019-01-22	제천얼음축제	남자	60대	152	58						
2019-01-22	제천얼음축제	남자	70대이상	63	26						
2019-01-22	제천얼음축제	여자	10대	39	9						
2019-01-22	제천얼음축제	여자	20대	51	54						
2019-01-22	제천얼음축제	여자	30대	65	34						
2019-01-22	제천얼음축제	여자	40대	133	67						
2019-01-22	제천얼음축제	여자	50대	154	71						
2019-01-22	제천얼음축제	여자	60대	145	99						
2019-01-22	제천얼음축제	여자	70대이상	28	13						
2019-01-22	제천얼음축제							새벽	61	29	0
2019-01-22	제천얼음축제							야간	57	16	0
2019-01-22	제천얼음축제							오전	182	60	0
2019-01-22	제천얼음축제							오후	400	404	0
2019-01-22	제천얼음축제							저녁	165	94	0
2019-01-22	제천얼음축제							점심	431	267	0
2019-01-23	제천얼음축제	남자	10대	9	12						
2019-01-23	제천얼음축제	남자	20대	135	94						
2019-01-23	제천얼음축제	남자	30대	114	34						
2019-01-23	제천얼음축제	남자	40대	83	64						
2019-01-23	제천얼음축제	남자	50대	119	76						
2019-01-23	제천얼음축제	남자	60대	124	46						
2019-01-23	제천얼음축제	남자	70대이상	76	8						
2019-01-23	제천얼음축제	여자	10대	34	16						
2019-01-23	제천얼음축제	여자	10대이하	0	2						
2019-01-23	제천얼음축제	여자	20대	69	56						
2019-01-23	제천얼음축제	여자	30대	64	36						
2019-01-23	제천얼음축제	여자	40대	124	48						
2019-01-23	제천얼음축제	여자	50대	153	128						
2019-01-23	제천얼음축제	여자	60대	127	96						
2019-01-23	제천얼음축제	여자	70대이상	16	4						
2019-01-23	제천얼음축제							새벽	59	14	0
2019-01-23	제천얼음축제							야간	59	30	0
2019-01-23	제천얼음축제							오전	180	52	0
2019-01-23	제천얼음축제							오후	375	304	0
2019-01-23	제천얼음축제							저녁	193	78	0
2019-01-23	제천얼음축제							점심	381	242	0
2019-01-24	제천얼음축제	남자	10대	21	24						
2019-01-24	제천얼음축제	남자	10대이하	2	0						
2019-01-24	제천얼음축제	남자	20대	131	77						
2019-01-24	제천얼음축제	남자	30대	119	60						
2019-01-24	제천얼음축제	남자	40대	93	110						
2019-01-24	제천얼음축제	남자	50대	174	101						
2019-01-24	제천얼음축제	남자	60대	194	116						
2019-01-24	제천얼음축제	남자	70대이상	81	6						
2019-01-24	제천얼음축제	여자	10대	16	6						
2019-01-24	제천얼음축제	여자	10대이하	7	0						
2019-01-24	제천얼음축제	여자	20대	103	70						
2019-01-24	제천얼음축제	여자	30대	80	16						
2019-01-24	제천얼음축제	여자	40대	124	90						
2019-01-24	제천얼음축제	여자	50대	268	107						
2019-01-24	제천얼음축제	여자	60대	124	68						
2019-01-24	제천얼음축제	여자	70대이상	46	20						
2019-01-24	제천얼음축제					중국	3				
2019-01-24	제천얼음축제							새벽	74	14	0
2019-01-24	제천얼음축제							야간	67	46	0
2019-01-24	제천얼음축제							오전	216	63	0
2019-01-24	제천얼음축제							오후	573	359	0
2019-01-24	제천얼음축제							저녁	253	151	0
2019-01-24	제천얼음축제							점심	400	238	3
2019-01-25	제천얼음축제	남자	10대	50	33						
2019-01-25	제천얼음축제	남자	10대이하	9	3						
2019-01-25	제천얼음축제	남자	20대	263	137						
2019-01-25	제천얼음축제	남자	30대	214	101						
2019-01-25	제천얼음축제	남자	40대	201	143						
2019-01-25	제천얼음축제	남자	50대	381	146						
2019-01-25	제천얼음축제	남자	60대	366	141						
2019-01-25	제천얼음축제	남자	70대이상	130	25						
2019-01-25	제천얼음축제	여자	10대	31	52						
2019-01-25	제천얼음축제	여자	10대이하	14	12						
2019-01-25	제천얼음축제	여자	20대	135	151						
2019-01-25	제천얼음축제	여자	30대	171	144						
2019-01-25	제천얼음축제	여자	40대	261	113						
2019-01-25	제천얼음축제	여자	50대	465	131						
2019-01-25	제천얼음축제	여자	60대	354	134						
2019-01-25	제천얼음축제	여자	70대이상	74	71						
2019-01-25	제천얼음축제					중국	3				
2019-01-25	제천얼음축제							새벽	68	35	0
2019-01-25	제천얼음축제							야간	100	42	0
2019-01-25	제천얼음축제							오전	727	182	0
2019-01-25	제천얼음축제							오후	766	545	0
2019-01-25	제천얼음축제							저녁	420	150	0
2019-01-25	제천얼음축제							점심	1038	583	3
2019-01-26	제천얼음축제	남자	10대	68	139						
2019-01-26	제천얼음축제	남자	10대이하	32	36						
2019-01-26	제천얼음축제	남자	20대	289	337						
2019-01-26	제천얼음축제	남자	30대	393	477						
2019-01-26	제천얼음축제	남자	40대	360	613						
2019-01-26	제천얼음축제	남자	50대	301	408						
2019-01-26	제천얼음축제	남자	60대	357	315						
2019-01-26	제천얼음축제	남자	70대이상	121	74						
2019-01-26	제천얼음축제	여자	10대	80	180						
2019-01-26	제천얼음축제	여자	10대이하	25	77						
2019-01-26	제천얼음축제	여자	20대	218	402						
2019-01-26	제천얼음축제	여자	30대	431	712						
2019-01-26	제천얼음축제	여자	40대	365	448						
2019-01-26	제천얼음축제	여자	50대	523	511						
2019-01-26	제천얼음축제	여자	60대	281	217						
2019-01-26	제천얼음축제	여자	70대이상	91	101						
2019-01-26	제천얼음축제							새벽	62	36	0
2019-01-26	제천얼음축제							야간	94	129	0
2019-01-26	제천얼음축제							오전	406	303	0
2019-01-26	제천얼음축제							오후	1718	2444	0
2019-01-26	제천얼음축제							저녁	547	603	0
2019-01-26	제천얼음축제							점심	1108	1532	0
2019-01-27	제천얼음축제	남자	10대	156	204						
2019-01-27	제천얼음축제	남자	10대이하	32	52						
2019-01-27	제천얼음축제	남자	20대	287	253						
2019-01-27	제천얼음축제	남자	30대	482	519						
2019-01-27	제천얼음축제	남자	40대	388	658						
2019-01-27	제천얼음축제	남자	50대	575	611						
2019-01-27	제천얼음축제	남자	60대	469	327						
2019-01-27	제천얼음축제	남자	70대이상	145	80						
2019-01-27	제천얼음축제	여자	10대	153	141						
2019-01-27	제천얼음축제	여자	10대이하	17	58						
2019-01-27	제천얼음축제	여자	20대	204	292						
2019-01-27	제천얼음축제	여자	30대	457	681						
2019-01-27	제천얼음축제	여자	40대	461	556						
2019-01-27	제천얼음축제	여자	50대	632	441						
2019-01-27	제천얼음축제	여자	60대	416	269						
2019-01-27	제천얼음축제	여자	70대이상	90	59						
2019-01-27	제천얼음축제							새벽	39	76	0
2019-01-27	제천얼음축제							야간	80	43	0
2019-01-27	제천얼음축제							오전	774	539	0
2019-01-27	제천얼음축제							오후	2237	2161	0
2019-01-27	제천얼음축제							저녁	455	291	0
2019-01-27	제천얼음축제							점심	1379	2091	0
2019-01-28	제천얼음축제	남자	10대	44	32						
2019-01-28	제천얼음축제	남자	10대이하	7	5						
2019-01-28	제천얼음축제	남자	20대	217	93						
2019-01-28	제천얼음축제	남자	30대	111	111						
2019-01-28	제천얼음축제	남자	40대	131	93						
2019-01-28	제천얼음축제	남자	50대	164	151						
2019-01-28	제천얼음축제	남자	60대	151	84						
2019-01-28	제천얼음축제	남자	70대이상	94	13						
2019-01-28	제천얼음축제	여자	10대	53	17						
2019-01-28	제천얼음축제	여자	10대이하	9	18						
2019-01-28	제천얼음축제	여자	20대	105	88						
2019-01-28	제천얼음축제	여자	30대	128	155						
2019-01-28	제천얼음축제	여자	40대	169	142						
2019-01-28	제천얼음축제	여자	50대	155	119						
2019-01-28	제천얼음축제	여자	60대	155	101						
2019-01-28	제천얼음축제	여자	70대이상	40	16						
2019-01-28	제천얼음축제							새벽	51	40	0
2019-01-28	제천얼음축제							야간	75	35	0
2019-01-28	제천얼음축제							오전	216	59	0
2019-01-28	제천얼음축제							오후	692	595	0
2019-01-28	제천얼음축제							저녁	283	137	0
2019-01-28	제천얼음축제							점심	416	372	0
2019-01-29	제천얼음축제	남자	10대	47	18						
2019-01-29	제천얼음축제	남자	10대이하	2	23						
2019-01-29	제천얼음축제	남자	20대	197	130						
2019-01-29	제천얼음축제	남자	30대	177	73						
2019-01-29	제천얼음축제	남자	40대	123	176						
2019-01-29	제천얼음축제	남자	50대	212	265						
2019-01-29	제천얼음축제	남자	60대	232	166						
2019-01-29	제천얼음축제	남자	70대이상	83	75						
2019-01-29	제천얼음축제	여자	10대	61	38						
2019-01-29	제천얼음축제	여자	10대이하	7	20						
2019-01-29	제천얼음축제	여자	20대	146	149						
2019-01-29	제천얼음축제	여자	30대	75	68						
2019-01-29	제천얼음축제	여자	40대	217	126						
2019-01-29	제천얼음축제	여자	50대	324	186						
2019-01-29	제천얼음축제	여자	60대	219	188						
2019-01-29	제천얼음축제	여자	70대이상	54	19						
2019-01-29	제천얼음축제							새벽	43	10	0
2019-01-29	제천얼음축제							야간	61	23	0
2019-01-29	제천얼음축제							오전	261	66	0
2019-01-29	제천얼음축제							오후	809	839	0
2019-01-29	제천얼음축제							저녁	376	138	0
2019-01-29	제천얼음축제							점심	626	644	0
2019-01-30	제천얼음축제	남자	10대	56	48						
2019-01-30	제천얼음축제	남자	10대이하	6	32						
2019-01-30	제천얼음축제	남자	20대	156	131						
2019-01-30	제천얼음축제	남자	30대	144	85						
2019-01-30	제천얼음축제	남자	40대	121	106						
2019-01-30	제천얼음축제	남자	50대	225	216						
2019-01-30	제천얼음축제	남자	60대	200	196						
2019-01-30	제천얼음축제	남자	70대이상	74	54						
2019-01-30	제천얼음축제	여자	10대	90	15						
2019-01-30	제천얼음축제	여자	10대이하	5	26						
2019-01-30	제천얼음축제	여자	20대	150	110						
2019-01-30	제천얼음축제	여자	30대	158	139						
2019-01-30	제천얼음축제	여자	40대	230	146						
2019-01-30	제천얼음축제	여자	50대	258	156						
2019-01-30	제천얼음축제	여자	60대	223	164						
2019-01-30	제천얼음축제	여자	70대이상	52	18						
2019-01-30	제천얼음축제							새벽	58	12	0
2019-01-30	제천얼음축제							야간	73	34	0
2019-01-30	제천얼음축제							오전	234	89	0
2019-01-30	제천얼음축제							오후	838	775	0
2019-01-30	제천얼음축제							저녁	345	161	0
2019-01-30	제천얼음축제							점심	600	571	0
2019-01-31	제천얼음축제	남자	10대	35	31						
2019-01-31	제천얼음축제	남자	10대이하	0	4						
2019-01-31	제천얼음축제	남자	20대	214	131						
2019-01-31	제천얼음축제	남자	30대	159	62						
2019-01-31	제천얼음축제	남자	40대	119	62						
2019-01-31	제천얼음축제	남자	50대	166	115						
2019-01-31	제천얼음축제	남자	60대	126	104						
2019-01-31	제천얼음축제	남자	70대이상	62	38						
2019-01-31	제천얼음축제	여자	10대	53	20						
2019-01-31	제천얼음축제	여자	10대이하	0	22						
2019-01-31	제천얼음축제	여자	20대	131	116						
2019-01-31	제천얼음축제	여자	30대	107	131						
2019-01-31	제천얼음축제	여자	40대	125	109						
2019-01-31	제천얼음축제	여자	50대	183	155						
2019-01-31	제천얼음축제	여자	60대	139	160						
2019-01-31	제천얼음축제	여자	70대이상	33	21						
2019-01-31	제천얼음축제							새벽	76	37	0
2019-01-31	제천얼음축제							야간	76	15	0
2019-01-31	제천얼음축제							오전	187	80	0
2019-01-31	제천얼음축제							오후	583	559	0
2019-01-31	제천얼음축제							저녁	233	133	0
2019-01-31	제천얼음축제							점심	497	457	0
2019-02-01	제천얼음축제	남자	10대	21	49						
2019-02-01	제천얼음축제	남자	20대	146	99						
2019-02-01	제천얼음축제	남자	30대	108	79						
2019-02-01	제천얼음축제	남자	40대	80	64						
2019-02-01	제천얼음축제	남자	50대	151	124						
2019-02-01	제천얼음축제	남자	60대	155	78						
2019-02-01	제천얼음축제	남자	70대이상	57	50						
2019-02-01	제천얼음축제	여자	10대	41	45						
2019-02-01	제천얼음축제	여자	20대	75	49						
2019-02-01	제천얼음축제	여자	30대	72	93						
2019-02-01	제천얼음축제	여자	40대	133	63						
2019-02-01	제천얼음축제	여자	50대	121	132						
2019-02-01	제천얼음축제	여자	60대	84	41						
2019-02-01	제천얼음축제	여자	70대이상	57	16						
2019-02-01	제천얼음축제					중국	4				
2019-02-01	제천얼음축제							새벽	47	0	0
2019-02-01	제천얼음축제							야간	52	37	0
2019-02-01	제천얼음축제							오전	147	53	0
2019-02-01	제천얼음축제							오후	520	476	2
2019-02-01	제천얼음축제							저녁	210	117	2
2019-02-01	제천얼음축제							점심	325	299	0
2019-02-02	제천얼음축제	남자	10대	42	102						
2019-02-02	제천얼음축제	남자	10대이하	22	39						
2019-02-02	제천얼음축제	남자	20대	130	218						
2019-02-02	제천얼음축제	남자	30대	181	483						
2019-02-02	제천얼음축제	남자	40대	168	440						
2019-02-02	제천얼음축제	남자	50대	251	241						
2019-02-02	제천얼음축제	남자	60대	267	174						
2019-02-02	제천얼음축제	남자	70대이상	49	40						
2019-02-02	제천얼음축제	여자	10대	64	106						
2019-02-02	제천얼음축제	여자	10대이하	5	63						
2019-02-02	제천얼음축제	여자	20대	92	251						
2019-02-02	제천얼음축제	여자	30대	179	530						
2019-02-02	제천얼음축제	여자	40대	173	409						
2019-02-02	제천얼음축제	여자	50대	206	232						
2019-02-02	제천얼음축제	여자	60대	169	117						
2019-02-02	제천얼음축제	여자	70대이상	54	21						
2019-02-02	제천얼음축제							새벽	44	16	0
2019-02-02	제천얼음축제							야간	84	90	0
2019-02-02	제천얼음축제							오전	206	129	0
2019-02-02	제천얼음축제							오후	947	1928	0
2019-02-02	제천얼음축제							저녁	273	357	0
2019-02-02	제천얼음축제							점심	498	946	0
2019-02-03	제천얼음축제	남자	10대	20	29						
2019-02-03	제천얼음축제	남자	10대이하	6	0						
2019-02-03	제천얼음축제	남자	20대	81	119						
2019-02-03	제천얼음축제	남자	30대	53	232						
2019-02-03	제천얼음축제	남자	40대	61	129						
2019-02-03	제천얼음축제	남자	50대	84	211						
2019-02-03	제천얼음축제	남자	60대	75	40						
2019-02-03	제천얼음축제	남자	70대이상	11	2						
2019-02-03	제천얼음축제	여자	10대	35	29						
2019-02-03	제천얼음축제	여자	10대이하	2	12						
2019-02-03	제천얼음축제	여자	20대	51	169						
2019-02-03	제천얼음축제	여자	30대	35	215						
2019-02-03	제천얼음축제	여자	40대	71	145						
2019-02-03	제천얼음축제	여자	50대	93	120						
2019-02-03	제천얼음축제	여자	60대	33	30						
2019-02-03	제천얼음축제	여자	70대이상	7	2						
2019-02-03	제천얼음축제							새벽	20	89	0
2019-02-03	제천얼음축제							야간	28	78	0
2019-02-03	제천얼음축제							오전	94	122	0
2019-02-03	제천얼음축제							오후	263	613	0
2019-02-03	제천얼음축제							저녁	113	145	0
2019-02-03	제천얼음축제							점심	200	437	0
2019-02-04	제천얼음축제	남자	10대	37	190						
2019-02-04	제천얼음축제	남자	10대이하	8	26						
2019-02-04	제천얼음축제	남자	20대	129	410						
2019-02-04	제천얼음축제	남자	30대	160	855						
2019-02-04	제천얼음축제	남자	40대	156	736						
2019-02-04	제천얼음축제	남자	50대	211	431						
2019-02-04	제천얼음축제	남자	60대	214	185						
2019-02-04	제천얼음축제	남자	70대이상	69	45						
2019-02-04	제천얼음축제	여자	10대	75	214						
2019-02-04	제천얼음축제	여자	10대이하	3	48						
2019-02-04	제천얼음축제	여자	20대	75	551						
2019-02-04	제천얼음축제	여자	30대	77	931						
2019-02-04	제천얼음축제	여자	40대	166	537						
2019-02-04	제천얼음축제	여자	50대	233	325						
2019-02-04	제천얼음축제	여자	60대	153	140						
2019-02-04	제천얼음축제	여자	70대이상	32	24						
2019-02-04	제천얼음축제					중국	3				
2019-02-04	제천얼음축제							새벽	38	112	0
2019-02-04	제천얼음축제							야간	80	273	1
2019-02-04	제천얼음축제							오전	171	306	0
2019-02-04	제천얼음축제							오후	808	2879	1
2019-02-04	제천얼음축제							저녁	205	583	1
2019-02-04	제천얼음축제							점심	496	1495	0
2019-02-05	제천얼음축제	남자	10대	118	127						
2019-02-05	제천얼음축제	남자	10대이하	15	16						
2019-02-05	제천얼음축제	남자	20대	159	495						
2019-02-05	제천얼음축제	남자	30대	172	865						
2019-02-05	제천얼음축제	남자	40대	163	706						
2019-02-05	제천얼음축제	남자	50대	251	506						
2019-02-05	제천얼음축제	남자	60대	257	228						
2019-02-05	제천얼음축제	남자	70대이상	63	71						
2019-02-05	제천얼음축제	여자	10대	55	274						
2019-02-05	제천얼음축제	여자	10대이하	3	57						
2019-02-05	제천얼음축제	여자	20대	172	632						
2019-02-05	제천얼음축제	여자	30대	181	920						
2019-02-05	제천얼음축제	여자	40대	115	658						
2019-02-05	제천얼음축제	여자	50대	313	539						
2019-02-05	제천얼음축제	여자	60대	190	149						
2019-02-05	제천얼음축제	여자	70대이상	84	20						
2019-02-05	제천얼음축제					중국	16				
2019-02-05	제천얼음축제							새벽	33	224	0
2019-02-05	제천얼음축제							야간	50	214	0
2019-02-05	제천얼음축제							오전	104	372	0
2019-02-05	제천얼음축제							오후	1024	3178	13
2019-02-05	제천얼음축제							저녁	275	611	0
2019-02-05	제천얼음축제							점심	825	1664	3
2019-02-06	제천얼음축제	남자	10대	53	126						
2019-02-06	제천얼음축제	남자	10대이하	10	39						
2019-02-06	제천얼음축제	남자	20대	139	209						
2019-02-06	제천얼음축제	남자	30대	181	537						
2019-02-06	제천얼음축제	남자	40대	204	530						
2019-02-06	제천얼음축제	남자	50대	223	372						
2019-02-06	제천얼음축제	남자	60대	297	210						
2019-02-06	제천얼음축제	남자	70대이상	121	33						
2019-02-06	제천얼음축제	여자	10대	69	156						
2019-02-06	제천얼음축제	여자	10대이하	6	40						
2019-02-06	제천얼음축제	여자	20대	107	326						
2019-02-06	제천얼음축제	여자	30대	144	570						
2019-02-06	제천얼음축제	여자	40대	210	501						
2019-02-06	제천얼음축제	여자	50대	331	319						
2019-02-06	제천얼음축제	여자	60대	171	159						
2019-02-06	제천얼음축제	여자	70대이상	56	39						
2019-02-06	제천얼음축제					중국	3				
2019-02-06	제천얼음축제							새벽	44	149	0
2019-02-06	제천얼음축제							야간	60	35	0
2019-02-06	제천얼음축제							오전	186	227	0
2019-02-06	제천얼음축제							오후	1044	2005	0
2019-02-06	제천얼음축제							저녁	248	233	3
2019-02-06	제천얼음축제							점심	740	1517	0
2019-02-07	제천얼음축제	남자	10대	28	10						
2019-02-07	제천얼음축제	남자	10대이하	3	0						
2019-02-07	제천얼음축제	남자	20대	74	40						
2019-02-07	제천얼음축제	남자	30대	89	91						
2019-02-07	제천얼음축제	남자	40대	79	127						
2019-02-07	제천얼음축제	남자	50대	85	59						
2019-02-07	제천얼음축제	남자	60대	148	64						
2019-02-07	제천얼음축제	남자	70대이상	41	6						
2019-02-07	제천얼음축제	여자	10대	41	25						
2019-02-07	제천얼음축제	여자	10대이하	6	0						
2019-02-07	제천얼음축제	여자	20대	68	68						
2019-02-07	제천얼음축제	여자	30대	23	34						
2019-02-07	제천얼음축제	여자	40대	85	68						
2019-02-07	제천얼음축제	여자	50대	113	94						
2019-02-07	제천얼음축제	여자	60대	68	36						
2019-02-07	제천얼음축제	여자	70대이상	11	34						
2019-02-07	제천얼음축제							새벽	55	46	0
2019-02-07	제천얼음축제							야간	34	20	0
2019-02-07	제천얼음축제							오전	125	61	0
2019-02-07	제천얼음축제							오후	357	263	0
2019-02-07	제천얼음축제							저녁	138	63	0
2019-02-07	제천얼음축제							점심	253	303	0
2019-02-08	제천얼음축제	남자	10대	8	40						
2019-02-08	제천얼음축제	남자	20대	107	65						
2019-02-08	제천얼음축제	남자	30대	62	110						
2019-02-08	제천얼음축제	남자	40대	54	84						
2019-02-08	제천얼음축제	남자	50대	112	90						
2019-02-08	제천얼음축제	남자	60대	151	35						
2019-02-08	제천얼음축제	남자	70대이상	61	10						
2019-02-08	제천얼음축제	여자	10대	27	16						
2019-02-08	제천얼음축제	여자	20대	90	67						
2019-02-08	제천얼음축제	여자	30대	50	64						
2019-02-08	제천얼음축제	여자	40대	74	61						
2019-02-08	제천얼음축제	여자	50대	158	141						
2019-02-08	제천얼음축제	여자	60대	80	72						
2019-02-08	제천얼음축제	여자	70대이상	36	18						
2019-02-08	제천얼음축제							새벽	40	26	0
2019-02-08	제천얼음축제							야간	71	14	0
2019-02-08	제천얼음축제							오전	147	38	0
2019-02-08	제천얼음축제							오후	331	465	0
2019-02-08	제천얼음축제							저녁	173	83	0
2019-02-08	제천얼음축제							점심	308	247	0
2019-02-09	제천얼음축제	남자	10대	34	39						
2019-02-09	제천얼음축제	남자	10대이하	0	9						
2019-02-09	제천얼음축제	남자	20대	77	124						
2019-02-09	제천얼음축제	남자	30대	94	161						
2019-02-09	제천얼음축제	남자	40대	90	149						
2019-02-09	제천얼음축제	남자	50대	98	128						
2019-02-09	제천얼음축제	남자	60대	165	82						
2019-02-09	제천얼음축제	남자	70대이상	51	36						
2019-02-09	제천얼음축제	여자	10대	42	64						
2019-02-09	제천얼음축제	여자	10대이하	9	7						
2019-02-09	제천얼음축제	여자	20대	88	136						
2019-02-09	제천얼음축제	여자	30대	53	189						
2019-02-09	제천얼음축제	여자	40대	119	161						
2019-02-09	제천얼음축제	여자	50대	157	141						
2019-02-09	제천얼음축제	여자	60대	119	100						
2019-02-09	제천얼음축제	여자	70대이상	30	16						
2019-02-09	제천얼음축제					중국	3				
2019-02-09	제천얼음축제							새벽	32	2	0
2019-02-09	제천얼음축제							야간	23	62	0
2019-02-09	제천얼음축제							오전	171	36	0
2019-02-09	제천얼음축제							오후	539	788	3
2019-02-09	제천얼음축제							저녁	145	189	0
2019-02-09	제천얼음축제							점심	316	465	0
2019-02-10	제천얼음축제	남자	10대	39	44						
2019-02-10	제천얼음축제	남자	10대이하	0	14						
2019-02-10	제천얼음축제	남자	20대	131	93						
2019-02-10	제천얼음축제	남자	30대	87	164						
2019-02-10	제천얼음축제	남자	40대	128	156						
2019-02-10	제천얼음축제	남자	50대	191	202						
2019-02-10	제천얼음축제	남자	60대	154	117						
2019-02-10	제천얼음축제	남자	70대이상	40	12						
2019-02-10	제천얼음축제	여자	10대	38	70						
2019-02-10	제천얼음축제	여자	10대이하	5	24						
2019-02-10	제천얼음축제	여자	20대	107	125						
2019-02-10	제천얼음축제	여자	30대	93	146						
2019-02-10	제천얼음축제	여자	40대	120	138						
2019-02-10	제천얼음축제	여자	50대	206	188						
2019-02-10	제천얼음축제	여자	60대	123	84						
2019-02-10	제천얼음축제	여자	70대이상	32	32						
2019-02-10	제천얼음축제					중국	3				
2019-02-10	제천얼음축제							새벽	54	76	0
2019-02-10	제천얼음축제							야간	64	38	0
2019-02-10	제천얼음축제							오전	260	126	0
2019-02-10	제천얼음축제							오후	581	747	0
2019-02-10	제천얼음축제							저녁	127	82	0
2019-02-10	제천얼음축제							점심	408	540	3
2019-02-11	제천얼음축제	남자	10대	11	8						
2019-02-11	제천얼음축제	남자	20대	101	72						
2019-02-11	제천얼음축제	남자	30대	50	35						
2019-02-11	제천얼음축제	남자	40대	70	49						
2019-02-11	제천얼음축제	남자	50대	102	86						
2019-02-11	제천얼음축제	남자	60대	96	40						
2019-02-11	제천얼음축제	남자	70대이상	31	12						
2019-02-11	제천얼음축제	여자	10대	19	6						
2019-02-11	제천얼음축제	여자	20대	71	69						
2019-02-11	제천얼음축제	여자	30대	22	34						
2019-02-11	제천얼음축제	여자	40대	82	39						
2019-02-11	제천얼음축제	여자	50대	123	114						
2019-02-11	제천얼음축제	여자	60대	54	42						
2019-02-11	제천얼음축제	여자	70대이상	4	28						
2019-02-11	제천얼음축제							새벽	67	30	0
2019-02-11	제천얼음축제							야간	50	25	0
2019-02-11	제천얼음축제							오전	126	48	0
2019-02-11	제천얼음축제							오후	221	240	0
2019-02-11	제천얼음축제							저녁	148	73	0
2019-02-11	제천얼음축제							점심	224	218	0
2019-02-12	제천얼음축제	남자	10대	5	10						
2019-02-12	제천얼음축제	남자	20대	121	111						
2019-02-12	제천얼음축제	남자	30대	58	21						
2019-02-12	제천얼음축제	남자	40대	83	71						
2019-02-12	제천얼음축제	남자	50대	92	62						
2019-02-12	제천얼음축제	남자	60대	98	39						
2019-02-12	제천얼음축제	남자	70대이상	21	6						
2019-02-12	제천얼음축제	여자	10대	14	6						
2019-02-12	제천얼음축제	여자	10대이하	2	0						
2019-02-12	제천얼음축제	여자	20대	55	78						
2019-02-12	제천얼음축제	여자	30대	32	11						
2019-02-12	제천얼음축제	여자	40대	81	27						
2019-02-12	제천얼음축제	여자	50대	118	63						
2019-02-12	제천얼음축제	여자	60대	72	15						
2019-02-12	제천얼음축제	여자	70대이상	9	9						
2019-02-12	제천얼음축제					태국	5				
2019-02-12	제천얼음축제							새벽	60	36	0
2019-02-12	제천얼음축제							야간	32	45	0
2019-02-12	제천얼음축제							오전	141	56	0
2019-02-12	제천얼음축제							오후	274	170	0
2019-02-12	제천얼음축제							저녁	135	70	0
2019-02-12	제천얼음축제							점심	219	152	5
2019-02-13	제천얼음축제	남자	10대	21	11						
2019-02-13	제천얼음축제	남자	10대이하	2	4						
2019-02-13	제천얼음축제	남자	20대	111	128						
2019-02-13	제천얼음축제	남자	30대	108	19						
2019-02-13	제천얼음축제	남자	40대	93	56						
2019-02-13	제천얼음축제	남자	50대	116	77						
2019-02-13	제천얼음축제	남자	60대	101	81						
2019-02-13	제천얼음축제	남자	70대이상	32	7						
2019-02-13	제천얼음축제	여자	10대	17	4						
2019-02-13	제천얼음축제	여자	10대이하	2	2						
2019-02-13	제천얼음축제	여자	20대	84	106						
2019-02-13	제천얼음축제	여자	30대	56	9						
2019-02-13	제천얼음축제	여자	40대	51	33						
2019-02-13	제천얼음축제	여자	50대	145	80						
2019-02-13	제천얼음축제	여자	60대	57	26						
2019-02-13	제천얼음축제	여자	70대이상	15	2						
2019-02-13	제천얼음축제							새벽	58	42	0
2019-02-13	제천얼음축제							야간	36	23	0
2019-02-13	제천얼음축제							오전	188	67	0
2019-02-13	제천얼음축제							오후	277	182	0
2019-02-13	제천얼음축제							저녁	150	66	0
2019-02-13	제천얼음축제							점심	302	265	0
2019-02-14	제천얼음축제	남자	10대	14	21						
2019-02-14	제천얼음축제	남자	20대	120	182						
2019-02-14	제천얼음축제	남자	30대	55	62						
2019-02-14	제천얼음축제	남자	40대	81	46						
2019-02-14	제천얼음축제	남자	50대	96	77						
2019-02-14	제천얼음축제	남자	60대	148	125						
2019-02-14	제천얼음축제	남자	70대이상	30	19						
2019-02-14	제천얼음축제	여자	10대	19	29						
2019-02-14	제천얼음축제	여자	10대이하	3	0						
2019-02-14	제천얼음축제	여자	20대	110	133						
2019-02-14	제천얼음축제	여자	30대	54	49						
2019-02-14	제천얼음축제	여자	40대	99	61						
2019-02-14	제천얼음축제	여자	50대	178	115						
2019-02-14	제천얼음축제	여자	60대	71	32						
2019-02-14	제천얼음축제	여자	70대이상	19	17						
2019-02-14	제천얼음축제							새벽	58	65	0
2019-02-14	제천얼음축제							야간	63	38	0
2019-02-14	제천얼음축제							오전	148	69	0
2019-02-14	제천얼음축제							오후	381	330	0
2019-02-14	제천얼음축제							저녁	149	106	0
2019-02-14	제천얼음축제							점심	298	360	0
2019-02-15	제천얼음축제	남자	10대	8	14						
2019-02-15	제천얼음축제	남자	20대	84	131						
2019-02-15	제천얼음축제	남자	30대	65	57						
2019-02-15	제천얼음축제	남자	40대	62	46						
2019-02-15	제천얼음축제	남자	50대	68	78						
2019-02-15	제천얼음축제	남자	60대	85	88						
2019-02-15	제천얼음축제	남자	70대이상	33	4						
2019-02-15	제천얼음축제	여자	10대	21	6						
2019-02-15	제천얼음축제	여자	20대	73	52						
2019-02-15	제천얼음축제	여자	30대	51	18						
2019-02-15	제천얼음축제	여자	40대	89	32						
2019-02-15	제천얼음축제	여자	50대	97	72						
2019-02-15	제천얼음축제	여자	60대	65	28						
2019-02-15	제천얼음축제	여자	70대이상	4	6						
2019-02-15	제천얼음축제							새벽	57	55	0
2019-02-15	제천얼음축제							야간	27	26	0
2019-02-15	제천얼음축제							오전	159	77	0
2019-02-15	제천얼음축제							오후	222	192	0
2019-02-15	제천얼음축제							저녁	104	52	0
2019-02-15	제천얼음축제							점심	236	230	0
