국가	행복도	경제적 여유도	사회 지원	건강	자유	관대함
Afghanistan	3.724	7.35	0.451	50.5	0.718	0.164
Afghanistan	4.402	7.509	0.552	50.8	0.679	0.187
Afghanistan	4.758	7.614	0.539	51.1	0.6	0.118
Afghanistan	3.832	7.581	0.521	51.4	0.496	0.16
Afghanistan	3.783	7.661	0.521	51.7	0.531	0.234
Afghanistan	3.572	7.68	0.484	52	0.578	0.059
Afghanistan	3.131	7.671	0.526	52.3	0.509	0.102
Afghanistan	3.983	7.654	0.529	52.6	0.389	0.078
Afghanistan	4.22	7.65	0.559	52.925	0.523	0.04
Afghanistan	2.662	7.648	0.491	53.25	0.427	-0.123
Afghanistan	2.694	7.631	0.508	53.575	0.374	-0.095
Afghanistan	2.375	7.64	0.42	53.9	0.394	-0.109
Afghanistan	2.436	7.325	0.454	54.55	0.394	-0.085
Afghanistan	1.281		0.228	54.875	0.368	
Afghanistan	1.446		0.368	55.2	0.228	
Albania	4.634	9.122	0.821	66.76	0.529	-0.013
Albania	5.485	9.241	0.833	67.32	0.525	-0.162
Albania	5.269	9.283	0.733	67.6	0.569	-0.176
Albania	5.867	9.31	0.759	67.88	0.487	-0.209
Albania	5.51	9.326	0.785	68.16	0.602	-0.173
Albania	4.551	9.338	0.759	68.44	0.632	-0.131
Albania	4.814	9.358	0.626	68.72	0.735	-0.029
Albania	4.607	9.382	0.639	69	0.704	-0.085
Albania	4.511	9.417	0.638	69.025	0.73	-0.021
Albania	4.64	9.455	0.638	69.05	0.75	-0.033
Albania	5.004	9.497	0.684	69.075	0.824	0.005
Albania	4.995	9.522	0.686	69.1	0.777	-0.103
Albania	5.365	9.494	0.71	69.125	0.754	0.002
Albania	5.255	9.588	0.702	69.15	0.827	0.039
Albania	5.212	9.649	0.724	69.175	0.802	-0.07
Albania	5.445	9.689	0.691	69.2	0.872	0.068
Algeria	5.464	9.306		65.5	0.593	-0.212
Algeria	5.317	9.316	0.81	65.6	0.53	-0.188
Algeria	5.605	9.33	0.839	65.7	0.587	-0.179
Algeria	6.355	9.355	0.818	65.9		
Algeria	5.341	9.383	0.749	66.1		
Algeria	5.249	9.377	0.807	66.2	0.437	-0.174
Algeria	5.043	9.37	0.799	66.3	0.583	-0.153
Algeria	4.745	9.361	0.803	66.4	0.385	-0.002
Algeria	5.438	9.291	0.868	66.5	0.574	-0.124
Algeria	5.217	9.308	0.841	66.6	0.558	-0.116
Algeria	5.538	9.323	0.783	66.7	0.44	-0.045
Angola	5.589	8.944	0.723	51.22	0.584	0.05
Angola	4.36	8.989	0.753	51.84	0.456	-0.141
Angola	3.937	9	0.722	52.46	0.41	-0.109
Angola	3.795	9.01	0.755	53.08	0.375	-0.173
Argentina	6.313	9.937	0.938	65.82	0.733	-0.162
Argentina	6.073	10.013	0.862	65.94	0.653	-0.146
Argentina	5.961	10.043	0.892	66.06	0.678	-0.137
Argentina	6.424	9.972	0.919	66.18	0.637	-0.135
Argentina	6.441	10.066	0.927	66.3	0.73	-0.132
Argentina	6.776	10.112	0.889	66.42	0.816	-0.18
Argentina	6.468	10.091	0.902	66.54	0.747	-0.153
Argentina	6.582	10.103	0.91	66.66	0.737	-0.136
Argentina	6.671	10.067	0.918	66.78	0.745	-0.17
Argentina	6.697	10.083	0.926	66.9	0.881	-0.18
Argentina	6.427	10.051	0.883	66.95	0.848	-0.198
Argentina	6.039	10.069	0.907	67	0.832	-0.192
Argentina	5.793	10.032	0.9	67.05	0.846	-0.216
Argentina	6.086	10.002	0.896	67.1	0.817	-0.217
Argentina	5.901	9.888	0.897	67.15	0.823	-0.131
Argentina	5.908	9.977	0.882	67.2	0.819	-0.014
Argentina	6.261	10.019	0.893	67.25	0.825	-0.13
Argentina	6.393	9.994	0.892	67.3	0.832	-0.129
Armenia	4.289	9.021	0.682	63.84	0.52	-0.235
Armenia	4.882	9.157	0.76	64.08	0.605	-0.255
Armenia	4.652	9.23	0.709	64.32	0.462	-0.219
Armenia	4.178	9.085	0.68	64.56	0.441	-0.218
Armenia	4.368	9.113	0.66	64.8	0.459	-0.18
Armenia	4.26	9.164	0.705	65.04	0.465	-0.23
Armenia	4.32	9.239	0.676	65.28	0.502	-0.22
Armenia	4.277	9.276	0.723	65.52	0.504	-0.201
Armenia	4.453	9.315	0.739	65.76	0.506	-0.225
Armenia	4.348	9.351	0.723	66	0.551	-0.209
Armenia	4.325	9.357	0.709	66.275	0.611	-0.178
Armenia	4.288	9.434	0.698	66.55	0.614	-0.155
Armenia	5.062	9.49	0.814	66.825	0.808	-0.171
Armenia	5.488	9.569	0.782	67.1	0.844	-0.181
Armenia	5.301	9.561	0.762	67.65	0.795	-0.159
Armenia	5.382	9.683	0.811	67.925	0.79	-0.158
Armenia	5.679	9.73	0.819	68.2	0.819	-0.179
Australia	7.341	10.662	0.968	69.8	0.935	
Australia	7.285	10.694	0.965	69.96	0.891	0.342
Australia	7.254	10.709	0.947	70.04	0.916	0.3
Australia	7.45	10.714	0.955	70.2	0.932	0.311
Australia	7.406	10.723	0.967	70.28	0.945	0.364
Australia	7.196	10.744	0.945	70.36	0.935	0.268
Australia	7.364	10.752	0.928	70.44	0.933	0.263
Australia	7.289	10.763	0.924	70.52	0.923	0.313
Australia	7.309	10.77	0.952	70.6	0.922	0.327
Australia	7.25	10.781	0.942	70.675	0.922	0.233
Australia	7.257	10.787	0.95	70.75	0.911	0.312
Australia	7.177	10.801	0.94	70.825	0.916	0.141
Australia	7.234	10.807	0.943	70.9	0.918	0.115
Australia	7.137	10.794	0.937	70.975	0.905	0.202
Australia	7.112	10.815	0.92	71.05	0.912	0.234
Australia	7.035	10.84	0.942	71.125	0.854	0.153
Australia	7.025	10.846	0.896	71.2	0.876	0.187
Austria	7.122	10.836	0.936	69.5	0.941	0.297
Austria	7.181	10.881	0.935	69.7	0.879	0.286
Austria	7.303	10.856	0.914	69.9	0.896	0.125
Austria	7.471	10.881	0.944	70	0.939	0.126
Austria	7.401	10.884	0.945	70.1	0.92	0.112
Austria	7.499	10.878	0.95	70.2	0.922	0.163
Austria	6.95	10.877	0.899	70.3	0.885	0.112
Austria	7.076	10.876	0.928	70.4	0.9	0.093
Austria	7.048	10.885	0.926	70.525	0.889	0.074
Austria	7.294	10.9	0.906	70.65	0.89	0.128
Austria	7.396	10.919	0.912	70.775	0.904	0.048
Austria	7.195	10.93	0.964	70.9	0.903	0.054
Austria	7.213	10.859	0.925	71.025	0.912	0.004
Austria	7.08	10.899	0.863	71.15	0.795	0.158
Austria	6.999	10.938	0.876	71.275	0.856	0.137
Austria	6.636	10.93	0.874	71.4	0.874	0.209
Azerbaijan	4.728	9.154	0.854	60.58	0.772	-0.239
Azerbaijan	4.568	9.366	0.753	60.86	0.522	-0.211
Azerbaijan	4.817	9.447	0.684	61.14	0.601	-0.034
Azerbaijan	4.574	9.515	0.736	61.42	0.498	-0.091
Azerbaijan	4.219	9.553	0.687	61.7	0.501	-0.128
Azerbaijan	4.68	9.541	0.725	61.98	0.537	-0.11
Azerbaijan	4.911	9.549	0.762	62.26	0.599	-0.146
Azerbaijan	5.481	9.592	0.77	62.54	0.672	-0.173
Azerbaijan	5.252	9.607	0.799	62.82	0.733	-0.214
Azerbaijan	5.147	9.606	0.786	63.1	0.764	-0.203
Azerbaijan	5.304	9.563	0.777	63.225	0.713	-0.21
Azerbaijan	5.152	9.555	0.787	63.35	0.731	-0.231
Azerbaijan	5.168	9.562	0.781	63.475	0.772	-0.237
Azerbaijan	5.173	9.578	0.887	63.6	0.854	-0.22
Azerbaijan	4.576	9.619	0.665	63.975	0.8	0.075
Azerbaijan	5.214	9.637	0.713	64.1	0.829	-0.16
Bahrain	5.701	10.714	0.904	64.76	0.896	0.031
Bahrain	5.937	10.728	0.877	65	0.862	-0.008
Bahrain	4.824	10.749	0.908	65.24	0.87	-0.061
Bahrain	5.027	10.775	0.911	65.48	0.682	
Bahrain	6.69	10.798	0.884	65.72	0.809	
Bahrain	6.165	10.802		65.96		
Bahrain	6.007	10.788	0.853	66.2	0.85	0.106
Bahrain	6.17	10.789	0.863	66.125	0.889	0.082
Bahrain	6.227	10.798	0.876	66.05	0.906	0.128
Bahrain	7.098	10.815	0.878	65.9	0.907	0.035
Bahrain	6.173	10.779	0.848	65.825	0.945	0.115
Bahrain	5.959	10.877	0.817	65.6	0.869	0.155
Bangladesh	4.319	7.94	0.672	59.12	0.612	0.052
Bangladesh	4.607	7.997	0.514	59.64	0.605	0.024
Bangladesh	5.052	8.047	0.467	60.16	0.606	-0.06
Bangladesh	5.083	8.087	0.528	60.68	0.631	-0.091
Bangladesh	4.858	8.13	0.549	61.2	0.659	-0.033
Bangladesh	4.986	8.181	0.606	61.72	0.838	-0.086
Bangladesh	4.724	8.231	0.582	62.24	0.668	-0.051
Bangladesh	4.66	8.277	0.53	62.76	0.742	-0.032
Bangladesh	4.636	8.323	0.577	63.28	0.736	-0.115
Bangladesh	4.633	8.375	0.601	63.8	0.815	-0.085
Bangladesh	4.556	8.431	0.649	63.925	0.875	-0.105
Bangladesh	4.31	8.483	0.713	64.05	0.896	-0.004
Bangladesh	4.499	8.542	0.706	64.175	0.901	-0.059
Bangladesh	5.114	8.607	0.673	64.3	0.902	-0.067
Bangladesh	5.28	8.629	0.739	64.425	0.777	-0.025
Bangladesh	4.123	8.685	0.485	64.55	0.893	0.089
Bangladesh	3.408	8.742	0.404	64.675	0.865	-0.058
Bangladesh	4.114	8.783	0.45	64.8	0.919	0.019
Belarus	5.658	9.489	0.918	60.06	0.707	-0.252
Belarus	5.617	9.576	0.858	60.62	0.667	-0.23
Belarus	5.463	9.677	0.904	61.18	0.64	-0.226
Belarus	5.564	9.681	0.908	61.74	0.679	-0.209
Belarus	5.526	9.759	0.918	62.3	0.7	-0.168
Belarus	5.225	9.813	0.91	62.86	0.656	-0.174
Belarus	5.749	9.832	0.902	63.42	0.645	-0.223
Belarus	5.876	9.842	0.923	63.98	0.723	-0.183
Belarus	5.812	9.858	0.88	64.54	0.647	-0.054
Belarus	5.719	9.818	0.924	65.1	0.623	-0.097
Belarus	5.178	9.792	0.927	65.325	0.658	-0.131
Belarus	5.553	9.818	0.9	65.55	0.621	-0.128
Belarus	5.234	9.851	0.905	65.775	0.644	-0.181
Belarus	5.821	9.867	0.917	66	0.657	-0.192
Belgium	7.262	10.744	0.935	68.4	0.924	
Belgium	7.219	10.791	0.922	68.72	0.901	0.064
Belgium	7.117	10.788	0.923	68.88	0.887	0.001
Belgium	6.854	10.778	0.931	69.2	0.807	0.016
Belgium	7.111	10.782	0.937	69.36	0.88	-0.02
Belgium	6.935	10.783	0.927	69.52	0.855	-0.056
Belgium	7.104	10.783	0.909	69.68	0.891	0.011
Belgium	6.855	10.794	0.944	69.84	0.861	-0.005
Belgium	6.904	10.809	0.885	70	0.869	0.056
Belgium	6.949	10.816	0.929	70.15	0.866	-0.062
Belgium	6.928	10.829	0.922	70.3	0.857	0.049
Belgium	6.892	10.842	0.93	70.45	0.808	-0.13
Belgium	6.772	10.859	0.884	70.6	0.776	-0.178
Belgium	6.839	10.799	0.904	70.75	0.767	-0.172
Belgium	6.882	10.856	0.915	70.9	0.823	0.077
Belgium	6.857	10.881	0.923	71.05	0.89	0.095
Belgium	6.944	10.883	0.896	71.2	0.87	0.065
Belize	6.451	9.192	0.872	64.3	0.705	0.006
Belize	5.956	9.135	0.757	65	0.874	-0.002
Benin	3.33	7.844	0.445	51.96	0.58	-0.015
Benin	3.667	7.891	0.382	52.48	0.709	-0.008
Benin	3.87	7.876	0.477	53.26	0.773	-0.145
Benin	3.193	7.894	0.523	53.52	0.769	-0.114
Benin	3.479	7.935	0.577	53.78	0.783	-0.088
Benin	3.347	7.967	0.506	54.04	0.776	-0.099
Benin	3.625	7.955	0.434	54.3	0.733	-0.029
Benin	4.007	7.958	0.493	54.6	0.78	-0.068
Benin	4.853	7.984	0.436	54.9	0.727	-0.068
Benin	5.82	8.02	0.504	55.2	0.713	0
Benin	4.976	8.057	0.442	55.5	0.77	-0.018
Benin	4.408	8.067	0.507	55.8	0.783	-0.086
Benin	4.493	8.108	0.436	56.1	0.724	-0.016
Benin	4.217	8.142	0.366	56.4	0.714	-0.033
Benin	4.42	8.174	0.398	56.7	0.786	-0.073
Bhutan	5.569	9.097	0.819	62.24	0.81	0.349
Bhutan	4.939	9.143	0.88	62.42	0.834	0.264
Bhutan	5.082	9.198	0.848	62.6	0.83	0.273
Bolivia	5.374	8.671	0.834	60.9	0.77	-0.048
Bolivia	5.628	8.698	0.796	61.1	0.78	-0.004
Bolivia	5.298	8.74	0.785	61.3	0.726	-0.096
Bolivia	6.086	8.756	0.831	61.5	0.779	-0.04
Bolivia	5.781	8.78	0.807	61.7	0.703	-0.073
Bolivia	5.779	8.813	0.817	61.9	0.782	-0.043
Bolivia	6.019	8.847	0.781	62.1	0.862	-0.019
Bolivia	5.767	8.896	0.803	62.3	0.846	-0.071
Bolivia	5.865	8.933	0.821	62.5	0.881	0.014
Bolivia	5.834	8.965	0.829	62.7	0.884	-0.034
Bolivia	5.77	8.991	0.796	62.85	0.882	-0.051
Bolivia	5.651	9.017	0.779	63	0.884	-0.124
Bolivia	5.916	9.044	0.827	63.15	0.863	-0.097
Bolivia	5.674	9.051	0.784	63.3	0.881	-0.09
Bolivia	5.559	8.946	0.805	63.45	0.877	-0.056
Bolivia	5.569	8.994	0.798	63.6	0.862	-0.058
Bolivia	5.929	9.012	0.824	63.75	0.865	-0.083
Bolivia	5.86	9.025	0.786	63.9	0.832	-0.059
Bosnia and Herzegovina	4.9	9.191	0.766	67	0.342	0.006
Bosnia and Herzegovina	4.963	9.246	0.735	67	0.258	-0.027
Bosnia and Herzegovina	4.669	9.272	0.773	67	0.365	-0.131
Bosnia and Herzegovina	4.995	9.3	0.725	67	0.333	-0.038
Bosnia and Herzegovina	4.773	9.31	0.779	67	0.42	-0.016
Bosnia and Herzegovina	5.124	9.349	0.767	67	0.39	0.039
Bosnia and Herzegovina	5.249	9.373	0.788	67	0.412	0.229
Bosnia and Herzegovina	5.117	9.428	0.656	67	0.631	-0.058
Bosnia and Herzegovina	5.181	9.473	0.808	67.05	0.633	0.13
Bosnia and Herzegovina	5.09	9.517	0.775	67.1	0.564	0.087
Bosnia and Herzegovina	5.887	9.566	0.836	67.15	0.659	0.118
Bosnia and Herzegovina	6.016	9.606	0.873	67.2	0.722	0.074
Bosnia and Herzegovina	5.516	9.588	0.899	67.25	0.74	0.132
Bosnia and Herzegovina	5.749	9.674	0.86	67.3	0.759	0.274
Bosnia and Herzegovina	5.872	9.723	0.856	67.35	0.743	0.191
Bosnia and Herzegovina	6.009	9.759	0.879	67.4	0.847	0.241
Botswana	4.739	9.495	0.883	48.84	0.824	-0.201
Botswana	5.451	9.543	0.832	49.72	0.858	-0.167
Botswana	3.553	9.446	0.866	50.6	0.826	-0.141
Botswana	3.52	9.492	0.86	51.04	0.813	-0.248
Botswana	4.836	9.471	0.837	51.48	0.799	-0.197
Botswana	4.128	9.557	0.856	51.92	0.767	-0.148
Botswana	4.031	9.593	0.859	52.36	0.791	-0.099
Botswana	3.762	9.524	0.816	52.8	0.857	-0.108
Botswana	3.499	9.573	0.768	53.075	0.852	-0.246
Botswana	3.505	9.593	0.768	53.35	0.817	-0.242
Botswana	3.461	9.613	0.795	53.625	0.818	-0.248
Botswana	3.471	9.624	0.774	53.9	0.833	-0.233
Botswana	3.435	9.65	0.75	54.725	0.739	-0.218
Botswana	3.332	9.673	0.701	55	0.741	-0.264
Brazil	6.637	9.435	0.883	63.1	0.882	
Brazil	6.321	9.512	0.886	63.42	0.777	-0.022
Brazil	6.691	9.552	0.878	63.58	0.782	-0.083
Brazil	7.001	9.541	0.913	63.74	0.767	-0.061
Brazil	6.837	9.604	0.906	63.9	0.806	-0.059
Brazil	7.038	9.634	0.916	64.06	0.834	-0.078
Brazil	6.66	9.644	0.89	64.22	0.849	
Brazil	7.14	9.665	0.91	64.38	0.785	-0.1
Brazil	6.981	9.661	0.898	64.54	0.714	-0.121
Brazil	6.547	9.617	0.907	64.7	0.799	-0.021
Brazil	6.375	9.575	0.912	64.875	0.807	-0.106
Brazil	6.333	9.58	0.905	65.05	0.765	-0.181
Brazil	6.191	9.59	0.882	65.225	0.751	-0.123
Brazil	6.451	9.595	0.899	65.4	0.83	-0.068
Brazil	6.11	9.555	0.831	65.575	0.786	-0.061
Brazil	6.01	9.598	0.814	65.75	0.792	0.086
Brazil	6.257	9.622	0.866	65.925	0.83	-0.064
Brazil	6.553	9.635	0.856	66.1	0.87	-0.036
Bulgaria	3.844	9.746	0.832	64.78	0.566	-0.146
Bulgaria	3.912	9.807	0.843	65.2	0.545	-0.153
Bulgaria	3.875	9.834	0.86	65.34	0.664	-0.236
Bulgaria	4.222	9.848	0.838	65.48	0.641	-0.181
Bulgaria	3.993	9.848	0.829	65.62	0.603	-0.199
Bulgaria	4.438	9.863	0.886	65.76	0.576	-0.062
Bulgaria	4.865	9.903	0.908	65.9	0.637	-0.207
Bulgaria	4.838	9.94	0.926	66	0.7	-0.177
Bulgaria	5.097	9.974	0.942	66.1	0.689	-0.16
Bulgaria	5.099	10.008	0.924	66.2	0.724	-0.182
Bulgaria	5.108	10.055	0.948	66.3	0.822	-0.115
Bulgaria	5.598	10.02	0.916	66.4	0.818	-0.012
Bulgaria	5.422	10.102	0.884	66.5	0.841	-0.018
Bulgaria	5.378	10.197	0.953	66.6	0.741	-0.152
Bulgaria	5.59	10.273	0.935	66.7	0.754	-0.131
Burkina Faso	3.801	7.327	0.796	49.44	0.588	0.026
Burkina Faso	4.017	7.337	0.771	49.88	0.582	-0.062
Burkina Faso	3.846	7.364	0.727	50.32	0.612	-0.103
Burkina Faso	4.036	7.416	0.773	51.2	0.587	-0.038
Burkina Faso	4.785	7.45	0.71	51.64	0.725	-0.107
Burkina Faso	3.955	7.482	0.744	52.08	0.622	-0.072
Burkina Faso	3.326	7.509	0.745	52.52	0.741	-0.018
Burkina Faso	3.481	7.521	0.742	52.96	0.71	-0.006
Burkina Faso	4.419	7.53	0.705	53.4	0.659	0.001
Burkina Faso	4.206	7.558	0.764	53.775	0.645	-0.003
Burkina Faso	4.647	7.59	0.785	54.15	0.614	-0.066
Burkina Faso	4.927	7.626	0.665	54.525	0.721	-0.016
Burkina Faso	4.741	7.654	0.683	54.9	0.678	-0.007
Burkina Faso	4.64	7.647	0.668	55.275	0.75	0.12
Burkina Faso	4.636	7.687	0.658	55.65	0.644	0.064
Burkina Faso	4.462	7.693	0.58	56.4	0.715	0.105
Burundi	3.563	6.7	0.291	49.66	0.26	-0.022
Burundi	3.792	6.687	0.326	50.28	0.427	-0.021
Burundi	3.706	6.694	0.422	51.52	0.49	-0.063
Burundi	2.905	6.723	0.565	53.38	0.431	-0.059
Burundi	3.775	6.607	0.485	55.2	0.646	-0.027
Cambodia	3.569	7.746	0.793	57.64		0.25
Cambodia	4.156	7.826	0.675	57.98	0.819	0.111
Cambodia	4.462	7.874	0.619	58.32	0.914	0.041
Cambodia	4.111	7.86	0.818	58.66	0.937	0.148
Cambodia	4.141	7.904	0.697	59	0.94	0.345
Cambodia	4.161	7.957	0.716	59.34	0.927	0.413
Cambodia	3.899	8.013	0.606	59.68	0.956	0.242
Cambodia	3.674	8.07	0.651	60.02	0.941	0.159
Cambodia	3.883	8.125	0.693	60.36	0.938	0.234
Cambodia	4.162	8.179	0.729	60.7	0.956	0.204
Cambodia	4.461	8.233	0.746	60.9	0.958	0.07
Cambodia	4.586	8.287	0.765	61.1	0.964	0.082
Cambodia	5.122	8.347	0.795	61.3	0.958	0.029
Cambodia	4.998	8.404	0.759	61.5	0.957	0.007
Cambodia	4.377	8.361	0.724	61.7	0.963	0.047
Cambodia	4.555	8.379	0.713	61.9	0.965	0.012
Cambodia	4.25	8.419	0.784	62.1	0.946	0.151
Cambodia	4.221	8.462	0.738	62.3	0.961	0.07
Cameroon	3.851	8.09	0.69	47.84	0.653	-0.02
Cameroon	4.35	8.104	0.717	48.28	0.644	-0.042
Cameroon	4.292	8.104	0.697	48.72	0.58	-0.079
Cameroon	4.741	8.101	0.729	49.16	0.698	-0.027
Cameroon	4.554	8.101	0.759	49.6	0.792	-0.008
Cameroon	4.434	8.106	0.738	50.04	0.817	-0.038
Cameroon	4.245	8.123	0.743	50.48	0.766	-0.041
Cameroon	4.271	8.144	0.76	50.92	0.794	-0.039
Cameroon	4.24	8.169	0.778	51.36	0.795	-0.08
Cameroon	5.038	8.193	0.646	51.8	0.791	0.041
Cameroon	4.816	8.207	0.659	52.475	0.713	-0.012
Cameroon	5.074	8.214	0.695	53.15	0.767	-0.036
Cameroon	5.251	8.225	0.677	53.825	0.816	0.028
Cameroon	4.937	8.231	0.711	54.5	0.712	-0.015
Cameroon	5.241	8.207	0.72	55.175	0.675	0.042
Cameroon	4.963	8.216	0.695	55.85	0.715	-0.029
Cameroon	4.712	8.225	0.629	56.525	0.675	0.022
Cameroon	4.946	8.238	0.716	57.2	0.739	-0.028
Canada	7.418	10.707	0.962	70.5	0.957	0.246
Canada	7.482	10.734		70.62	0.93	0.244
Canada	7.486	10.733	0.939	70.68	0.926	0.256
Canada	7.488	10.692	0.943	70.74	0.915	0.241
Canada	7.65	10.711	0.954	70.8	0.934	0.225
Canada	7.426	10.733	0.922	70.86	0.951	0.247
Canada	7.415	10.739	0.948	70.92	0.918	0.284
Canada	7.594	10.752	0.936	70.98	0.916	0.31
Canada	7.304	10.77	0.918	71.04	0.939	0.264
Canada	7.413	10.769	0.939	71.1	0.931	0.247
Canada	7.245	10.768	0.924	71.15	0.912	0.205
Canada	7.415	10.786	0.934	71.2	0.945	0.157
Canada	7.175	10.799	0.923	71.25	0.946	0.1
Canada	7.109	10.803	0.925	71.3	0.912	0.105
Canada	7.025	10.74	0.931	71.35	0.887	0.043
Canada	6.939	10.783	0.926	71.4	0.898	0.189
Canada	6.918	10.799	0.929	71.45	0.838	0.22
Canada	6.841	10.794	0.902	71.5	0.847	0.196
Central African Republic	4.16	6.946	0.532	41.48	0.663	0.079
Central African Republic	3.568	7.031	0.483	42.5	0.69	-0.037
Central African Republic	3.678	7.057	0.387	42.84	0.78	-0.016
Central African Republic	2.693	6.707	0.29	44.75	0.624	0.033
Central African Republic	3.476	6.733	0.32	45.3	0.645	0.074
Chad	3.435	7.369	0.724	47.08	0.306	0.022
Chad	4.141	7.368	0.479	47.46	0.295	-0.017
Chad	4.632	7.363	0.571	47.84	0.527	0.057
Chad	3.639	7.369	0.646	48.22	0.401	0.016
Chad	3.743	7.462	0.734	48.6	0.505	0.02
Chad	4.393	7.428	0.819	48.98	0.54	0.025
Chad	4.033	7.478	0.673	49.36	0.563	-0.039
Chad	3.508	7.498	0.714	49.74	0.488	-0.051
Chad	3.46	7.529	0.733	50.12	0.567	-0.075
Chad	4.323	7.525	0.751	50.5	0.474	-0.034
Chad	4.029	7.429	0.616	50.875	0.525	0.047
Chad	4.559	7.365	0.661	51.25	0.615	0.003
Chad	4.486	7.355	0.577	51.625	0.65	0.02
Chad	4.251	7.354	0.64	52	0.537	0.051
Chad	4.397	7.253	0.72	53.125	0.679	0.218
Chad	4.544	7.254	0.609	53.5	0.586	0.138
Chile	6.063	9.87	0.836	67.78	0.744	0.161
Chile	5.698	9.91	0.815	67.96	0.662	0.236
Chile	5.789	9.938	0.804	68.14	0.64	0.076
Chile	6.494	9.916	0.832	68.32	0.747	0.141
Chile	6.636	9.963	0.857	68.5	0.786	0.1
Chile	6.526	10.013	0.819	68.68	0.701	0.104
Chile	6.599	10.063	0.855	68.86	0.734	0.186
Chile	6.74	10.086	0.862	69.04	0.737	0.077
Chile	6.844	10.094	0.862	69.22	0.733	0.209
Chile	6.533	10.105	0.827	69.4	0.769	0.032
Chile	6.579	10.11	0.841	69.55	0.652	0.094
Chile	6.32	10.108	0.88	69.7	0.79	-0.028
Chile	6.436	10.13	0.89	69.85	0.789	-0.068
Chile	5.942	10.119	0.869	70	0.659	-0.11
Chile	6.151	10.042	0.888	70.15	0.781	0.026
Chile	6.436	10.143	0.891	70.3	0.803	-0.052
Chile	6.415	10.161	0.887	70.45	0.793	-0.014
Chile	6.23	10.155	0.874	70.6	0.815	-0.027
China	4.56	8.696	0.747	65.66		
China	4.863	8.824	0.811	65.92		-0.182
China	4.846	8.911	0.748	66.18	0.853	-0.098
China	4.454	8.996	0.798	66.44	0.771	-0.166
China	4.653	9.092	0.768	66.7	0.805	-0.139
China	5.037	9.178	0.787	66.96	0.824	-0.192
China	5.095	9.247	0.788	67.22	0.808	-0.19
China	5.241	9.315	0.778	67.48	0.805	-0.163
China	5.196	9.38	0.82	67.74		-0.222
China	5.304	9.442	0.794	68		-0.25
China	5.325	9.503	0.742	68.125		-0.233
China	5.099	9.564	0.772	68.25	0.878	-0.18
China	5.131	9.625	0.788	68.375	0.895	-0.164
China	5.144	9.679	0.822	68.5	0.927	-0.178
China	5.771	9.699	0.808	68.625	0.891	-0.109
China	5.863	9.779	0.856	68.75	0.875	0.02
China	6.145	9.861	0.797	69	0.793	-0.032
Colombia	6.025	9.277	0.91	66.32	0.805	-0.021
Colombia	6.138	9.33	0.894	66.54	0.786	-0.046
Colombia	6.168	9.351	0.88	66.76	0.795	-0.047
Colombia	6.272	9.351	0.886	66.98	0.757	-0.06
Colombia	6.408	9.383	0.893	67.2	0.816	-0.055
Colombia	6.464	9.44	0.904	67.42	0.811	-0.079
Colombia	6.375	9.468	0.914	67.64	0.828	-0.015
Colombia	6.607	9.508	0.901	67.86	0.841	-0.076
Colombia	6.449	9.542	0.907	68.08	0.801	-0.096
Colombia	6.388	9.562	0.89	68.3	0.791	-0.106
Colombia	6.234	9.572	0.882	68.475	0.835	-0.106
Colombia	6.157	9.57	0.909	68.65	0.838	-0.163
Colombia	5.984	9.577	0.871	68.825	0.851	-0.154
Colombia	6.35	9.59	0.873	69	0.822	-0.177
Colombia	5.709	9.5	0.797	69.175	0.84	-0.091
Colombia	5.29	9.593	0.793	69.35	0.775	-0.065
Colombia	5.892	9.658	0.877	69.525	0.799	-0.164
Colombia	5.904	9.667	0.833	69.7	0.823	-0.142
Comoros	3.476	7.999	0.629	56.76	0.508	-0.082
Comoros	3.812	8.015	0.721	57	0.529	-0.003
Comoros	3.838	8.034	0.722	57.24	0.5	-0.084
Comoros	3.956	8.044	0.719	57.48	0.534	-0.13
Comoros	3.973	8.1	0.621	58.725	0.56	0.075
Comoros	4.609	8.099	0.632	58.9	0.538	0.067
Comoros	3.545	8.085	0.472	59.425	0.481	-0.018
Comoros	3.588	8.095	0.483	59.6	0.452	0.004
Congo (Brazzaville)	3.82	8.39	0.555	52.24	0.526	-0.125
Congo (Brazzaville)	4.51	8.502	0.637	53.38	0.745	-0.137
Congo (Brazzaville)	3.919	8.569	0.622	53.76	0.773	-0.144
Congo (Brazzaville)	3.955	8.538	0.68	54.14	0.726	-0.107
Congo (Brazzaville)	4.056	8.579	0.686	54.52	0.662	-0.14
Congo (Brazzaville)	4.691	8.519	0.642	54.9	0.85	-0.129
Congo (Brazzaville)	4.119	8.381	0.615	55.225	0.786	-0.091
Congo (Brazzaville)	4.884	8.312	0.655	55.55	0.778	-0.148
Congo (Brazzaville)	5.49	8.239	0.621	55.875	0.699	-0.105
Congo (Brazzaville)	5.213	8.215	0.625	56.2	0.686	-0.059
Congo (Brazzaville)	5.079	8.127	0.597	56.525	0.761	-0.024
Congo (Brazzaville)	4.921	8.082	0.568	56.85	0.738	-0.023
Congo (Brazzaville)	5.805	8.074	0.646	57.175	0.698	0.025
Congo (Brazzaville)	4.954	8.086	0.561	57.5	0.702	-0.051
Congo (Kinshasa)	3.984	6.699	0.733	49.4	0.556	-0.025
Congo (Kinshasa)	4.517	6.769	0.744	50.4	0.631	-0.028
Congo (Kinshasa)	4.639	6.803	0.77	50.9	0.557	-0.037
Congo (Kinshasa)	4.497	6.851	0.83	51.4	0.48	0.009
Congo (Kinshasa)	4.414	6.907	0.822	51.9	0.556	0.006
Congo (Kinshasa)	3.903	6.94	0.767	52.4	0.574	-0.05
Congo (Kinshasa)	4.522	6.929	0.864	52.825	0.637	-0.027
Congo (Kinshasa)	4.311	6.931	0.67	53.25	0.704	0.066
Congo (Kinshasa)	3.207	7.032	0.654	55.375	0.664	0.08
Congo (Kinshasa)	3.383	7.076	0.572	55.8	0.687	0.152
Costa Rica	7.082	9.607	0.937	68.56	0.882	0.052
Costa Rica	7.432	9.672	0.918	68.72	0.923	0.089
Costa Rica	6.851	9.704	0.916	68.88	0.912	0.087
Costa Rica	7.615	9.682	0.9	69.04	0.886	0.057
Costa Rica	7.271	9.721	0.915	69.2	0.881	0.038
Costa Rica	7.229	9.752	0.892	69.36	0.926	-0.042
Costa Rica	7.272	9.788	0.902	69.52	0.929	0.037
Costa Rica	7.158	9.801	0.902	69.68	0.898	0.009
Costa Rica	7.247	9.824	0.914	69.84	0.927	0
Costa Rica	6.854	9.85	0.878	70	0.907	-0.068
Costa Rica	7.136	9.881	0.901	70	0.873	-0.042
Costa Rica	7.225	9.912	0.922	70	0.936	-0.086
Costa Rica	7.141	9.928	0.876	70	0.942	-0.117
Costa Rica	6.998	9.944	0.906	70	0.927	-0.156
Costa Rica	6.338	9.892	0.834	70	0.889	-0.139
Costa Rica	6.408	9.961	0.876	70	0.887	-0.029
Costa Rica	7.077	9.998	0.902	70	0.91	-0.049
Costa Rica	7.384	10.021	0.875	70	0.933	-0.067
Croatia	5.821	10.174	0.91	66.94	0.662	-0.099
Croatia	5.433	10.12	0.861	67.18	0.549	-0.278
Croatia	5.596	10.11	0.796	67.3	0.564	-0.244
Croatia	5.385	10.113	0.79	67.42	0.517	-0.205
Croatia	6.028	10.092	0.776	67.54	0.542	-0.25
Croatia	5.885	10.091	0.751	67.66	0.627	-0.211
Croatia	5.381	10.091	0.646	67.78	0.519	0.125
Croatia	5.205	10.124	0.768	67.9	0.694	-0.104
Croatia	5.417	10.166	0.798	68.075	0.672	-0.072
Croatia	5.343	10.211	0.77	68.25	0.716	-0.112
Croatia	5.536	10.248	0.91	68.425	0.691	-0.158
Croatia	5.626	10.287	0.936	68.6	0.739	-0.145
Croatia	6.508	10.202	0.923	68.775	0.837	-0.071
Croatia	6.287	10.367	0.918	68.95	0.842	0.001
Croatia	5.579	10.435	0.91	69.125	0.593	-0.213
Croatia	5.958	10.462	0.909	69.3	0.573	-0.205
Cuba	5.418		0.97	68	0.281	
Cyprus	6.238	10.567	0.878	70.16	0.836	0.012
Cyprus	6.833	10.559	0.812	70.64	0.775	0.048
Cyprus	6.387	10.556	0.822	70.8	0.755	0.066
Cyprus	6.69	10.534	0.844	70.96	0.745	0.173
Cyprus	6.181	10.484	0.767	71.12	0.725	0.092
Cyprus	5.439	10.418	0.744	71.28	0.656	0.096
Cyprus	5.627	10.411	0.77	71.44	0.715	0.054
Cyprus	5.439	10.451	0.77	71.6	0.628	0.107
Cyprus	5.795	10.51	0.786	71.8	0.756	-0.036
Cyprus	6.062	10.556	0.819	72	0.812	0.036
Cyprus	6.276	10.599	0.826	72.2	0.794	-0.031
Cyprus	6.137	10.639	0.776	72.4	0.74	-0.018
Cyprus	6.26	10.583	0.806	72.6	0.763	-0.086
Cyprus	6.269	10.638	0.855	72.8	0.718	-0.038
Cyprus	5.865	10.683	0.82	73	0.698	0.008
Cyprus	6.071		0.803	73.2	0.73	
Czechia	6.439	10.322	0.919	67.1	0.865	
Czechia	6.5	10.433	0.9	67.34	0.799	-0.069
Czechia	6.25	10.419	0.934	67.7	0.779	-0.048
Czechia	6.331	10.434	0.914	67.82	0.787	-0.112
Czechia	6.334	10.425	0.912	67.94	0.74	-0.16
Czechia	6.698	10.424	0.888	68.06	0.726	-0.162
Czechia	6.484	10.445	0.878	68.18	0.8	-0.174
Czechia	6.608	10.496	0.911	68.3	0.808	-0.152
Czechia	6.736	10.519	0.931	68.425	0.85	-0.204
Czechia	6.79	10.567	0.901	68.55	0.832	-0.183
Czechia	7.034	10.595	0.929	68.675	0.79	-0.299
Czechia	6.897	10.562	0.964	68.925	0.906	-0.135
Czechia	6.942	10.615	0.95	69.05	0.891	0.157
Czechia	6.695	10.637	0.944	69.175	0.908	0.093
Czechia	6.827	10.639	0.927	69.3	0.906	0.025
Denmark	8.019	10.849	0.972	68.3	0.971	
Denmark	7.834	10.889	0.954	68.74	0.932	0.234
Denmark	7.971	10.878	0.954	68.96	0.97	0.266
Denmark	7.683	10.822	0.939	69.18	0.949	0.258
Denmark	7.771	10.836	0.975	69.4	0.944	0.237
Denmark	7.788	10.845	0.962	69.62	0.935	0.292
Denmark	7.52	10.844	0.951	69.84	0.933	0.133
Denmark	7.589	10.849	0.965	70.06	0.92	0.209
Denmark	7.508	10.86	0.956	70.28	0.942	0.112
Denmark	7.514	10.876	0.96	70.5	0.941	0.216
Denmark	7.558	10.9	0.954	70.625	0.948	0.132
Denmark	7.594	10.922	0.952	70.75	0.955	0.149
Denmark	7.649	10.936	0.958	70.875	0.935	0.012
Denmark	7.693	10.948	0.958	71	0.963	0.015
Denmark	7.515	10.924	0.947	71.125	0.938	0.045
Denmark	7.699	10.968	0.945	71.25	0.933	0.13
Denmark	7.545	10.997	0.97	71.375	0.93	0.222
Denmark	7.504	10.996	0.916	71.5	0.923	0.089
Djibouti	5.009	8.115	0.69	53.64	0.773	0.123
Djibouti	4.906	8.014	0.901	54.12	0.649	-0.007
Djibouti	5.006	7.934		54.6	0.764	-0.072
Djibouti	4.369	8.15	0.633	55.08	0.746	-0.082
Dominican Republic	5.088	9.306	0.919	65.36	0.858	0.033
Dominican Republic	5.081	9.365	0.848	65.12	0.886	-0.013
Dominican Republic	4.842	9.384	0.85	64.88	0.848	-0.05
Dominican Republic	5.432	9.381	0.878	64.64	0.863	-0.058
Dominican Republic	4.735	9.448	0.86	64.4	0.824	-0.08
Dominican Republic	5.397	9.465	0.872	64.16	0.848	0.009
Dominican Republic	4.753	9.479	0.879	63.92	0.84	-0.067
Dominican Republic	5.016	9.515	0.878	63.68	0.889	0.016
Dominican Republic	5.387	9.57	0.891	63.44	0.905	-0.025
Dominican Republic	5.062	9.625	0.893	63.2	0.856	-0.07
Dominican Republic	5.239	9.678	0.895	63.4	0.873	-0.085
Dominican Republic	5.605	9.713	0.894	63.6	0.855	-0.126
Dominican Republic	5.433	9.769	0.862	63.8	0.867	-0.155
Dominican Republic	6.004	9.808	0.884	64	0.877	-0.127
Dominican Republic	5.168	9.727	0.806	64.2	0.835	-0.128
Dominican Republic	6.031	9.832	0.857	64.4	0.859	-0.088
Dominican Republic	5.518	9.87	0.82	64.6	0.853	-0.086
Dominican Republic	5.921	9.9	0.86	64.8	0.867	-0.107
Ecuador	5.024	9.189	0.91	64.44	0.671	-0.097
Ecuador	4.996	9.194	0.839	64.78	0.67	-0.069
Ecuador	5.297	9.238	0.829	65.12	0.64	-0.1
Ecuador	6.022	9.227	0.779	65.46	0.737	-0.114
Ecuador	5.838	9.245	0.839	65.8	0.723	-0.069
Ecuador	5.795	9.305	0.818	66.14	0.788	-0.161
Ecuador	5.961	9.343	0.785	66.48	0.825	-0.089
Ecuador	6.019	9.376	0.801	66.82	0.787	-0.196
Ecuador	5.946	9.399	0.831	67.16	0.719	-0.173
Ecuador	5.964	9.385	0.856	67.5	0.801	-0.12
Ecuador	6.115	9.358	0.842	67.75	0.846	-0.021
Ecuador	5.84	9.366	0.849	68	0.879	-0.173
Ecuador	6.128	9.359	0.851	68.25	0.869	-0.105
Ecuador	5.809	9.341	0.808	68.5	0.83	-0.121
Ecuador	5.354	9.245	0.804	68.75	0.829	-0.163
Ecuador	5.435	9.275	0.786	69	0.821	-0.086
Ecuador	5.887	9.293	0.825	69.25	0.759	-0.083
Ecuador	5.852	9.307	0.782	69.5	0.731	-0.106
Egypt	5.168	9.042	0.848	61.4	0.817	
Egypt	5.541	9.138	0.686	61.52	0.609	-0.126
Egypt	4.632	9.187	0.738	61.58		-0.093
Egypt	5.066	9.213	0.744	61.64	0.611	-0.105
Egypt	4.669	9.243	0.769	61.7	0.486	-0.081
Egypt	4.174	9.239	0.753	61.76	0.59	-0.157
Egypt	4.204	9.238	0.737	61.82	0.452	-0.143
Egypt	3.559	9.236	0.675	61.88	0.474	-0.147
Egypt	4.885	9.242	0.619	61.94	0.578	-0.132
Egypt	4.763	9.262	0.73	62	0.659	-0.094
Egypt	4.557	9.284	0.809	62.25	0.656	-0.147
Egypt	3.929	9.305	0.638	62.5	0.593	-0.158
Egypt	4.005	9.338	0.759	62.75	0.682	-0.221
Egypt	4.328	9.374	0.772	63	0.774	-0.204
Egypt	4.472	9.392	0.673	63.25	0.77	-0.119
Egypt	4.026	9.408	0.717	63.5	0.704	-0.233
Egypt	4.024	9.456	0.769	63.75	0.733	-0.214
Egypt	3.881	9.48	0.73	64	0.625	-0.21
El Salvador	5.701	8.885	0.878	65.12	0.683	-0.062
El Salvador	5.296	8.902	0.717	64.94	0.639	-0.021
El Salvador	5.191	8.919	0.747	64.76	0.636	-0.084
El Salvador	6.839	8.894	0.734	64.58	0.671	-0.11
El Salvador	6.74	8.911	0.757	64.4	0.669	-0.07
El Salvador	4.741	8.945	0.731	64.22	0.747	-0.133
El Salvador	5.934	8.968	0.806	64.04	0.683	-0.161
El Salvador	6.325	8.987	0.827	63.86	0.716	-0.156
El Salvador	5.857	9	0.798	63.68	0.778	-0.201
El Salvador	6.018	9.02	0.791	63.5	0.733	-0.163
El Salvador	6.14	9.042	0.794	63.85	0.8	-0.192
El Salvador	6.339	9.062	0.829	64.2	0.758	-0.179
El Salvador	6.241	9.084	0.82	64.55	0.863	-0.102
El Salvador	6.455	9.108	0.764	64.9	0.877	-0.116
El Salvador	5.462	9.023	0.696	65.25	0.924	-0.132
El Salvador	6.431	9.126	0.796	65.6	0.915	-0.085
El Salvador	6.492	9.148	0.772	65.95	0.914	-0.116
El Salvador	6.482	9.167	0.744	66.3	0.942	-0.104
Estonia	5.371	10.269	0.91	65.78	0.749	-0.27
Estonia	5.332	10.346	0.896	66.06	0.712	-0.252
Estonia	5.452	10.296	0.904	66.34	0.642	-0.223
Estonia	5.138	10.14	0.874	66.62	0.611	-0.235
Estonia	5.487	10.24	0.909	67.18	0.735	-0.173
Estonia	5.364	10.275	0.889	67.46	0.697	-0.197
Estonia	5.367	10.293	0.901	67.74	0.754	-0.206
Estonia	5.556	10.325	0.917	68.02	0.773	-0.158
Estonia	5.629	10.343	0.918	68.3	0.815	-0.169
Estonia	5.65	10.374	0.938	68.525	0.843	-0.155
Estonia	5.938	10.429	0.936	68.75	0.862	-0.107
Estonia	6.091	10.463	0.933	68.975	0.886	-0.147
Estonia	6.035	10.496	0.934	69.2	0.887	-0.101
Estonia	6.453	10.488	0.958	69.425	0.954	-0.09
Estonia	6.554	10.564	0.946	69.65	0.926	0.046
Estonia	6.357	10.541	0.933	69.875	0.904	0.136
Estonia	6.43	10.517	0.958	70.1	0.915	0.032
Eswatini	4.867	8.902	0.837	42.5	0.607	-0.069
Eswatini	4.212	9.029	0.779	49.3	0.71	-0.182
Eswatini	4.396	9.048	0.759	50.1	0.597	-0.195
Eswatini	3.502	9.119	0.712	52.5	0.539	-0.149
Ethiopia	4.561	7.252	0.659	56.32	0.776	-0.047
Ethiopia	4.445	7.325	0.602	56.98	0.707	-0.011
Ethiopia	4.507	7.396	0.64	57.64	0.694	0.076
Ethiopia	4.573	7.468	0.626	58.3	0.803	0.109
Ethiopia	4.298	7.531	0.719	58.7	0.744	0.035
Ethiopia	4.18	7.595	0.734	59.1	0.717	-0.002
Ethiopia	4.379	7.634	0.74	59.5	0.74	0.036
Ethiopia	4.1	7.688	0.748	59.9	0.754	0.049
Ethiopia	4.549	7.72	0.823	60.3	0.769	0.183
Ethiopia	3.628	7.775	0.74	61.1	0.674	0.357
Ethiopia	4.093	7.809	0.67	61.5	0.631	0.212
Finland	7.672	10.745	0.965	68.72	0.969	-0.011
Finland	7.671	10.796	0.951	69.16	0.934	0.022
Finland	7.393	10.734	0.935	69.6	0.916	0.085
Finland	7.354	10.754	0.938	69.82	0.936	0.095
Finland	7.42	10.735	0.928	70.04	0.921	-0.007
Finland	7.445	10.722	0.941	70.26	0.919	0.034
Finland	7.385	10.714	0.952	70.48	0.933	-0.007
Finland	7.448	10.716	0.948	70.7	0.93	0.105
Finland	7.66	10.741	0.954	70.775	0.948	-0.033
Finland	7.788	10.77	0.964	70.85	0.962	-0.008
Finland	7.858	10.78	0.962	70.925	0.938	-0.133
Finland	7.78	10.791	0.937	71	0.948	-0.058
Finland	7.889	10.766	0.962	71.075	0.962	-0.123
Finland	7.794	10.794	0.97	71.15	0.963	-0.039
Finland	7.729	10.811	0.974	71.225	0.959	0.101
Finland	7.699	10.808	0.947	71.3	0.943	-0.001
France	7.093	10.637	0.94	70.7	0.895	
France	6.583	10.654	0.944	70.8	0.789	0.12
France	7.008	10.669	0.935	71	0.833	-0.037
France	6.283	10.635	0.918	71.1	0.798	-0.088
France	6.798	10.649	0.943	71.2	0.85	-0.109
France	6.959	10.666	0.921	71.3	0.903	-0.108
France	6.649	10.664	0.937	71.4	0.841	-0.155
France	6.667	10.665	0.908	71.5	0.878	-0.13
France	6.467	10.669	0.878	71.6	0.803	-0.124
France	6.358	10.677	0.896	71.7	0.817	-0.145
France	6.475	10.685	0.885	71.8	0.787	-0.097
France	6.635	10.705	0.931	71.9	0.834	-0.129
France	6.666	10.72	0.921	72	0.816	-0.143
France	6.69	10.735	0.958	72.1	0.827	-0.139
France	6.714	10.651	0.947	72.2	0.823	-0.176
France	6.656	10.714	0.915	72.3	0.837	-0.104
France	6.614	10.737	0.866	72.4	0.798	-0.027
France	6.557	10.742	0.85	72.5	0.776	0.01
Gabon	4.255	9.557	0.653	54.46	0.772	-0.213
Gabon	3.972	9.573	0.736	54.92	0.566	-0.197
Gabon	3.8	9.593	0.733	55.38	0.682	-0.148
Gabon	3.918	9.601	0.829	55.84	0.607	-0.201
Gabon	4.661	9.609	0.756	56.3	0.671	-0.196
Gabon	4.832	9.601	0.78	56.625	0.699	-0.207
Gabon	4.782	9.58	0.807	56.95	0.652	-0.231
Gabon	4.783	9.565	0.785	57.275	0.719	-0.2
Gabon	4.914	9.58	0.763	57.6	0.736	-0.206
Gabon	4.887	9.54	0.701	57.925	0.528	-0.194
Gabon	5.075	9.533	0.754	58.25	0.699	-0.207
Gabon	5.14	9.543	0.775	58.575	0.699	-0.167
Gabon	5.104	9.554	0.735	58.9	0.722	-0.16
Gambia	4.118	7.564	0.697	56.4	0.812	0.111
Gambia	4.922	7.607	0.685	56.7	0.719	0.44
Gambia	5.164	7.642	0.694	57	0.677	0.409
Gambia	4.279	7.662	0.588	57.9	0.599	0.36
Gambia	4.691	7.686	0.651	58.2	0.727	0.43
Georgia	3.675	8.993	0.647	63.3	0.553	-0.273
Georgia	3.707	9.117	0.548	63.4	0.464	-0.272
Georgia	4.156	9.144	0.608	63.5	0.614	-0.23
Georgia	3.801	9.116	0.544	63.6	0.495	-0.238
Georgia	4.102	9.184	0.54	63.7	0.558	-0.253
Georgia	4.203	9.263	0.503	63.8	0.632	-0.26
Georgia	4.254	9.332	0.533	63.9	0.659	-0.275
Georgia	4.349	9.371	0.559	64	0.722	-0.26
Georgia	4.288	9.414	0.558	64.1	0.72	-0.239
Georgia	4.122	9.442	0.517	64.2	0.64	-0.21
Georgia	4.448	9.47	0.533	64.325	0.606	-0.255
Georgia	4.451	9.517	0.59	64.45	0.821	-0.25
Georgia	4.659	9.565	0.617	64.575	0.775	-0.238
Georgia	4.892	9.615	0.675	64.7	0.811	-0.265
Georgia	5.123	9.544	0.718	64.825	0.764	-0.225
Georgia	4.911	9.648	0.671	64.95	0.777	-0.29
Georgia	5.293	9.743	0.754	65.075	0.821	-0.255
Georgia	5.351	9.785	0.779	65.2	0.877	-0.268
Germany	6.62	10.691	0.963	69.9	0.847	
Germany	6.417	10.76	0.926	69.94	0.801	0.161
Germany	6.522	10.771	0.923	69.96	0.766	
Germany	6.641	10.715	0.935	69.98	0.844	0.121
Germany	6.725	10.758	0.939	70	0.843	0.089
Germany	6.621	10.815	0.947	70.02	0.906	0.027
Germany	6.702	10.817	0.926	70.04	0.904	0.065
Germany	6.965	10.819	0.931	70.06	0.894	0.018
Germany	6.984	10.837	0.938	70.08	0.899	0.082
Germany	7.037	10.843	0.926	70.1	0.889	0.172
Germany	6.874	10.857	0.906	70.3	0.871	0.142
Germany	7.074	10.879	0.892	70.5	0.841	0.139
Germany	7.118	10.886	0.92	70.7	0.877	0.028
Germany	7.035	10.894	0.886	70.9	0.885	0.051
Germany	7.312	10.856	0.905	71.1	0.864	-0.068
Germany	6.755	10.881	0.868	71.3	0.778	0.074
Germany	6.608	10.889	0.916	71.5	0.895	0.08
Germany	6.792	10.878	0.895	71.7	0.845	0.106
Ghana	4.535	8.067	0.728	52.54	0.849	0.208
Ghana	5.22	8.084	0.73	52.98	0.891	0.133
Ghana	4.965	8.145	0.622	53.42	0.838	0.115
Ghana	4.198	8.167	0.633	53.86	0.757	0
Ghana	4.606	8.219	0.739	54.3	0.891	0.069
Ghana	5.608	8.326	0.724	54.74	0.852	0.006
Ghana	5.057	8.39	0.685	55.18	0.679	0.035
Ghana	4.965	8.436	0.676	55.62	0.794	-0.07
Ghana	3.86	8.44	0.651	56.06	0.677	-0.004
Ghana	3.986	8.437	0.687	56.5	0.852	-0.043
Ghana	4.514	8.447	0.647	56.875	0.751	0.085
Ghana	5.481	8.503	0.669	57.25	0.783	0.074
Ghana	5.004	8.542	0.761	57.625	0.817	0.058
Ghana	4.967	8.584	0.746	58	0.787	0.111
Ghana	5.319	8.569	0.643	58.375	0.824	0.196
Ghana	4.378	8.601	0.633	58.75	0.73	0.105
Ghana	4.191	8.613	0.628	59.125	0.786	0.114
Ghana	4.298	8.61	0.661	59.5	0.834	0.093
Greece	6.006	10.454	0.837	69.6	0.734	
Greece	6.647	10.535	0.808	69.76	0.575	-0.196
Greece	6.039	10.483	0.793	69.92	0.443	-0.298
Greece	5.84	10.425	0.868	70	0.484	-0.308
Greece	5.372	10.32	0.852	70.08	0.528	-0.321
Greece	5.096	10.251	0.812	70.16	0.373	-0.31
Greece	4.72	10.233	0.687	70.24	0.426	-0.277
Greece	4.756	10.245	0.832	70.32	0.369	-0.293
Greece	5.623	10.249	0.835	70.4	0.532	-0.277
Greece	5.303	10.248	0.803	70.525	0.482	-0.265
Greece	5.148	10.261	0.753	70.65	0.438	-0.295
Greece	5.409	10.28	0.794	70.775	0.564	-0.34
Greece	5.952	10.3	0.891	70.9	0.614	-0.293
Greece	5.788	10.207	0.779	71.025	0.565	-0.246
Greece	6.104	10.294	0.85	71.15	0.574	-0.161
Greece	5.9	10.358	0.875	71.275	0.563	-0.318
Greece	5.796	10.387	0.818	71.4	0.589	-0.223
Guatemala	5.901	8.85	0.83	58.98	0.663	0.167
Guatemala	6.33	8.891	0.866	59.26	0.628	0.13
Guatemala	6.414	8.905	0.866	59.54	0.63	0.2
Guatemala	6.452	8.89	0.834	59.82	0.643	0.191
Guatemala	6.29	8.901	0.859	60.1	0.696	0.161
Guatemala	5.743	8.923	0.768	60.38	0.763	0.003
Guatemala	5.856	8.935	0.802	60.66	0.865	0.015
Guatemala	5.985	8.953	0.83	60.94	0.884	0.039
Guatemala	6.536	8.98	0.834	61.22	0.843	0.102
Guatemala	6.465	9.003	0.823	61.5	0.869	0.046
Guatemala	6.359	9.013	0.811	61.7	0.863	0.006
Guatemala	6.325	9.027	0.826	61.9	0.915	-0.064
Guatemala	6.627	9.044	0.841	62.1	0.91	-0.016
Guatemala	6.262	9.068	0.774	62.3	0.901	-0.068
Guatemala	6.15	9.123	0.806	62.9	0.856	-0.06
Guatemala	6.421	9.14	0.796	63.1	0.873	-0.049
Guinea	4.045	7.556	0.598	51.02	0.797	0.036
Guinea	3.652	7.589	0.542	51.14	0.646	-0.003
Guinea	3.902	7.604	0.567	51.26	0.693	0.087
Guinea	3.412	7.615	0.638	51.38	0.684	0.002
Guinea	3.505	7.627	0.579	51.5	0.666	0.003
Guinea	3.603	7.704	0.675	51.95	0.726	-0.06
Guinea	4.874	7.776	0.634	52.4	0.738	0.034
Guinea	5.252	7.813	0.63	52.85	0.731	0.088
Guinea	4.768	7.842	0.655	53.3	0.691	0.092
Guinea	4.972	7.865	0.732	53.75	0.598	0.075
Guinea	4.945	7.879	0.627	54.2	0.676	0.157
Guinea	5.317	7.901	0.582	54.65	0.729	0.136
Guinea	4.827	7.932	0.577	55.1	0.743	0.187
Guyana	5.993	9.089	0.849	56.24	0.694	0.082
Haiti	3.754	7.976	0.694	6.72	0.449	0.355
Haiti	3.846	8.016	0.679	17.36	0.465	0.213
Haiti	3.766	7.987	0.554	28	0.373	0.167
Haiti	4.845	8.026	0.567	33.32	0.413	0.194
Haiti	4.413	8.015	0.749	38.64	0.482	0.243
Haiti	4.622	8.043	0.648	43.96	0.61	0.243
Haiti	3.889	8.057	0.554	49.28	0.509	0.238
Haiti	3.57	8.056	0.564	54.6	0.398	0.259
Haiti	3.352	8.06	0.584	54.9	0.304	0.244
Haiti	3.824	8.071	0.647	55.2	0.484	0.333
Haiti	3.615	8.074	0.538	55.5	0.591	0.374
Honduras	5.397	8.448	0.933	63.1	0.65	0.085
Honduras	5.097	8.485	0.819	62.9	0.676	0.226
Honduras	5.42	8.504	0.828	62.7	0.687	0.219
Honduras	6.033	8.458	0.824	62.5	0.661	0.114
Honduras	5.866	8.474	0.803	62.3	0.646	0.101
Honduras	4.961	8.492	0.766	62.1	0.783	0.091
Honduras	4.602	8.513	0.779	61.9	0.7	-0.007
Honduras	4.713	8.521	0.792	61.7	0.698	-0.031
Honduras	5.056	8.533	0.79	61.5	0.696	0.011
Honduras	4.845	8.553	0.772	61.3	0.534	-0.101
Honduras	5.648	8.573	0.774	61.725	0.85	0.076
Honduras	6.02	8.603	0.843	62.15	0.898	0.068
Honduras	5.908	8.624	0.827	62.575	0.872	0.095
Honduras	5.93	8.633	0.797	63	0.846	0.059
Honduras	6.114	8.626	0.806	63.85	0.835	0.111
Honduras	5.932	8.65	0.729	64.275	0.851	0.078
Honduras	5.861	8.67	0.731	64.7	0.878	0.079
Hong Kong S.A.R. of China	5.511	10.746	0.812		0.91	0.15
Hong Kong S.A.R. of China	5.137	10.816	0.84		0.922	0.29
Hong Kong S.A.R. of China	5.397	10.788	0.835		0.918	0.302
Hong Kong S.A.R. of China	5.643	10.847	0.857		0.89	0.326
Hong Kong S.A.R. of China	5.474	10.887	0.846		0.894	0.228
Hong Kong S.A.R. of China	5.484	10.893	0.826		0.88	0.216
Hong Kong S.A.R. of China	5.458	10.939	0.834		0.843	0.218
Hong Kong S.A.R. of China	5.498	10.97	0.832		0.8	0.094
Hong Kong S.A.R. of China	5.362	10.999	0.831		0.831	0.134
Hong Kong S.A.R. of China	5.659	10.995	0.856		0.727	0.062
Hong Kong S.A.R. of China	5.295	10.931	0.813		0.705	-0.076
Hong Kong S.A.R. of China	5.322	11.003	0.821		0.669	0.021
Hong Kong S.A.R. of China	5.311	10.976	0.803		0.697	0.04
Hungary	5.194	10.103	0.93	65	0.697	
Hungary	4.954	10.147	0.931	65.32	0.538	-0.166
Hungary	4.895	10.092	0.901	65.64	0.464	-0.131
Hungary	4.725	10.105	0.896	65.8	0.514	-0.151
Hungary	4.918	10.127	0.894	65.96	0.631	-0.095
Hungary	4.683	10.119	0.906	66.12	0.569	-0.142
Hungary	4.914	10.14	0.877	66.28	0.674	-0.119
Hungary	5.181	10.184	0.845	66.44	0.494	-0.156
Hungary	5.344	10.223	0.859	66.6	0.558	-0.204
Hungary	5.449	10.248	0.9	66.75	0.554	-0.193
Hungary	6.065	10.292	0.877	66.9	0.661	-0.145
Hungary	5.936	10.346	0.941	67.05	0.693	-0.249
Hungary	6	10.393	0.947	67.2	0.798	-0.201
Hungary	6.038	10.349	0.943	67.35	0.771	-0.127
Hungary	6.227	10.423	0.948	67.5	0.727	-0.046
Hungary	5.861	10.47	0.937	67.65	0.776	-0.009
Hungary	5.965	10.473	0.954	67.8	0.755	-0.002
Iceland	6.888	10.878	0.977	71.2	0.885	0.265
Iceland	7.591	10.788	0.979	71.6	0.905	0.235
Iceland	7.501	10.823	0.967	71.7	0.923	0.299
Iceland	7.498	10.862	0.98	71.9	0.94	0.294
Iceland	7.51	10.909	0.985	71.925	0.952	0.274
Iceland	7.476	10.927	0.967	71.95	0.939	0.24
Iceland	7.533	10.943	0.982	72	0.959	
Iceland	7.575	10.852	0.983	72.025	0.949	0.152
Iceland	7.565	10.878	0.98	72.05	0.923	0.257
Iceland	7.449	10.916	0.985	72.075	0.936	0.222
Iceland	7.562	10.934	0.979	72.1	0.918	0.299
India	5.348	8.141	0.707	55.86	0.774	
India	5.027	8.2	0.569	56.22	0.729	-0.056
India	5.146	8.216	0.684	56.58	0.756	-0.077
India	4.522	8.278	0.653	56.94	0.679	-0.031
India	4.989	8.346	0.605	57.3	0.783	0.053
India	4.635	8.383	0.553	57.66	0.838	-0.043
India	4.72	8.423	0.511	58.02	0.609	0.062
India	4.428	8.472	0.553	58.38	0.74	0.079
India	4.424	8.531	0.621	58.74	0.809	-0.031
India	4.342	8.596	0.61	59.1	0.777	-0.01
India	4.179	8.664	0.614	59.4	0.82	0.041
India	4.046	8.718	0.607	59.7	0.886	-0.046
India	3.818	8.77	0.638	60	0.89	0.08
India	3.249	8.797	0.561	60.3	0.876	0.108
India	4.224	8.728	0.616	60.6	0.906	0.068
India	3.558	8.806	0.57	60.9	0.866	0.052
India	3.93	8.867	0.608	61.2	0.893	0.085
India	4.676	8.919	0.633	61.5	0.9	0.121
Indonesia	4.947	8.839	0.771	60.32	0.713	0.343
Indonesia	5.101	8.888	0.704	60.54	0.603	0.307
Indonesia	4.815	8.933	0.675	60.76	0.596	0.16
Indonesia	5.472	8.966	0.779	60.98	0.784	0.186
Indonesia	5.457	9.013	0.816	61.2	0.7	0.443
Indonesia	5.173	9.061	0.825	61.42	0.878	0.433
Indonesia	5.368	9.107	0.834	61.64	0.77	0.349
Indonesia	5.292	9.149	0.794	61.86	0.781	0.371
Indonesia	5.597	9.186	0.905	62.08	0.719	0.403
Indonesia	5.043	9.222	0.809	62.3	0.779	0.466
Indonesia	5.136	9.261	0.792	62.425	0.83	0.494
Indonesia	5.098	9.3	0.796	62.55	0.865	0.482
Indonesia	5.34	9.341	0.809	62.675	0.879	0.506
Indonesia	5.347	9.381	0.802	62.8	0.866	0.549
Indonesia	4.828	9.351	0.751	62.925	0.853	0.529
Indonesia	5.433	9.381	0.817	63.05	0.885	0.54
Indonesia	5.585	9.426	0.834	63.175	0.903	0.516
Indonesia	5.695	9.466	0.781	63.3	0.9	0.59
Iran	5.308	9.498	0.766	64.3	0.651	
Iran	5.336	9.595	0.718	64.58	0.533	0.043
Iran	5.129	9.584	0.633	64.72	0.601	0.04
Iran	4.768	9.636	0.582	65.14	0.798	0.188
Iran	4.609	9.585	0.6	65.28	0.764	
Iran	5.14	9.555	0.664	65.42	0.73	0.202
Iran	4.682	9.585	0.644	65.56	0.767	0.227
Iran	4.75	9.548	0.572	65.7	0.78	0.164
Iran	4.653	9.614	0.566	65.85	0.773	0.176
Iran	4.717	9.627	0.714	66	0.731	0.21
Iran	4.278	9.591	0.674	66.15	0.603	0.073
Iran	5.006	9.553	0.698	66.3	0.623	0.128
Iran	4.865	9.577	0.757	66.45	0.6	0.13
Iran	4.788	9.616	0.771	66.6	0.609	0.172
Iran	4.977	9.636	0.8	66.75	0.57	0.209
Iran	5.004	9.651	0.809	66.9	0.615	0.254
Iraq	4.59	8.982	0.744	60.94	0.386	-0.061
Iraq	4.775	8.979	0.862	60.92	0.431	-0.198
Iraq	5.065	9.009	0.854	60.9	0.419	-0.123
Iraq	4.725	9.047	0.751	60.88	0.347	-0.068
Iraq	4.66	9.133	0.73	60.86	0.315	-0.018
Iraq	4.725	9.159	0.728	60.84		-0.047
Iraq	4.542	9.126	0.725	60.82	0.646	0.002
Iraq	4.493	9.145	0.684	60.8	0.599	0.021
Iraq	4.413	9.25	0.719	61.275	0.666	-0.05
Iraq	4.462	9.208	0.695	61.75	0.628	0.001
Iraq	4.886	9.21	0.764	62.225	0.598	-0.069
Iraq	4.785	9.088	0.708	63.175	0.7	-0.021
Iraq	5.094	9.081	0.73	63.65	0.594	0.006
Iraq	4.928	9.127	0.753	64.125	0.661	0.068
Iraq	5.475	9.093	0.734	64.6	0.658	-0.017
Ireland	7.144	10.985	0.967	69.62	0.943	0.235
Ireland	7.568	10.941	0.983	69.86	0.894	0.315
Ireland	7.046	10.879	0.959	69.98	0.835	0.308
Ireland	7.257	10.89	0.973	70.1	0.856	0.341
Ireland	7.007	10.894	0.977	70.22	0.952	0.376
Ireland	6.965	10.89	0.962	70.34	0.902	0.295
Ireland	6.76	10.896	0.955	70.46	0.884	0.325
Ireland	7.018	10.971	0.968	70.58	0.922	0.257
Ireland	6.83	11.18	0.953	70.7	0.892	0.226
Ireland	7.041	11.189	0.958	70.8	0.875	0.169
Ireland	7.06	11.264	0.943	70.9	0.905	0.21
Ireland	6.962	11.334	0.938	71	0.861	0.138
Ireland	7.255	11.373	0.944	71.1	0.892	0.067
Ireland	7.035	11.423	0.96	71.2	0.882	0
Ireland	6.828	11.54	0.85	71.3	0.846	0.131
Ireland	6.87	11.643	0.906	71.4	0.895	0.138
Ireland	6.817	11.676	0.921	71.5	0.903	0.182
Israel	7.173	10.368	0.927	71.08	0.817	
Israel	6.841	10.408	0.868	71.16	0.683	0.215
Israel	7.261	10.423	0.859	71.24	0.663	0.134
Israel	7.353	10.408	0.937	71.32	0.593	0.167
Israel	7.359	10.444	0.882	71.4	0.561	0.145
Israel	7.433	10.48	0.893	71.48	0.722	0.136
Israel	7.111	10.487	0.903	71.56	0.681	0.147
Israel	7.321	10.512	0.909	71.64	0.739	0.145
Israel	7.401	10.531	0.889	71.72	0.707	0.088
Israel	7.079	10.536	0.864	71.8	0.753	0.103
Israel	7.159	10.56	0.89	71.95	0.772	0.147
Israel	7.331	10.583	0.916	72.1	0.768	0.138
Israel	6.927	10.603	0.91	72.25	0.725	0.048
Israel	7.332	10.625	0.946	72.4	0.834	0.078
Israel	7.195	10.589	0.959	72.55	0.831	-0.059
Israel	7.578	10.655	0.917	72.7	0.82	-0.008
Israel	7.662	10.698	0.954	72.85	0.775	-0.007
Israel	6.783	10.707	0.952	73	0.797	0.146
Italy	6.854	10.698	0.928	70.6	0.802	
Italy	6.574	10.722	0.912	70.8	0.684	0.108
Italy	6.78	10.706	0.88	70.9	0.543	0.044
Italy	6.334	10.647	0.88	71	0.701	0.235
Italy	6.354	10.661	0.872	71.1	0.738	-0.065
Italy	6.057	10.666	0.913	71.2	0.568	-0.023
Italy	5.839	10.633	0.869	71.3	0.57	0.107
Italy	6.009	10.603	0.916	71.4	0.499	-0.108
Italy	6.027	10.594	0.898	71.5	0.624	-0.071
Italy	5.848	10.603	0.909	71.6	0.575	-0.07
Italy	5.955	10.617	0.927	71.675	0.624	-0.086
Italy	6.199	10.635	0.92	71.75	0.633	-0.041
Italy	6.517	10.647	0.913	71.825	0.65	-0.027
Italy	6.445	10.663	0.838	71.9	0.709	-0.088
Italy	6.488	10.574	0.89	71.975	0.718	-0.157
Italy	6.467	10.647	0.886	72.05	0.703	-0.096
Italy	6.258	10.687	0.869	72.125	0.711	0.026
Italy	6.245	10.703	0.851	72.2	0.699	-0.053
Ivory Coast	4.197	8.181	0.667	48.9	0.76	-0.157
Ivory Coast	3.739	8.285	0.709	51.3	0.739	-0.037
Ivory Coast	3.57	8.351	0.711	51.9	0.781	-0.087
Ivory Coast	4.445	8.395	0.704	52.5	0.8	-0.059
Ivory Coast	4.543	8.438	0.617	53.075	0.769	-0.048
Ivory Coast	5.038	8.484	0.661	53.65	0.732	-0.116
Ivory Coast	5.268	8.505	0.621	54.225	0.713	-0.054
Ivory Coast	5.392	8.543	0.679	54.8	0.736	-0.021
Ivory Coast	5.257	8.535	0.613	55.375	0.77	0.012
Ivory Coast	5.056	8.579	0.554	55.95	0.717	-0.004
Ivory Coast	4.849	8.619	0.536	56.525	0.713	-0.009
Ivory Coast	5.337	8.656	0.623	57.1	0.753	-0.057
Jamaica	6.208	9.249	0.909	66.6	0.738	-0.011
Jamaica	5.374	9.193	0.855	66.6	0.796	-0.071
Jamaica	5.709	9.182	0.865	66.6	0.793	-0.029
Jamaica	5.311	9.185	0.874	66.6	0.809	-0.008
Jamaica	5.89	9.209	0.913	66.6	0.861	-0.138
Jamaica	6.309	9.234	0.878	66.6	0.891	-0.146
Jamaica	5.425	9.128	0.87	66.6	0.865	-0.152
Jamaica	5.814	9.17	0.857	66.6	0.731	-0.084
Jamaica	5.87	9.212	0.868	66.6	0.874	-0.091
Japan	6.516	10.552	0.928	72.4	0.868	
Japan	6.238	10.578	0.938	72.64	0.796	-0.097
Japan	5.911	10.566	0.887	72.76	0.772	-0.142
Japan	5.845	10.507	0.888	72.88	0.73	-0.217
Japan	6.057	10.547	0.902	73	0.772	-0.147
Japan	6.263	10.549	0.917	73.12	0.814	-0.059
Japan	5.968	10.565	0.905	73.24	0.753	
Japan	5.959	10.586	0.924	73.36	0.821	-0.154
Japan	5.923	10.59	0.9	73.48	0.838	-0.146
Japan	5.88	10.607	0.923	73.6	0.832	-0.162
Japan	5.955	10.615	0.9	73.725	0.836	-0.069
Japan	5.911	10.632	0.882	73.85	0.849	-0.213
Japan	5.794	10.64	0.886	73.975	0.773	-0.268
Japan	5.908	10.637	0.878	74.1	0.806	-0.261
Japan	6.118	10.596	0.887	74.225	0.806	-0.266
Japan	6.091	10.622	0.896	74.35	0.801	-0.213
Japan	6.178	10.637	0.899	74.475	0.789	-0.237
Japan	5.91	10.654	0.842	74.6	0.777	-0.222
Jordan	6.295	9.283	0.92	65.8		
Jordan	5.598	9.308	0.841	66.16	0.646	-0.117
Jordan	4.93	9.354	0.766	66.34		-0.134
Jordan	6	9.381	0.899	66.52	0.771	-0.083
Jordan	5.57	9.382	0.918	66.7	0.788	-0.057
Jordan	5.539	9.383	0.878	66.88	0.76	-0.155
Jordan	5.132	9.393	0.829	67.06	0.693	-0.175
Jordan	5.172	9.354	0.84	67.24	0.692	-0.131
Jordan	5.333	9.269	0.816	67.42	0.729	-0.113
Jordan	5.405	9.202	0.83	67.6	0.767	-0.051
Jordan	5.271	9.173	0.82	67.6	0.771	-0.042
Jordan	4.808	9.173	0.815	67.6	0.766	-0.156
Jordan	4.639	9.168	0.8	67.6	0.762	-0.189
Jordan	4.453	9.163	0.793	67.6	0.726	-0.168
Jordan	4.094	9.125	0.709	67.6	0.779	-0.154
Jordan	3.909	9.127	0.703	67.6	0.773	-0.148
Jordan	4.356	9.14	0.774	67.6	0.759	-0.156
Jordan	4.292	9.151	0.721	67.6	0.754	-0.143
Kazakhstan	5.476	9.804	0.872	58	0.731	-0.28
Kazakhstan	5.719	9.878	0.861	58.6	0.806	-0.251
Kazakhstan	5.886	9.892	0.839	59.2	0.727	-0.226
Kazakhstan	5.383	9.884	0.893	59.8	0.856	-0.255
Kazakhstan	5.514	9.94	0.904	60.4	0.785	-0.221
Kazakhstan	5.736	9.997	0.905	61	0.878	-0.241
Kazakhstan	5.759	10.03	0.892	61.6	0.84	-0.177
Kazakhstan	5.835	10.074	0.889	62.2	0.782	-0.235
Kazakhstan	5.97	10.101	0.795	62.8	0.799	-0.002
Kazakhstan	5.95	10.098	0.931	63.4	0.74	-0.043
Kazakhstan	5.534	10.095	0.928	63.8	0.783	-0.042
Kazakhstan	5.882	10.121	0.914	64.2	0.745	-0.041
Kazakhstan	6.008	10.148	0.937	64.6	0.84	-0.104
Kazakhstan	6.272	10.179	0.951	65	0.852	-0.061
Kazakhstan	6.168	10.141	0.966	65.4	0.872	-0.062
Kazakhstan	6.26	10.17	0.906	65.8	0.807	0.034
Kazakhstan	6.006	10.169	0.923	66.2	0.883	0.022
Kazakhstan	6.299	10.172	0.929	66.6	0.901	0.05
Kenya	4.223	8.164	0.909	51.42	0.616	-0.034
Kenya	4.576	8.201	0.841	51.94	0.75	0.04
Kenya	4.015	8.173	0.827	52.46	0.62	-0.026
Kenya	4.27	8.176	0.789	52.98	0.584	0.086
Kenya	4.256	8.226	0.805	53.5	0.635	0.005
Kenya	4.405	8.249	0.846	54.02	0.709	0.009
Kenya	4.547	8.269	0.831	54.54	0.628	0.053
Kenya	3.795	8.282	0.825	55.06	0.708	0.201
Kenya	4.905	8.308	0.765	55.58	0.819	0.161
Kenya	4.358	8.334	0.777	56.1	0.793	0.209
Kenya	4.396	8.353	0.706	56.5	0.749	0.288
Kenya	4.476	8.369	0.715	56.9	0.853	0.225
Kenya	4.656	8.404	0.707	57.3	0.821	0.282
Kenya	4.619	8.434	0.676	57.7	0.818	0.3
Kenya	4.547	8.411	0.674	58.1	0.702	0.251
Kenya	4.465	8.465	0.702	58.5	0.678	0.313
Kenya	4.448	8.493	0.691	58.9	0.706	0.292
Kenya	4.496	8.523	0.703	59.3	0.736	0.316
Kosovo	5.104		0.848		0.381	
Kosovo	5.522	8.858	0.884			0.094
Kosovo	5.891	8.899	0.83		0.506	0.203
Kosovo	5.177	8.94	0.708		0.451	0.171
Kosovo	4.86	8.992	0.759		0.589	0.004
Kosovo	5.64	9	0.757		0.636	0.028
Kosovo	6.126	9.046	0.721		0.568	0.114
Kosovo	5	9.082	0.706		0.441	0.01
Kosovo	5.077	9.153	0.805		0.561	0.177
Kosovo	5.759	9.213	0.824		0.827	0.12
Kosovo	6.149	9.253	0.792		0.858	0.112
Kosovo	6.392	9.283	0.822		0.89	0.264
Kosovo	6.425	9.334	0.843		0.841	0.242
Kosovo	6.294	9.279	0.792		0.88	0.302
Kosovo	6.648	9.383	0.849		0.84	0.258
Kosovo	6.16	9.431	0.888		0.865	0.208
Kosovo	6.878	9.48	0.807		0.9	0.285
Kuwait	6.076	11.233	0.919	68.4	0.769	-0.242
Kuwait	6.585	11.074	0.926	69	0.819	0
Kuwait	6.798	10.998	0.893	69.2	0.703	-0.039
Kuwait	6.378	11.024	0.882	69.4	0.769	
Kuwait	6.221	11.012	0.889	69.6	0.934	
Kuwait	6.48	10.952	0.862	69.8	0.751	
Kuwait	6.18	10.926		70		
Kuwait	6.146	10.893	0.823	70.2	0.822	0.077
Kuwait	5.947	10.887	0.845	70.175	0.841	-0.08
Kuwait	6.094	10.82	0.853	70.15	0.884	-0.01
Kuwait	6.106	10.765	0.842	70.1	0.867	-0.106
Kuwait	6.758	10.803	0.874	70.025	0.969	0.142
Kuwait	7.13	10.812	0.89	70	0.898	0.136
Kyrgyzstan	4.641	8.185	0.844	59.92	0.678	-0.145
Kyrgyzstan	4.698	8.258	0.833	60.34	0.684	-0.097
Kyrgyzstan	4.737	8.329	0.792	60.76	0.719	-0.105
Kyrgyzstan	5.069	8.345	0.855	61.18	0.699	-0.145
Kyrgyzstan	4.996	8.329	0.885	61.6	0.72	-0.077
Kyrgyzstan	4.921	8.374	0.891	62.02	0.748	-0.16
Kyrgyzstan	5.208	8.357	0.856	62.44	0.703	-0.084
Kyrgyzstan	5.402	8.441	0.851	62.86	0.755	-0.09
Kyrgyzstan	5.252	8.46	0.898	63.28	0.736	0.35
Kyrgyzstan	4.905	8.477	0.857	63.7	0.813	0.194
Kyrgyzstan	4.857	8.5	0.914	64.225	0.814	0.051
Kyrgyzstan	5.63	8.526	0.883	64.75	0.859	0.138
Kyrgyzstan	5.297	8.543	0.898	65.275	0.945	0.262
Kyrgyzstan	5.685	8.568	0.877	65.8	0.92	-0.008
Kyrgyzstan	6.25	8.461	0.902	66.325	0.935	0.101
Kyrgyzstan	5.564	8.504	0.904	66.85	0.918	0.199
Kyrgyzstan	5.668	8.555	0.927	67.375	0.948	0.23
Kyrgyzstan	5.91	8.573	0.946	67.9	0.943	0.145
Laos	5.076	8.234	0.807	55.88	0.925	0.435
Laos	5.364	8.291	0.79	56.26	0.867	0.474
Laos	5.044	8.351	0.807	56.64	0.886	0.412
Laos	4.704	8.538	0.691	57.78	0.882	0.454
Laos	4.876	8.601	0.693	58.16		0.227
Laos	4.623	8.883	0.707	59.9	0.891	0.068
Laos	4.859	8.929	0.705	60.2	0.907	0.136
Laos	5.197	8.967	0.729	60.5	0.906	0.055
Laos	5.284	8.957	0.66	60.8	0.915	0.136
Laos	4.927	8.968	0.65	61.1	0.927	0.037
Laos	4.962	8.981	0.659	61.4	0.891	0.091
Laos	5.486	9.005	0.678	61.7	0.904	0.099
Latvia	4.71	10.042	0.884	63.1	0.641	-0.236
Latvia	4.667	10.145	0.836	63.4	0.7	-0.173
Latvia	5.145	10.123	0.855	63.7	0.63	-0.21
Latvia	4.669	9.985	0.807	64	0.437	-0.187
Latvia	4.967	10.004	0.836	64.6	0.564	-0.006
Latvia	5.125	10.085	0.851	64.9	0.564	-0.044
Latvia	5.07	10.115	0.834	65.2	0.631	-0.079
Latvia	5.729	10.143	0.881	65.5	0.671	-0.049
Latvia	5.881	10.19	0.879	65.8	0.656	-0.084
Latvia	5.94	10.222	0.917	65.9	0.685	-0.163
Latvia	5.978	10.264	0.895	66	0.7	-0.161
Latvia	5.901	10.311	0.913	66.1	0.608	-0.218
Latvia	5.97	10.343	0.936	66.2	0.698	-0.2
Latvia	6.229	10.328	0.928	66.3	0.82	-0.086
Latvia	6.353	10.376	0.954	66.4	0.815	-0.104
Latvia	6.055	10.396	0.928	66.5	0.817	0.018
Latvia	6.296	10.408	0.932	66.6	0.816	0.059
Lebanon	5.491	9.571	0.796	65.1	0.703	
Lebanon	4.653	9.57	0.853	65.16	0.67	0.064
Lebanon	4.595	9.711	0.717	65.28	0.524	0.031
Lebanon	5.206	9.796	0.736	65.34	0.665	0.067
Lebanon	5.032	9.864	0.721	65.4	0.678	0.068
Lebanon	5.188	9.862	0.733	65.46	0.657	-0.002
Lebanon	4.573	9.862	0.713	65.52	0.621	-0.016
Lebanon	4.983	9.807	0.708	65.58	0.655	-0.012
Lebanon	5.233	9.732	0.759	65.64	0.657	-0.017
Lebanon	5.172	9.717	0.742	65.7	0.597	0.066
Lebanon	5.271	9.754	0.828	65.775	0.657	0.021
Lebanon	5.154	9.787	0.777	65.85	0.605	-0.088
Lebanon	5.167	9.795	0.829	65.925	0.607	-0.081
Lebanon	4.024	9.752	0.866	66	0.447	-0.098
Lebanon	2.634	9.532	0.547	66.075	0.552	-0.139
Lebanon	2.179	9.472	0.507	66.15	0.423	-0.164
Lebanon	2.352	9.458	0.535	66.225	0.45	-0.13
Lebanon	3.588	9.471	0.686	66.3	0.499	-0.102
Lesotho	4.898	7.785	0.824	41.52	0.618	-0.093
Lesotho	3.808	7.897	0.798	42.25	0.729	-0.1
Lesotho	3.795	7.852	0.769	42.9	0.757	-0.144
Lesotho	3.512	7.805	0.79	44.2	0.716	-0.127
Lesotho	3.186	7.733	0.68	46.15	0.709	-0.102
Liberia	3.701	7.179	0.594	51.86	0.79	0.111
Liberia	4.221	7.207	0.619	51.94	0.724	-0.038
Liberia	4.196	7.257	0.827	52.1	0.819	-0.043
Liberia	4.571	7.386	0.708	52.42	0.59	-0.035
Liberia	2.702	7.366	0.638	52.5	0.671	-0.067
Liberia	3.355	7.33	0.643	53.1	0.763	0.028
Liberia	4.424	7.335	0.685	53.7	0.733	-0.018
Liberia	4.135	7.328	0.727	54.3	0.766	0.044
Liberia	5.121	7.283	0.712	54.9	0.706	0.044
Liberia	4.042	7.287	0.597	56.7	0.732	0.15
Liberia	4.494	7.309	0.63	57.3	0.72	0.039
Libya	5.754	10.38	0.855	65.14	0.712	-0.076
Libya	5.615	9.858	0.868	64.3	0.775	-0.089
Libya	5.434	9.828	0.876	64.525	0.822	-0.135
Libya	5.647	10.095	0.823	64.75	0.779	-0.068
Libya	5.494	10.156	0.824	64.975	0.781	-0.146
Libya	5.33	10.023	0.827	65.2	0.762	-0.107
Libya	5.76	9.893	0.813	65.875	0.761	-0.043
Libya	5.97		0.748	66.1	0.762	
Lithuania	5.954	10.042	0.93	63.5	0.567	-0.301
Lithuania	5.808	10.16	0.941	63.7	0.59	-0.287
Lithuania	5.554	10.196	0.914	63.9	0.621	-0.265
Lithuania	5.467	10.046	0.933	64.1	0.496	-0.309
Lithuania	5.066	10.083	0.882	64.3	0.519	-0.281
Lithuania	5.432	10.165	0.911	64.5	0.566	-0.154
Lithuania	5.771	10.216	0.919	64.7	0.503	-0.279
Lithuania	5.596	10.261	0.913	64.9	0.556	-0.242
Lithuania	6.126	10.304	0.908	65.1	0.508	-0.269
Lithuania	5.711	10.334	0.929	65.3	0.641	-0.259
Lithuania	5.866	10.371	0.938	65.65	0.614	-0.272
Lithuania	6.273	10.427	0.926	66	0.749	-0.179
Lithuania	6.309	10.476	0.929	66.35	0.699	-0.243
Lithuania	6.064	10.524	0.918	66.7	0.78	-0.258
Lithuania	6.391	10.523	0.953	67.05	0.824	-0.129
Lithuania	6.865	10.579	0.928	67.4	0.707	-0.121
Lithuania	7.038	10.586	0.937	67.75	0.71	-0.192
Lithuania	6.553	10.575	0.881	68.1	0.734	-0.232
Luxembourg	6.958	11.628	0.939	70.3	0.939	0.116
Luxembourg	7.097	11.647	0.952	70.5	0.908	0.086
Luxembourg	7.101	11.635	0.934	70.7	0.962	0.097
Luxembourg	6.964	11.627	0.914	70.9	0.917	0.048
Luxembourg	7.131	11.636	0.917	71.1	0.79	-0.065
Luxembourg	6.891	11.638	0.875	71.3	0.938	0.097
Luxembourg	6.702	11.637	0.934	71.5	0.932	0.044
Luxembourg	6.967	11.664	0.941	71.525	0.882	0.011
Luxembourg	7.061	11.653	0.905	71.55	0.903	0.036
Luxembourg	7.243	11.645	0.902	71.575	0.884	-0.028
Luxembourg	7.404	11.649	0.912	71.6	0.93	-0.051
Luxembourg	7.228	11.657	0.878	71.675	0.915	0.023
Luxembourg	7.016	11.649	0.879	71.7	0.911	0.033
Madagascar	3.98	7.351	0.711	54.14		-0.042
Madagascar	4.64	7.413	0.776	54.62	0.332	-0.103
Madagascar	4.381	7.309	0.818	55.34	0.546	-0.065
Madagascar	3.551	7.311	0.673	55.58	0.487	-0.058
Madagascar	3.816	7.307	0.673	55.82	0.48	-0.022
Madagascar	3.676	7.314	0.655	56.06	0.529	-0.026
Madagascar	3.593	7.319	0.647	56.3	0.545	-0.044
Madagascar	3.663	7.332	0.746	56.55	0.57	-0.072
Madagascar	4.079	7.345	0.626	56.8	0.57	-0.037
Madagascar	4.071	7.351	0.666	57.05	0.551	0
Madagascar	4.339	7.369	0.701	57.3	0.55	-0.015
Madagascar	4.019	7.315	0.642	58.05	0.523	0.07
Madagascar	4.433	7.333	0.692	58.3	0.504	0.096
Malawi	3.83	7.015	0.554	45.36	0.767	0.171
Malawi	4.891	7.078	0.6	46.42	0.91	0.173
Malawi	5.148	7.174	0.718	48.54	0.879	0.147
Malawi	3.946	7.231	0.613	50.66	0.733	0.07
Malawi	4.279	7.221	0.604	51.72	0.637	0.14
Malawi	4.035	7.246	0.563	52.78	0.752	0.049
Malawi	4.563	7.273	0.512	53.84	0.786	0.032
Malawi	3.868	7.273	0.494	54.9	0.801	0.029
Malawi	3.476	7.27	0.524	55.45	0.81	0.037
Malawi	3.417	7.283	0.555	56	0.848	-0.004
Malawi	3.335	7.299	0.528	56.55	0.799	0.043
Malawi	3.869	7.325	0.549	57.1	0.765	-0.027
Malawi	3.635	7.307	0.558	58.2	0.757	-0.014
Malawi	3.356	7.291	0.503	58.75	0.744	0.017
Malawi	3.272	7.279	0.47	59.3	0.738	0.014
Malaysia	6.012	9.827	0.866	65.08	0.837	0.196
Malaysia	6.239	9.867	0.871	65.16	0.844	0.085
Malaysia	5.807	9.893	0.803	65.24	0.78	0.04
Malaysia	5.385	9.858	0.792	65.32	0.874	-0.013
Malaysia	5.58	9.912	0.839	65.4	0.769	0.028
Malaysia	5.786	9.948	0.77	65.48	0.84	-0.021
Malaysia	5.914	9.985	0.841	65.56	0.848	0.013
Malaysia	5.77	10.015	0.831	65.64	0.791	0.26
Malaysia	5.963	10.057	0.863	65.72	0.808	0.235
Malaysia	6.322	10.092	0.818	65.8	0.675	0.218
Malaysia	5.339	10.197	0.789	65.725	0.875	0.123
Malaysia	5.428	10.228	0.842	65.7	0.916	0.119
Malaysia	6.014	10.159	0.797	65.675	0.878	0.096
Malaysia	6.01	10.179	0.794	65.65	0.878	0.218
Malaysia	6.048	10.251	0.815	65.625	0.957	0.208
Malaysia	5.868	10.283	0.779	65.6	0.965	0.154
Maldives	5.198	9.893	0.913	69.775	0.855	0.013
Mali	4.014	7.561	0.761	49.94	0.555	-0.075
Mali	4.115	7.576	0.747	50.62	0.495	-0.015
Mali	3.977	7.591	0.733	50.96	0.634	0.005
Mali	3.762	7.61	0.751	51.3	0.749	-0.031
Mali	4.667	7.609	0.796	51.64	0.823	-0.103
Mali	4.313	7.572	0.823	51.98	0.704	-0.091
Mali	3.676	7.565	0.82	52.32	0.665	-0.056
Mali	3.975	7.602	0.843	52.66	0.652	-0.04
Mali	4.582	7.631	0.83	53	0.634	-0.07
Mali	4.016	7.655	0.836	53.4	0.696	-0.072
Mali	4.742	7.675	0.741	53.8	0.753	-0.072
Mali	4.416	7.69	0.692	54.2	0.737	-0.036
Mali	4.988	7.705	0.755	54.6	0.67	-0.04
Mali	4.269	7.661	0.568	55	0.645	-0.069
Mali	4.113	7.659	0.573	55.4	0.673	-0.004
Mali	4.211	7.665	0.642	55.8	0.818	-0.024
Mali	4.37	7.673	0.641	56.2	0.776	-0.043
Malta	6.328	10.353	0.916	70.22	0.803	0.456
Malta	5.774	10.402	0.908	70.4	0.802	0.278
Malta	6.155	10.402	0.923	70.58	0.882	0.288
Malta	5.963	10.433	0.922	70.76	0.861	0.343
Malta	6.38	10.473	0.942	70.94	0.909	0.4
Malta	6.452	10.526	0.941	71.12	0.904	0.395
Malta	6.613	10.594	0.919	71.3	0.912	0.339
Malta	6.591	10.604	0.93	71.35	0.916	0.339
Malta	6.676	10.681	0.937	71.4	0.924	0.244
Malta	6.91	10.705	0.932	71.45	0.927	0.17
Malta	6.733	10.734	0.922	71.5	0.924	0.077
Malta	6.157	10.622	0.938	71.55	0.931	-0.005
Malta	6.444	10.727	0.897	71.6	0.889	0.239
Malta	6.299	10.784	0.932	71.65	0.838	0.246
Malta	6.295		0.912	71.7	0.851	
Mauritania	4.149	8.528	0.682	56.5	0.573	-0.077
Mauritania	4.248	8.5	0.67	56.8	0.593	-0.023
Mauritania	4.5	8.474	0.819	57.1	0.735	0.034
Mauritania	4.772	8.471	0.857	57.4	0.669	0.05
Mauritania	4.785	8.482	0.75	57.7	0.567	0.047
Mauritania	4.673	8.494	0.763	58	0.487	-0.026
Mauritania	4.199	8.506	0.741	58.3	0.603	-0.084
Mauritania	4.483	8.521	0.853	58.6	0.468	-0.06
Mauritania	3.923	8.547	0.875	58.9	0.447	0.05
Mauritania	4.472	8.533	0.785	59.125	0.467	-0.181
Mauritania	4.678	8.568	0.779	59.35	0.527	-0.161
Mauritania	4.314	8.588	0.802	59.575	0.467	-0.121
Mauritania	4.153	8.614	0.798	59.8	0.628	-0.111
Mauritania	4.724	8.602	0.648	60.475	0.624	-0.016
Mauritania	4.292	8.62	0.606	60.7	0.54	0.018
Mauritius	5.477	9.797	0.8	63.52	0.848	0.184
Mauritius	5.648	9.895	0.785	63.88	0.824	0.168
Mauritius	5.61	9.968	0.836	63.975	0.819	0.131
Mauritius	6.174	10.005	0.91	63.95	0.912	0.079
Mauritius	5.882	10.044	0.909	63.925	0.867	-0.081
Mauritius	6.241	10.072	0.913	63.9	0.893	-0.061
Mauritius	6.015	9.914	0.893	63.875	0.843	-0.038
Mauritius	5.949	9.948	0.887	63.85	0.802	-0.013
Mauritius	5.741	10.034	0.887	63.825	0.798	-0.042
Mauritius	5.759	10.083	0.868	63.8	0.797	-0.002
Mexico	6.581	9.792	0.903	64.4	0.814	
Mexico	6.525	9.831	0.879	64.68	0.67	-0.101
Mexico	6.829	9.83	0.876	64.82	0.677	-0.134
Mexico	6.963	9.764	0.868	64.96	0.682	-0.082
Mexico	6.802	9.8	0.876	65.1	0.778	-0.055
Mexico	6.91	9.822	0.824	65.24	0.831	-0.106
Mexico	7.32	9.844	0.767	65.38	0.788	-0.099
Mexico	7.443	9.844	0.759	65.52	0.739	-0.171
Mexico	6.68	9.86	0.782	65.66	0.779	-0.101
Mexico	6.236	9.88	0.761	65.8	0.719	-0.158
Mexico	6.824	9.895	0.893	65.8	0.752	-0.16
Mexico	6.41	9.905	0.8	65.8	0.861	-0.208
Mexico	6.55	9.917	0.858	65.8	0.816	-0.186
Mexico	6.432	9.907	0.852	65.8	0.903	-0.148
Mexico	5.964	9.816	0.779	65.8	0.873	-0.128
Mexico	5.991	9.857	0.779	65.8	0.837	-0.037
Mexico	7.038	9.881	0.858	65.8	0.861	-0.123
Mexico	7.006	9.9	0.868	65.8	0.87	-0.124
Moldova	5.102	8.922	0.812	59.48	0.554	-0.169
Moldova	4.775	8.954	0.804	59.86	0.696	-0.19
Moldova	5.503	9.031	0.872	60.24	0.641	-0.06
Moldova	5.554	8.97	0.856	60.62	0.551	-0.103
Moldova	5.59	9.04	0.847	61	0.598	-0.093
Moldova	5.792	9.097	0.869	61.38	0.628	-0.086
Moldova	5.996	9.091	0.826	61.76	0.602	-0.054
Moldova	5.756	9.178	0.803	62.14	0.658	-0.073
Moldova	5.917	9.227	0.805	62.52	0.623	-0.118
Moldova	6.017	9.232	0.84	62.9	0.595	-0.094
Moldova	5.578	9.289	0.837	63.3	0.557	-0.052
Moldova	5.326	9.347	0.831	63.7	0.553	-0.057
Moldova	5.682	9.404	0.892	64.1	0.824	-0.089
Moldova	5.803	9.455	0.809	64.5	0.784	-0.097
Moldova	5.812	9.38	0.874	64.9	0.859	-0.058
Moldova	5.959	9.518	0.88	65.3	0.833	-0.096
Moldova	5.687	9.465	0.817	65.7	0.829	-0.084
Moldova	5.801	9.492	0.842	66.1	0.844	-0.157
Mongolia	4.609	8.827	0.881	56.54	0.781	0.059
Mongolia	4.493	8.902	0.92	56.96	0.484	0.062
Mongolia	4.586	8.925	0.904	57.8	0.631	0.093
Mongolia	5.031	9.069	0.948	58.22	0.7	0.145
Mongolia	4.885	9.168	0.919	58.64	0.688	0.1
Mongolia	4.913	9.26	0.935	59.06	0.748	0.13
Mongolia	4.825	9.315	0.943	59.48	0.752	0.14
Mongolia	4.983	9.318	0.906	59.9	0.686	0.167
Mongolia	5.057	9.311	0.947	60	0.76	0.083
Mongolia	5.334	9.344	0.924	60.1	0.675	0.112
Mongolia	5.465	9.397	0.942	60.2	0.696	0.048
Mongolia	5.563	9.43	0.946	60.3	0.711	0.142
Mongolia	6.011	9.365	0.918	60.4	0.718	0.138
Mongolia	5.721	9.365	0.927	60.5	0.667	0.215
Mongolia	5.788	9.397	0.951	60.6	0.717	0.211
Mongolia	5.58	9.433	0.938	60.7	0.699	0.22
Montenegro	5.196	9.696	0.832	65.96	0.512	-0.139
Montenegro	4.801	9.702	0.816	66.12	0.556	-0.107
Montenegro	5.455	9.727	0.805	66.2	0.552	-0.212
Montenegro	5.223	9.758	0.818	66.28	0.546	-0.232
Montenegro	5.219	9.729	0.704	66.36	0.462	-0.198
Montenegro	5.074	9.763	0.736	66.44	0.502	-0.182
Montenegro	5.283	9.78	0.863	66.52	0.503	0.091
Montenegro	5.125	9.813	0.74	66.6	0.583	-0.15
Montenegro	5.304	9.842	0.866	66.7	0.569	-0.093
Montenegro	5.615	9.887	0.881	66.8	0.626	-0.089
Montenegro	5.65	9.937	0.856	66.9	0.626	-0.057
Montenegro	5.386	9.977	0.832	67	0.694	-0.111
Montenegro	5.722	9.812	0.887	67.1	0.802	0.061
Montenegro	5.6	10.002	0.875	67.3	0.778	-0.022
Montenegro	5.813	10.041	0.853	67.4	0.799	-0.066
Morocco	4.383	8.821		62.5	0.663	-0.173
Morocco	5.085	8.861	0.833	62.66	0.579	-0.229
Morocco	4.97	8.877	0.676	62.82	0.757	-0.198
Morocco	5.142	8.904	0.597	62.98	0.572	-0.221
Morocco	5.163	8.947	0.606	63.3	0.713	-0.239
Morocco	5.386	8.94	0.655	63.4	0.817	-0.248
Morocco	5.312	8.977	0.641	63.5	0.814	-0.227
Morocco	4.897	8.996	0.554	63.6	0.773	-0.246
Morocco	5.057	9.014	0.535	63.7	0.757	-0.256
Morocco	4.803	8.929	0.553	63.8	0.819	-0.238
Morocco	5.326	8.994	0.505	63.9	0.762	-0.204
Morocco	4.596	8.995	0.564	64	0.795	-0.257
Morocco	4.487	9.009	0.5	64.1	0.821	-0.094
Mozambique	4.595	6.792	0.879	44.82	0.684	0.035
Mozambique	4.833	6.84	0.748	45.24	0.643	0.068
Mozambique	4.654	6.885	0.756	45.66	0.514	0
Mozambique	4.971	6.996	0.818	46.92	0.639	-0.03
Mozambique	4.55	7.148	0.666	48.6	0.813	0.083
Mozambique	4.28	7.16	0.678	49.5	0.823	-0.035
Mozambique	4.654	7.165	0.738	49.95	0.897	0.043
Mozambique	4.932	7.159	0.742	50.4	0.87	0.068
Mozambique	5.178	7.112	0.664	51.3	0.838	0.042
Mozambique	4.74	7.125	0.711	51.75	0.884	0.043
Mozambique	5.704	7.147	0.701	52.2	0.867	0.071
Myanmar	4.439	8.067	0.612	58.16	0.691	0.646
Myanmar	4.176	8.134	0.757	58.64	0.775	0.691
Myanmar	4.786	8.205	0.774	59.12	0.87	0.7
Myanmar	4.224	8.229	0.752	59.6	0.808	0.692
Myanmar	4.623	8.321	0.793	59.925	0.877	0.68
Myanmar	4.154	8.369	0.795	60.25	0.886	0.651
Myanmar	4.411	8.424	0.774	60.575	0.906	0.492
Myanmar	4.434	8.483	0.763	60.9	0.899	0.56
Myanmar	4.431	8.507	0.796	61.225	0.825	0.468
Myanmar	4.314	8.302	0.78	61.55	0.631	0.508
Myanmar	4.359	8.325	0.746	61.875	0.646	0.6
Myanmar	4.391	8.347	0.685	62.2	0.695	0.548
Namibia	4.886	9.073	0.828	51.88	0.781	-0.107
Namibia	4.574	9.264	0.763	54.26	0.849	-0.191
Namibia	4.441	9.243	0.828	55.35	0.81	-0.198
Namibia	4.834	9.237	0.864	55.725	0.754	-0.177
Namibia	4.436	9.211	0.845	56.1	0.739	-0.182
Namibia	4.451	9.11	0.741	56.475	0.666	-0.11
Namibia	4.491	9.128	0.808	56.85	0.659	-0.153
Namibia	4.949	9.158	0.808	57.225	0.683	-0.124
Namibia	5.055	9.167	0.852	57.6	0.674	-0.113
Nepal	4.567	7.734	0.874	59.66	0.689	
Nepal	4.748	7.761	0.787	59.72	0.413	0.303
Nepal	4.441	7.814	0.818	59.78	0.618	0.276
Nepal	4.917	7.853	0.813	59.84	0.616	0.029
Nepal	4.35	7.895	0.779	59.9	0.519	0.077
Nepal	3.809	7.924	0.741	59.96	0.525	-0.024
Nepal	4.233	7.968	0.734	60.02	0.638	0.056
Nepal	4.605	8	0.74	60.08	0.722	0.137
Nepal	4.975	8.056	0.786	60.14	0.712	0.108
Nepal	4.812	8.089	0.748	60.2	0.763	0.214
Nepal	5.1	8.085	0.837	60.475	0.839	0.155
Nepal	4.737	8.159	0.816	60.75	0.845	0.12
Nepal	4.91	8.221	0.768	61.025	0.77	0.107
Nepal	5.449	8.274	0.772	61.3	0.79	0.152
Nepal	5.982	8.233	0.787	61.575	0.772	0.135
Nepal	4.622	8.257	0.699	61.85	0.818	0.144
Nepal	5.474	8.294	0.753	62.125	0.844	0.149
Nepal	5.389	8.318	0.749	62.4	0.765	0.184
Netherlands	7.464	10.809	0.947	70.7	0.901	
Netherlands	7.452	10.876	0.944	70.78	0.896	0.339
Netherlands	7.631	10.894	0.944	70.82	0.883	0.359
Netherlands	7.502	10.86	0.957	70.9	0.921	0.344
Netherlands	7.564	10.87	0.938	70.94	0.925	0.33
Netherlands	7.471	10.856	0.939	70.98	0.877	0.282
Netherlands	7.407	10.852	0.925	71.02	0.919	0.299
Netherlands	7.321	10.863	0.909	71.06	0.91	0.326
Netherlands	7.324	10.878	0.879	71.1	0.904	0.256
Netherlands	7.541	10.894	0.926	71.175	0.907	0.233
Netherlands	7.459	10.917	0.937	71.25	0.92	0.245
Netherlands	7.463	10.934	0.939	71.325	0.92	0.156
Netherlands	7.425	10.947	0.941	71.4	0.886	0.207
Netherlands	7.504	10.902	0.944	71.475	0.935	0.145
Netherlands	7.314	10.944	0.919	71.55	0.856	0.266
Netherlands	7.39	10.978	0.929	71.625	0.868	0.223
Netherlands	7.255	10.977	0.915	71.7	0.847	0.223
New Zealand	7.305	10.541	0.946	69.72	0.932	0.304
New Zealand	7.604	10.562	0.967	69.74	0.878	0.272
New Zealand	7.381	10.541	0.944	69.76	0.893	0.291
New Zealand	7.224	10.534	0.976	69.8	0.918	0.247
New Zealand	7.191	10.548	0.954	69.82	0.935	0.278
New Zealand	7.25	10.565	0.93	69.84	0.902	0.28
New Zealand	7.28	10.585	0.958	69.86	0.944	0.23
New Zealand	7.306	10.605	0.942	69.88	0.932	0.341
New Zealand	7.418	10.622	0.987	69.9	0.942	0.322
New Zealand	7.226	10.637	0.937	69.975	0.927	0.259
New Zealand	7.327	10.65	0.955	70.05	0.942	0.287
New Zealand	7.37	10.667	0.954	70.125	0.949	0.113
New Zealand	7.205	10.675	0.939	70.2	0.912	0.15
New Zealand	7.257	10.647	0.952	70.275	0.918	0.116
New Zealand	7.137	10.693	0.95	70.35	0.91	0.216
New Zealand	6.975	10.712	0.956	70.425	0.831	0.183
New Zealand	6.976	10.72	0.933	70.5	0.877	0.181
Nicaragua	4.46	8.395	0.877	64.3	0.745	0.005
Nicaragua	4.944	8.431	0.866	64.4	0.836	0.135
Nicaragua	5.104	8.45	0.857	64.5	0.791	0.07
Nicaragua	5.353	8.402	0.835	64.6	0.746	0.065
Nicaragua	5.687	8.431	0.863	64.7	0.792	0.013
Nicaragua	5.386	8.478	0.8	64.8	0.779	-0.024
Nicaragua	5.448	8.526	0.894	64.9	0.85	0.012
Nicaragua	5.772	8.559	0.868	65	0.859	0.034
Nicaragua	6.275	8.591	0.839	65.1	0.817	0.099
Nicaragua	5.924	8.624	0.827	65.2	0.809	0.073
Nicaragua	6.013	8.654	0.853	65.275	0.717	0.035
Nicaragua	6.476	8.685	0.838	65.35	0.922	0.006
Nicaragua	5.819	8.637	0.854	65.425	0.797	0.004
Nicaragua	6.113	8.594	0.874	65.5	0.883	0.024
Nicaragua	6.287	8.562	0.856	65.575	0.818	0.037
Nicaragua	6.095	8.647	0.848	65.65	0.905	0.02
Nicaragua	6.392	8.669	0.844	65.725	0.914	-0.004
Nicaragua	6.362	8.685	0.836	65.8	0.906	-0.008
Niger	3.737	6.872	0.677	50.14	0.75	0.073
Niger	4.277	6.867	0.726	50.58	0.584	-0.06
Niger	4.236	6.905	0.607	51.02	0.649	-0.059
Niger	4.267	6.887	0.771	51.46	0.88	-0.013
Niger	4.101	6.932	0.655	51.9	0.817	-0.027
Niger	4.556	6.918	0.818	52.34	0.78	-0.06
Niger	3.798	6.98	0.7	52.78	0.734	-0.068
Niger	3.716	6.994	0.696	53.22	0.825	-0.082
Niger	4.181	7.02	0.753	53.66	0.688	-0.051
Niger	3.671	7.025	0.713	54.1	0.728	-0.037
Niger	4.235	7.042	0.683	54.45	0.702	-0.02
Niger	4.616	7.053	0.582	54.8	0.684	-0.035
Niger	5.164	7.084	0.612	55.15	0.791	0.004
Niger	5.004	7.105	0.677	55.5	0.831	0.021
Niger	4.501	7.151	0.587	56.55	0.793	0.024
Niger	4.609	7.181	0.638	56.9	0.767	0.029
Nigeria	4.71	8.314	0.735	50.22	0.649	0.08
Nigeria	4.89	8.35	0.718	50.54	0.635	0.132
Nigeria	4.939	8.389	0.78	50.86	0.584	0.115
Nigeria	4.98	8.439	0.722	51.18	0.537	0.063
Nigeria	4.76	8.488	0.824	51.5	0.565	0.062
Nigeria	5.493	8.526	0.818	52.14	0.652	0.062
Nigeria	4.818	8.564	0.663	52.46	0.622	0.046
Nigeria	4.933	8.6	0.812	53.1	0.68	-0.04
Nigeria	5.22	8.558	0.805	53.425	0.798	0.039
Nigeria	5.322	8.541	0.733	53.75	0.826	0.12
Nigeria	5.252	8.535	0.741	54.075	0.79	-0.015
Nigeria	4.266	8.532	0.735	54.4	0.746	0.019
Nigeria	5.503	8.49	0.739	54.725	0.713	0.094
Nigeria	4.479	8.502	0.742	55.05	0.726	0.047
Nigeria	5.294	8.51	0.785	55.375	0.776	0.172
Nigeria	4.869	8.514	0.781	55.7	0.72	0.209
North Macedonia	4.494	9.434	0.811	64.66	0.439	0.073
North Macedonia	4.428	9.481	0.734	64.82	0.552	-0.049
North Macedonia	4.18	9.512	0.687	64.9	0.513	-0.065
North Macedonia	4.898	9.533	0.784	64.98	0.607	-0.094
North Macedonia	4.64	9.527	0.798	65.06	0.613	-0.091
North Macedonia	5.186	9.555	0.832	65.14	0.641	0.018
North Macedonia	5.204	9.589	0.793	65.22	0.645	0.028
North Macedonia	4.976	9.625	0.766	65.3	0.66	-0.053
North Macedonia	5.346	9.652	0.871	65.5	0.706	0.073
North Macedonia	5.234	9.662	0.8	65.7	0.752	-0.065
North Macedonia	5.24	9.689	0.849	65.9	0.745	-0.048
North Macedonia	5.015	9.728	0.815	66.1	0.725	0.018
North Macedonia	5.054	9.666	0.75	66.3	0.787	0.127
North Macedonia	5.535	9.724	0.809	66.5	0.793	0.188
North Macedonia	5.167	9.749	0.85	66.7	0.723	0.068
North Macedonia	5.403	9.776	0.883	66.9	0.738	0.123
Norway	7.416	11.056	0.959	69.4	0.96	0.101
Norway	7.632	11.066	0.936	69.8	0.947	0.01
Norway	7.678	11.041	0.948	70.6	0.947	0.139
Norway	7.444	11.048	0.941	71	0.956	0.173
Norway	7.603	11.057	0.947	71.2	0.948	0.249
Norway	7.596	11.06	0.96	71.25	0.954	0.125
Norway	7.579	11.076	0.95	71.3	0.953	0.228
Norway	7.444	11.077	0.966	71.35	0.96	0.086
Norway	7.442	11.082	0.942	71.4	0.954	0.103
Norway	7.29	11.063	0.956	71.45	0.965	0.068
Norway	7.362	11.096	0.948	71.5	0.936	0.166
Norway	7.295	11.119	0.927	71.55	0.939	0.182
Norway	7.249	11.125	0.952	71.6	0.938	0.219
Oman	6.853	10.539		62.34	0.916	0.008
Pakistan	5.225	8.252	0.591	53.2	0.63	
Pakistan	5.671	8.314	0.479	53.72	0.396	0.081
Pakistan	4.414	8.309	0.373	53.98	0.335	0.092
Pakistan	5.208	8.315	0.522	54.24	0.388	0.069
Pakistan	5.786	8.308	0.571	54.5	0.364	0.292
Pakistan	5.267	8.314	0.51	54.76	0.376	0.022
Pakistan	5.132	8.331	0.542	55.02	0.367	0.157
Pakistan	5.138	8.359	0.607	55.28	0.448	0.091
Pakistan	5.436	8.39	0.552	55.54	0.543	0.131
Pakistan	4.823	8.423	0.562	55.8	0.587	0.076
Pakistan	5.549	8.465	0.627	56.075	0.634	0.084
Pakistan	5.831	8.495	0.69	56.35	0.713	0.035
Pakistan	5.472	8.54	0.685	56.625	0.773	0.058
Pakistan	4.443	8.548	0.617	56.9	0.685	0.112
Pakistan	4.624	8.518	0.594	57.175	0.767	0.003
Pakistan	4.487	8.563	0.608	57.45	0.764	0.007
Pakistan	4.931	8.604	0.59	57.725	0.745	0
Pakistan	4.549	8.588	0.553	58	0.661	0.07
Panama	6.128	9.806	0.951	66.86	0.882	-0.056
Panama	6.894	9.901	0.937	67.02	0.64	0.074
Panama	6.931	9.977	0.922	67.18	0.707	0.051
Panama	7.034	9.971	0.905	67.34	0.721	0.006
Panama	7.321	10.01	0.928	67.5	0.755	-0.017
Panama	7.248	10.099	0.876	67.66	0.829	0
Panama	6.86	10.174	0.897	67.82	0.783	-0.011
Panama	6.866	10.224	0.896	67.98	0.811	0.01
Panama	6.631	10.256	0.873	68.14	0.894	-0.007
Panama	6.606	10.294	0.883	68.3	0.847	-0.016
Panama	6.118	10.325	0.882	68.4	0.884	-0.111
Panama	6.568	10.362	0.912	68.5	0.9	-0.178
Panama	6.281	10.382	0.904	68.6	0.861	-0.139
Panama	6.086	10.398	0.886	68.7	0.883	-0.208
Panama	6.553	10.323	0.899	68.9	0.811	-0.152
Panama	5.979	10.412	0.891	69	0.899	-0.128
Panama	6.543	10.455	0.887	69.1	0.852	-0.147
Paraguay	4.73	9.154	0.895	64.88	0.691	0.056
Paraguay	5.272	9.197	0.863	64.96	0.699	0.121
Paraguay	5.57	9.25	0.889	65.04	0.649	0.046
Paraguay	5.576	9.237	0.9	65.12	0.718	0.016
Paraguay	5.841	9.331	0.889	65.2	0.726	0.065
Paraguay	5.677	9.36	0.869	65.28	0.666	0.179
Paraguay	5.82	9.339	0.931	65.36	0.748	0.188
Paraguay	5.936	9.405	0.939	65.44	0.909	0.034
Paraguay	5.119	9.443	0.959	65.52	0.759	-0.013
Paraguay	5.56	9.458	0.914	65.6	0.806	-0.019
Paraguay	5.801	9.485	0.94	65.65	0.854	-0.082
Paraguay	5.713	9.518	0.902	65.7	0.891	-0.008
Paraguay	5.653	9.519	0.892	65.8	0.876	0.017
Paraguay	5.501	9.497	0.907	65.85	0.865	0.054
Paraguay	5.576	9.523	0.908	65.9	0.888	0.015
Paraguay	6.138	9.513	0.899	65.95	0.922	-0.014
Paraguay	6.214	9.549	0.889	66	0.902	-0.004
Peru	4.811	8.979	0.875	66.46	0.668	-0.076
Peru	5.214	9.054	0.756	66.72	0.638	-0.082
Peru	5.129	9.134	0.777	66.98	0.638	-0.072
Peru	5.519	9.138	0.799	67.24	0.638	-0.084
Peru	5.613	9.21	0.812	67.5	0.757	-0.066
Peru	5.892	9.263	0.756	67.76	0.773	-0.128
Peru	5.825	9.313	0.764	68.02	0.703	-0.084
Peru	5.783	9.361	0.797	68.28	0.703	-0.071
Peru	5.866	9.374	0.819	68.54	0.722	-0.141
Peru	5.577	9.394	0.798	68.8	0.802	-0.095
Peru	5.701	9.419	0.803	68.975	0.83	-0.139
Peru	5.711	9.429	0.83	69.15	0.827	-0.16
Peru	5.68	9.449	0.845	69.325	0.83	-0.184
Peru	5.999	9.452	0.809	69.5	0.815	-0.135
Peru	4.994	9.323	0.749	69.675	0.806	-0.094
Peru	5.694	9.436	0.819	69.85	0.812	-0.09
Peru	5.892	9.453	0.823	70.025	0.764	-0.18
Peru	5.936	9.459	0.787	70.2	0.757	-0.061
Philippines	4.67	8.562	0.795	61.36	0.828	0.058
Philippines	5.074	8.606	0.801	61.42	0.852	-0.027
Philippines	4.589	8.63	0.798	61.48	0.861	0.078
Philippines	4.88	8.626	0.775	61.54	0.874	-0.001
Philippines	4.942	8.679	0.805	61.6	0.893	0.028
Philippines	4.994	8.699	0.789	61.66	0.883	0.068
Philippines	5.002	8.748	0.813	61.72	0.914	0.048
Philippines	4.977	8.796	0.846	61.78	0.907	0.016
Philippines	5.313	8.842	0.813	61.84	0.902	-0.02
Philippines	5.547	8.887	0.854	61.9	0.912	-0.056
Philippines	5.431	8.938	0.821	61.925	0.908	-0.076
Philippines	5.594	8.987	0.851	61.95	0.926	-0.146
Philippines	5.869	9.032	0.846	61.975	0.918	-0.112
Philippines	6.268	9.075	0.845	62	0.91	-0.087
Philippines	5.08	8.958	0.781	62.025	0.932	-0.114
Philippines	5.965	8.999	0.778	62.05	0.905	-0.012
Philippines	5.995	9.057	0.819	62.075	0.952	-0.155
Philippines	6.184	9.102	0.796	62.1	0.932	-0.038
Poland	5.587	9.844	0.922	66.2	0.782	
Poland	5.886	9.973	0.913	66.56	0.772	-0.053
Poland	5.772	10.041	0.917	66.92	0.821	0.068
Poland	5.887	10.073	0.955	67.1	0.795	-0.003
Poland	5.646	10.122	0.905	67.28	0.868	-0.072
Poland	5.876	10.137	0.936	67.46	0.811	-0.032
Poland	5.746	10.146	0.912	67.64	0.776	-0.142
Poland	5.75	10.184	0.924	67.82	0.875	-0.069
Poland	6.007	10.228	0.893	68	0.793	-0.098
Poland	6.162	10.258	0.917	68.175	0.871	-0.096
Poland	6.201	10.308	0.882	68.35	0.831	-0.127
Poland	6.111	10.365	0.863	68.525	0.87	-0.26
Poland	6.242	10.409	0.878	68.7	0.883	-0.237
Poland	6.139	10.39	0.953	68.875	0.767	-0.014
Poland	5.978	10.461	0.936	69.05	0.732	0.122
Poland	6.666	10.513	0.886	69.225	0.8	-0.209
Poland	6.685	10.527	0.89	69.4	0.775	-0.232
Portugal	5.405	10.359	0.905	68.34	0.882	-0.184
Portugal	5.717	10.383	0.886	68.82	0.646	-0.223
Portugal	5.095	10.367	0.864	69.3	0.721	-0.112
Portugal	5.22	10.352	0.856	69.54	0.875	-0.179
Portugal	4.994	10.314	0.866	69.78	0.774	-0.103
Portugal	5.158	10.31	0.867	70.02	0.788	-0.124
Portugal	5.127	10.324	0.862	70.26	0.847	-0.132
Portugal	5.081	10.346	0.866	70.5	0.8	-0.169
Portugal	5.447	10.369	0.905	70.625	0.838	-0.231
Portugal	5.711	10.406	0.9	70.75	0.905	-0.182
Portugal	5.92	10.435	0.887	70.875	0.877	-0.267
Portugal	6.095	10.462	0.876	71	0.882	-0.24
Portugal	5.768	10.374	0.875	71.125	0.913	-0.244
Portugal	6.183	10.425	0.895	71.25	0.892	-0.211
Portugal	5.953	10.484	0.862	71.375	0.903	-0.139
Portugal	5.954	10.504	0.895	71.5	0.847	-0.176
Qatar	6.418	11.434	0.894	64.36	0.865	0.23
Qatar	6.85	11.551		64.7		0.095
Qatar	6.592	11.625	0.857	65.04	0.905	0
Qatar	6.611	11.617	0.838	65.38	0.924	0.149
Qatar	6.375	11.532		66.4		
Romania	5.049	9.733	0.838	64.5	0.8	
Romania	5.394	9.901	0.736	64.86	0.686	-0.194
Romania	5.368	9.958	0.812	65.22	0.606	-0.203
Romania	4.909	9.924	0.689	65.4	0.566	-0.091
Romania	5.023	9.973	0.753	65.58	0.65	-0.148
Romania	5.167	9.997	0.74	65.76	0.645	-0.12
Romania	5.082	10.003	0.778	65.94	0.655	-0.135
Romania	5.727	10.047	0.753	66.12	0.754	-0.107
Romania	5.777	10.083	0.787	66.3	0.796	-0.147
Romania	5.969	10.117	0.809	66.425	0.822	-0.12
Romania	6.09	10.201	0.811	66.55	0.839	-0.165
Romania	6.151	10.266	0.818	66.675	0.845	-0.224
Romania	6.13	10.309	0.842	66.8	0.848	-0.228
Romania	6.785	10.277	0.869	66.925	0.863	-0.161
Romania	6.549	10.341	0.835	67.05	0.871	-0.187
Romania	6.437	10.396	0.83	67.175	0.836	-0.173
Romania	6.489	10.431	0.826	67.3	0.849	-0.202
Russia	4.964	9.988	0.895	58.74	0.643	-0.312
Russia	5.223	10.071	0.885	59.18	0.593	-0.289
Russia	5.619	10.122	0.882	59.62	0.643	-0.311
Russia	5.158	10.041	0.908	60.06	0.617	-0.289
Russia	5.385	10.084	0.909	60.5	0.613	-0.302
Russia	5.389	10.126	0.883	60.94	0.626	-0.284
Russia	5.621	10.163	0.901	61.38	0.609	-0.298
Russia	5.537	10.179	0.881	61.82	0.661	-0.295
Russia	6.037	10.168	0.932	62.26	0.744	-0.27
Russia	5.996	10.146	0.924	62.7	0.685	-0.177
Russia	5.855	10.146	0.911	63.075	0.714	-0.187
Russia	5.579	10.163	0.896	63.45	0.731	-0.151
Russia	5.514	10.191	0.909	63.825	0.729	-0.153
Russia	5.441	10.213	0.91	64.2	0.715	-0.122
Russia	5.495	10.188	0.887	64.575	0.714	-0.078
Russia	5.448	10.247	0.862	64.95	0.671	0.053
Russia	6.044	10.225	0.92	65.325	0.776	-0.074
Russia	5.865	10.209	0.854	65.7	0.75	0.056
Rwanda	4.215	7.087	0.718	53.5	0.915	
Rwanda	4.363	7.213	0.486	54.7	0.752	0.014
Rwanda	4.03	7.247	0.559	55.3	0.766	-0.004
Rwanda	4.097	7.343	0.57	56.5	0.829	-0.042
Rwanda	3.333	7.401	0.637	57.1	0.835	-0.015
Rwanda	3.466	7.423	0.75	57.7	0.904	-0.031
Rwanda	3.596	7.459	0.748	58.3	0.894	-0.026
Rwanda	3.483	7.52	0.678	58.9	0.908	0.022
Rwanda	3.333	7.554	0.665	59.225	0.911	0.022
Rwanda	3.108	7.568	0.517	59.55	0.908	0.048
Rwanda	3.561	7.625	0.616	59.875	0.924	0.053
Rwanda	3.268	7.692	0.489	60.2	0.869	0.06
Saudi Arabia	7.08	10.679	0.868	61.2		
Saudi Arabia	7.267	10.646	0.892	61.6	0.622	0.002
Saudi Arabia	6.811	10.668	0.823	61.8	0.532	-0.024
Saudi Arabia	6.148	10.61	0.921	62	0.639	-0.111
Saudi Arabia	6.307	10.627	0.88	62.2	0.678	-0.034
Saudi Arabia	6.7	10.706	0.83	62.4	0.603	-0.144
Saudi Arabia	6.396	10.737	0.867	62.6	0.56	-0.123
Saudi Arabia	6.495	10.744	0.827	62.8	0.661	-0.085
Saudi Arabia	6.278	10.763	0.818	63	0.762	-0.077
Saudi Arabia	6.345	10.79	0.82	63.2	0.82	-0.05
Saudi Arabia	6.474	10.793	0.89	63.4	0.774	-0.138
Saudi Arabia	6.294	10.77	0.84	63.6	0.814	-0.138
Saudi Arabia	6.356	10.773	0.868	63.8	0.855	-0.198
Saudi Arabia	6.561	10.758	0.912	64	0.891	-0.153
Saudi Arabia	6.56	10.709	0.89	64.2	0.884	-0.117
Saudi Arabia	6.445	10.749	0.859	64.4	0.902	-0.108
Saudi Arabia	6.382	10.82	0.9	64.6		-0.032
Saudi Arabia	6.953	10.829	0.884	64.8		0.028
Senegal	4.417	7.93	0.76	55.5	0.736	-0.059
Senegal	4.68	7.931	0.718	55.8	0.698	-0.009
Senegal	4.683	7.941	0.756	56.1	0.612	-0.037
Senegal	4.335	7.942	0.81	56.4	0.557	-0.044
Senegal	4.372	7.948	0.76	56.7	0.777	-0.085
Senegal	3.834	7.934	0.602	57	0.641	-0.168
Senegal	3.669	7.946	0.711	57.3	0.668	-0.042
Senegal	3.647	7.943	0.823	57.6	0.636	-0.058
Senegal	4.395	7.976	0.856	57.9	0.692	-0.052
Senegal	4.617	8.01	0.702	58.2	0.72	-0.117
Senegal	4.595	8.045	0.839	58.5	0.744	-0.092
Senegal	4.683	8.089	0.744	58.8	0.687	-0.05
Senegal	4.769	8.122	0.739	59.1	0.629	-0.08
Senegal	5.489	8.14	0.688	59.4	0.759	-0.025
Senegal	4.757	8.127	0.621	59.7	0.797	-0.052
Senegal	4.903	8.164	0.645	60	0.759	0.026
Senegal	4.907	8.179	0.609	60.3	0.758	0.049
Senegal	5.093	8.2	0.668	60.6	0.798	0.048
Serbia	4.75	9.536	0.844	65.28	0.453	-0.171
Serbia	4.38	9.571	0.77	65.56	0.373	-0.184
Serbia	4.461	9.583	0.726	65.7	0.463	-0.176
Serbia	4.815	9.611	0.773	65.84	0.44	-0.191
Serbia	5.155	9.609	0.819	65.98	0.461	-0.136
Serbia	5.102	9.642	0.828	66.12	0.533	-0.106
Serbia	5.113	9.631	0.783	66.26	0.532	0.066
Serbia	5.318	9.654	0.816	66.4	0.546	-0.068
Serbia	5.753	9.692	0.895	66.525	0.614	-0.074
Serbia	5.122	9.718	0.884	66.65	0.685	-0.084
Serbia	5.936	9.767	0.853	66.775	0.74	-0.106
Serbia	6.241	9.815	0.903	66.9	0.753	-0.046
Serbia	6.042	9.813	0.852	67.025	0.843	0.142
Serbia	6.245	9.895	0.89	67.15	0.85	0.261
Serbia	6.546	9.928	0.896	67.275	0.782	0.074
Serbia	6.441	9.961	0.895	67.4	0.807	0.085
Sierra Leone	3.628	7.122	0.561	46.28	0.679	0.097
Sierra Leone	3.585	7.177	0.686	46.66	0.72	0.243
Sierra Leone	2.997	7.205	0.591	47.04	0.716	0.144
Sierra Leone	4.134	7.245	0.812	47.8	0.726	0.008
Sierra Leone	4.502	7.277	0.782	48.18	0.77	0.001
Sierra Leone	4.514	7.557	0.708	48.94	0.72	-0.075
Sierra Leone	4.5	7.577	0.869	49.32	0.681	0.03
Sierra Leone	4.909	7.324	0.611	49.7	0.624	0.047
Sierra Leone	4.733	7.361	0.657	50.5	0.681	0.103
Sierra Leone	4.09	7.374	0.652	51.3	0.711	0.076
Sierra Leone	4.306	7.384	0.65	52.1	0.716	0.093
Sierra Leone	3.447	7.412	0.611	52.9	0.718	0.072
Sierra Leone	3.714	7.387	0.609	54.5	0.659	0.106
Sierra Leone	2.56	7.4	0.502	55.3	0.66	0.097
Sierra Leone	3.467	7.412	0.601	56.1	0.694	0.101
Singapore	6.463	11.168	0.904	71.58	0.757	0.132
Singapore	6.834	11.213	0.921	71.76	0.867	0.287
Singapore	6.642	11.178	0.845	71.94	0.661	0.04
Singapore	6.145	11.149	0.866	72.12	0.776	-0.081
Singapore	6.531	11.267	0.864	72.3	0.846	-0.024
Singapore	6.561	11.306	0.904	72.48	0.822	-0.155
Singapore	6.533	11.356	0.808	72.84	0.827	0.109
Singapore	7.062	11.382	0.822	73.02	0.835	0.148
Singapore	6.62	11.399	0.866	73.2	0.887	0.144
Singapore	6.033	11.422	0.925	73.3	0.904	0.137
Singapore	6.378	11.465	0.897	73.4	0.926	0.129
Singapore	6.375	11.496	0.903	73.5	0.916	-0.073
Singapore	6.378	11.497	0.925	73.6	0.938	0.02
Singapore	6.587	11.587	0.876	73.8	0.879	0.06
Singapore	6.333	11.59	0.852	73.9	0.873	0.088
Singapore	6.654		0.916	74	0.861	
Slovakia	5.265	9.989	0.954	65.62	0.542	-0.054
Slovakia	6.052	10.152	0.92	66.5	0.636	-0.106
Slovakia	5.945	10.177	0.917	66.72	0.727	0.006
Slovakia	5.911	10.188	0.926	66.94	0.62	-0.032
Slovakia	5.937	10.193	0.909	67.16	0.598	-0.055
Slovakia	6.139	10.219	0.924	67.38	0.635	-0.13
Slovakia	6.162	10.268	0.943	67.6	0.587	-0.132
Slovakia	5.993	10.286	0.945	67.825	0.7	-0.065
Slovakia	6.366	10.314	0.913	68.05	0.714	-0.059
Slovakia	6.235	10.352	0.922	68.275	0.758	-0.172
Slovakia	6.243	10.375	0.933	68.5	0.771	-0.133
Slovakia	6.519	10.34	0.954	68.725	0.762	-0.081
Slovakia	6.419	10.39	0.951	68.95	0.742	0.042
Slovakia	6.091	10.409	0.961	69.175	0.732	-0.129
Slovakia	6.261	10.425	0.941	69.4	0.753	-0.136
Slovenia	5.811	10.399	0.936	68.56	0.936	0.037
Slovenia	5.83	10.406	0.919	69.04	0.896	-0.025
Slovenia	6.083	10.415	0.917	69.2	0.896	0.024
Slovenia	6.036	10.421	0.931	69.36	0.907	-0.031
Slovenia	6.063	10.392	0.925	69.52	0.904	-0.025
Slovenia	5.975	10.381	0.932	69.68	0.89	0.03
Slovenia	5.678	10.407	0.908	69.84	0.888	0.047
Slovenia	5.741	10.428	0.901	70	0.896	0.002
Slovenia	5.937	10.459	0.934	70.175	0.904	-0.06
Slovenia	6.167	10.505	0.928	70.35	0.921	-0.031
Slovenia	6.249	10.545	0.941	70.525	0.942	-0.125
Slovenia	6.665	10.572	0.949	70.7	0.945	-0.108
Slovenia	6.462	10.521	0.953	70.875	0.958	-0.09
Slovenia	6.761	10.598	0.955	71.05	0.851	0.026
Slovenia	6.723	10.65	0.942	71.225	0.93	0.099
Slovenia	6.746	10.664	0.911	71.4	0.931	0.031
Somalia	5.528	6.83	0.611	47.66	0.874	0.02
Somalia	5.354	6.937	0.599	48.1	0.968	0.016
Somalia	4.668	6.981	0.594	48.5	0.917	0.069
Somaliland region	4.991		0.88		0.746	
Somaliland region	4.657		0.829		0.82	
Somaliland region	4.931		0.788		0.858	
Somaliland region	5.057		0.786		0.758	
South Africa	5.084	9.455	0.913	46	0.649	-0.094
South Africa	5.204	9.497	0.788	46.9	0.69	-0.169
South Africa	5.346	9.518	0.81	47.8	0.749	-0.106
South Africa	5.218	9.49	0.877	48.7	0.739	-0.165
South Africa	4.652	9.508	0.917	49.6	0.739	-0.213
South Africa	4.931	9.527	0.858	50.5	0.835	-0.166
South Africa	5.134	9.537	0.907	51.4	0.59	-0.175
South Africa	3.661	9.548	0.839	52.3	0.714	-0.089
South Africa	4.828	9.546	0.881	53.2	0.794	-0.128
South Africa	4.887	9.539	0.898	54.1	0.862	-0.138
South Africa	4.77	9.536	0.875	54.625	0.774	-0.082
South Africa	4.514	9.543	0.87	55.15	0.787	-0.141
South Africa	4.884	9.546	0.841	55.675	0.753	-0.063
South Africa	5.035	9.536	0.848	56.2	0.738	-0.147
South Africa	4.947	9.458	0.891	56.725	0.757	-0.03
South Africa	5.599	9.496	0.922	57.25	0.704	-0.148
South Africa	5.581	9.508	0.887	57.775	0.713	-0.071
South Africa	5.076	9.503	0.839	58.3	0.748	-0.109
South Korea	5.332	10.309	0.775	70.02	0.715	-0.058
South Korea	5.767	10.36	0.827	70.24	0.656	-0.065
South Korea	5.39	10.382	0.754	70.46	0.524	-0.108
South Korea	5.648	10.385	0.811	70.68	0.6	-0.102
South Korea	6.116	10.446	0.816	70.9	0.677	-0.039
South Korea	6.947	10.474	0.809	71.12	0.682	-0.054
South Korea	6.003	10.493	0.775	71.34	0.618	
South Korea	5.959	10.519	0.797	71.56	0.642	-0.056
South Korea	5.801	10.544	0.738	71.78	0.623	-0.049
South Korea	5.78	10.567	0.768	72	0.616	-0.041
South Korea	5.971	10.592	0.811	72.275	0.591	0.02
South Korea	5.874	10.62	0.807	72.55	0.538	0.008
South Korea	5.84	10.645	0.798	72.825	0.6	-0.095
South Korea	5.903	10.663	0.783	73.1	0.706	-0.061
South Korea	5.793	10.655	0.808	73.375	0.711	-0.112
South Korea	6.113	10.697	0.811	73.65	0.717	-0.033
South Korea	5.95	10.725	0.81	73.925	0.723	0.002
South Korea	6.112	10.742	0.799	74.2	0.762	-0.004
South Sudan	3.832		0.545	52.88	0.567	
South Sudan	4.071		0.585	53	0.512	
South Sudan	2.888		0.532	53.175	0.44	
South Sudan	2.817		0.557	53.35	0.456	
Spain	7.153	10.544	0.961	70.4	0.916	
Spain	6.995	10.585	0.957	70.64	0.782	-0.099
Spain	7.294	10.577	0.948	70.76	0.834	-0.155
Spain	6.199	10.53	0.929	70.88	0.749	-0.133
Spain	6.188	10.527	0.95	71	0.796	-0.144
Spain	6.518	10.516	0.944	71.12	0.819	-0.128
Spain	6.291	10.485	0.937	71.24	0.755	-0.065
Spain	6.15	10.474	0.929	71.36	0.759	-0.107
Spain	6.456	10.491	0.948	71.48	0.738	-0.034
Spain	6.381	10.529	0.956	71.6	0.732	-0.078
Spain	6.319	10.558	0.942	71.725	0.768	-0.054
Spain	6.23	10.585	0.903	71.85	0.756	-0.038
Spain	6.513	10.604	0.91	71.975	0.722	-0.081
Spain	6.457	10.616	0.949	72.1	0.778	-0.054
Spain	6.502	10.491	0.935	72.225	0.783	-0.127
Spain	6.47	10.544	0.926	72.35	0.782	-0.076
Spain	6.337	10.592	0.934	72.475	0.781	-0.001
Spain	6.456	10.609	0.912	72.6	0.779	-0.004
Sri Lanka	4.345	8.937	0.864	62.28	0.724	0.055
Sri Lanka	4.415	8.992	0.838	62.76	0.736	0.103
Sri Lanka	4.431	9.04	0.816	63.24	0.834	0.156
Sri Lanka	4.212	9.065	0.83	63.72	0.799	0.299
Sri Lanka	3.977	9.133	0.814	64.2	0.738	0.252
Sri Lanka	4.181	9.207	0.842	64.68	0.823	0.138
Sri Lanka	4.225	9.282	0.824	65.16	0.8	0.155
Sri Lanka	4.365	9.316	0.809	65.64	0.834	0.262
Sri Lanka	4.268	9.373	0.805	66.12	0.868	0.291
Sri Lanka	4.612	9.41	0.863	66.6	0.902	0.312
Sri Lanka	4.331	9.514	0.823	66.8	0.827	0.083
Sri Lanka	4.435	9.529	0.833	66.9	0.859	0.096
Sri Lanka	4.213	9.521	0.815	67	0.824	0.043
Sri Lanka	4.778	9.468	0.842	67.1	0.803	-0.05
Sri Lanka	4.103	9.492	0.812	67.2	0.771	-0.013
Sri Lanka	3.985	9.409	0.825	67.3	0.74	0.038
Sri Lanka	3.602	9.364	0.79	67.4	0.754	0.05
State of Palestine	4.716	8.201	0.818		0.547	
State of Palestine	4.151	8.181	0.712		0.365	-0.083
State of Palestine	4.386	8.275	0.666		0.358	-0.075
State of Palestine	4.47	8.337	0.738		0.468	-0.091
State of Palestine	4.703	8.363	0.822		0.504	-0.121
State of Palestine	4.751	8.452	0.751		0.522	-0.131
State of Palestine	4.647	8.598	0.782		0.542	-0.163
State of Palestine	4.844	8.595	0.761		0.454	-0.163
State of Palestine	4.722	8.618	0.775		0.657	-0.163
State of Palestine	4.695	8.683	0.766		0.556	-0.173
State of Palestine	4.907	8.738	0.818		0.608	-0.151
State of Palestine	4.628	8.734	0.824		0.632	-0.186
State of Palestine	4.554	8.718	0.819		0.655	-0.163
State of Palestine	4.483	8.716	0.833		0.653	-0.135
State of Palestine	4.908		0.86		0.695	
State of Palestine	4.851		0.831		0.708	
Sudan	4.455	8.457	0.911	57.46	0.71	0.046
Sudan	4.435	8.465	0.855	57.7	0.648	-0.073
Sudan	4.314	8.527	0.818	57.94	0.583	-0.053
Sudan	4.55	8.458	0.813	58.18	0.412	-0.072
Sudan	4.139	8.471	0.811	58.66	0.39	-0.08
Suriname	6.269	9.874	0.797	62.84	0.885	-0.088
Sweden	7.376	10.724	0.951	71	0.964	
Sweden	7.241	10.791	0.917	71.08	0.91	0.141
Sweden	7.516	10.778	0.923	71.12	0.912	0.12
Sweden	7.266	10.725	0.903	71.16	0.864	0.216
Sweden	7.496	10.775	0.97	71.2	0.905	0.136
Sweden	7.382	10.799	0.921	71.24	0.941	0.156
Sweden	7.56	10.785	0.929	71.28	0.944	0.127
Sweden	7.434	10.789	0.916	71.32	0.936	0.154
Sweden	7.239	10.805	0.933	71.36	0.945	0.197
Sweden	7.289	10.838	0.929	71.4	0.935	0.206
Sweden	7.369	10.846	0.912	71.525	0.918	0.141
Sweden	7.287	10.858	0.914	71.65	0.935	0.165
Sweden	7.375	10.866	0.931	71.775	0.942	0.072
Sweden	7.398	10.875	0.934	71.9	0.942	0.085
Sweden	7.314	10.846	0.936	72.025	0.951	0.084
Sweden	7.439	10.893	0.932	72.15	0.953	0.172
Sweden	7.431	10.912	0.949	72.275	0.939	0.232
Sweden	7.161	10.902	0.927	72.4	0.926	0.147
Switzerland	7.473	11.056	0.951	71.16	0.919	0.284
Switzerland	7.525	11.065	0.938	71.34	0.891	0.118
Switzerland	7.776	11.094	0.947	71.52	0.945	0.131
Switzerland	7.493	11.111	0.959	71.64	0.949	0.053
Switzerland	7.572	11.116	0.938	71.7	0.928	0.102
Switzerland	7.459	11.126	0.928	71.9	0.934	0.081
Switzerland	7.474	11.13	0.95	72.1	0.925	0.173
Switzerland	7.509	11.151	0.93	72.3	0.926	0.094
Switzerland	7.694	11.155	0.949	72.5	0.913	0.029
Switzerland	7.508	11.124	0.946	72.7	0.917	-0.073
Switzerland	7.328	11.158	0.934	72.9	0.908	0.024
Switzerland	6.884	11.17	0.881	73.1	0.848	0.128
Switzerland	6.969	11.169	0.904	73.3	0.891	0.104
Syria	5.323	8.658	0.712	68.62	0.661	0.116
Syria	4.979	8.656	0.842	66.86	0.748	0.076
Syria	4.465	8.733	0.934	65.1	0.647	0.002
Syria	4.038	8.735	0.576	63.34	0.53	0.125
Syria	3.164	8.578	0.588	61.58	0.467	0.31
Syria	2.688	8.419	0.585	59.82	0.455	0.219
Syria	3.462	8.492	0.464	56.3	0.448	0.036
Taiwan Province of China	6.189	10.602	0.882	68.68	0.63	-0.035
Taiwan Province of China	5.548	10.6	0.83	69.14	0.642	-0.022
Taiwan Province of China	6.229	10.681	0.831	69.6	0.677	-0.001
Taiwan Province of China	6.309	10.693	0.863		0.761	0.03
Taiwan Province of China	6.126	10.718	0.825		0.698	0.016
Taiwan Province of China	6.34	10.724	0.817		0.69	-0.003
Taiwan Province of China	6.363	10.749	0.87		0.693	0.089
Taiwan Province of China	6.45	10.779	0.885		0.701	0.017
Taiwan Province of China	6.513	10.768	0.895		0.719	-0.049
Taiwan Province of China	6.359	10.774	0.891		0.76	-0.07
Taiwan Province of China	6.467	10.781	0.896		0.741	-0.179
Taiwan Province of China	6.537	10.797	0.893		0.814	-0.131
Taiwan Province of China	6.751		0.901		0.799	
Taiwan Province of China	6.247		0.866		0.818	
Taiwan Province of China	6.607		0.883		0.8	
Taiwan Province of China	6.655		0.872		0.795	
Tajikistan	4.613	7.591	0.724	60.5	0.702	-0.096
Tajikistan	4.432	7.648	0.727	60.6	0.818	-0.007
Tajikistan	5.064	7.705	0.701	60.7	0.816	0.01
Tajikistan	4.575	7.724	0.676	60.8	0.744	-0.007
Tajikistan	4.381	7.766	0.759	60.9	0.784	0.054
Tajikistan	4.263	7.817	0.751	61	0.776	-0.127
Tajikistan	4.497	7.867	0.729	61.1	0.749	-0.081
Tajikistan	4.967	7.916	0.701	61.2	0.693	0.055
Tajikistan	4.896	7.958	0.81	61.3	0.853	-0.007
Tajikistan	5.124	7.993	0.844	61.4	0.847	0.013
Tajikistan	5.104	8.036	0.857	61.55	0.703	0.001
Tajikistan	5.829	8.082	0.663	61.7	0.832	0.116
Tajikistan	5.497	8.133	0.875	61.85		-0.074
Tajikistan	5.464	8.182	0.88	62		-0.054
Tajikistan	5.373	8.203	0.79	62.15		-0.054
Tajikistan	5.287	8.271	0.883	62.3		-0.071
Tajikistan	5.176	8.328	0.865	62.45		-0.003
Tajikistan	5.379	8.371	0.871	62.6		-0.054
Tanzania	3.922	7.459	0.783	50.76	0.787	-0.03
Tanzania	4.318	7.497	0.708	51.42	0.716	-0.016
Tanzania	4.385	7.525	0.774	52.08	0.562	0.253
Tanzania	3.408	7.551	0.837	52.74	0.607	0.305
Tanzania	3.229	7.587	0.813	53.4	0.597	0.135
Tanzania	4.074	7.632	0.883	54.06	0.736	-0.05
Tanzania	4.007	7.647	0.832	54.72	0.577	0.209
Tanzania	3.852	7.683	0.803	55.38	0.654	0.051
Tanzania	3.483	7.717	0.789	56.04	0.654	0.107
Tanzania	3.661	7.743	0.79	56.7	0.759	0.145
Tanzania	2.903	7.775	0.638	57.15	0.775	0.175
Tanzania	3.347	7.807	0.705	57.6	0.8	0.112
Tanzania	3.445	7.828	0.675	58.05	0.807	0.15
Tanzania	3.64	7.855	0.687	58.5	0.85	0.097
Tanzania	3.786	7.844	0.74	58.95	0.83	0.293
Tanzania	3.681	7.857	0.619	59.4	0.822	0.11
Tanzania	3.616	7.872	0.6	59.85	0.856	0.133
Tanzania	4.042	7.893	0.663	60.3	0.862	0.122
Thailand	5.885	9.452	0.894	66.38	0.863	0.326
Thailand	5.784	9.498	0.889	66.56	0.87	0.386
Thailand	5.636	9.507	0.832	66.74	0.868	0.421
Thailand	5.476	9.493	0.893	66.92	0.868	0.52
Thailand	6.217	9.559	0.898	67.1	0.86	0.532
Thailand	6.664	9.561	0.884	67.28	0.927	0.396
Thailand	6.3	9.624	0.906	67.46	0.847	0.376
Thailand	6.231	9.645	0.926	67.64	0.781	0.452
Thailand	6.985	9.649	0.933	67.82	0.9	0.548
Thailand	6.202	9.675	0.866	68	0.885	0.312
Thailand	6.074	9.705	0.908	68.075	0.924	0.352
Thailand	5.939	9.741	0.877	68.15	0.923	0.208
Thailand	6.012	9.78	0.873	68.225	0.905	0.255
Thailand	6.022	9.798	0.903	68.3	0.898	0.305
Thailand	5.885	9.733	0.867	68.375	0.84	0.27
Thailand	5.638	9.746	0.883	68.45	0.836	0.29
Thailand	6.007	9.77	0.867	68.525	0.881	0.299
Thailand	6.282	9.807	0.873	68.6	0.926	0.338
Togo	3.202	7.342	0.435	50.24	0.628	-0.03
Togo	2.808	7.312	0.291	51.12	0.287	-0.078
Togo	2.936	7.406	0.303	52.44	0.584	-0.093
Togo	2.839	7.509	0.444	53.76	0.663	-0.108
Togo	3.768	7.54	0.479	54.2	0.772	-0.092
Togo	3.879	7.569	0.509	54.7	0.73	-0.031
Togo	4.361	7.587	0.508	55.2	0.717	-0.066
Togo	4.023	7.613	0.596	55.7	0.612	-0.031
Togo	4.179	7.637	0.539	56.2	0.617	0.041
Togo	4.037	7.667	0.603	57.2	0.619	0.037
Togo	4.239	7.7	0.579	57.7	0.696	0.002
Togo	4.365	7.725	0.547	58.2	0.665	-0.071
Trinidad and Tobago	5.832	10.172	0.887	61.78	0.84	0.139
Trinidad and Tobago	6.696	10.24	0.858	62.54	0.838	0.085
Trinidad and Tobago	6.519	10.206	0.863	63.68	0.775	0.076
Trinidad and Tobago	6.168	10.293	0.883	64.44	0.847	0.121
Trinidad and Tobago	6.192	10.174	0.916	65.7	0.859	0.01
Tunisia	5.025	9.238		66.22	0.781	-0.127
Tunisia	5.131	9.257	0.863	66.3	0.624	-0.143
Tunisia	4.876	9.224	0.715	66.38	0.603	-0.207
Tunisia	4.464	9.252	0.614	66.46	0.568	-0.184
Tunisia	5.246	9.265	0.648	66.54	0.536	-0.214
Tunisia	4.764	9.284	0.68	66.62	0.589	-0.239
Tunisia	5.132	9.283	0.609	66.7	0.711	-0.233
Tunisia	4.521	9.283	0.702	66.75	0.614	-0.172
Tunisia	4.124	9.294	0.717	66.8	0.478	-0.226
Tunisia	4.741	9.31	0.733	66.85	0.65	-0.199
Tunisia	4.315	9.316	0.61	66.9	0.659	-0.217
Tunisia	4.731	9.214	0.719	66.95	0.668	-0.206
Tunisia	4.499	9.249	0.711	67	0.591	-0.206
Tunisia	4.261	9.267	0.755	67.05	0.474	-0.233
Tunisia	4.505	9.282	0.702	67.1	0.482	-0.226
Turkmenistan	6.568	8.955	0.924	59.78		-0.105
Turkmenistan	5.792	9.146	0.964	60.42		0.015
Turkmenistan	5.464	9.233	0.946	60.74	0.786	-0.126
Turkmenistan	5.392	9.312	0.846	61.06	0.705	-0.075
Turkmenistan	5.787	9.392	0.909	61.38	0.805	0.029
Turkmenistan	5.791	9.437	0.96	61.7	0.701	0.09
Turkmenistan	5.887	9.479	0.929	61.8	0.749	0.002
Turkmenistan	5.229	9.525	0.908	61.9	0.72	0.063
Turkmenistan	4.621	9.569	0.984	62	0.858	0.257
Turkmenistan	5.474	9.615	0.982	62.1	0.892	0.282
T?rkiye	4.719	9.8	0.82	66.1	0.623	
T?rkiye	5.623	9.891	0.792	66.42	0.459	-0.183
T?rkiye	5.118	9.887	0.645	66.58	0.415	-0.194
T?rkiye	5.213	9.825	0.755	66.74	0.456	-0.232
T?rkiye	5.49	9.893	0.795	66.9	0.515	-0.192
T?rkiye	5.272	9.986	0.692	67.06	0.446	-0.247
T?rkiye	5.309	10.018	0.739	67.22	0.471	-0.221
T?rkiye	4.888	10.082	0.795	67.38	0.541	-0.235
T?rkiye	5.58	10.111	0.863	67.54	0.649	-0.029
T?rkiye	5.514	10.15	0.851	67.7	0.653	-0.021
T?rkiye	5.326	10.166	0.88	67.875	0.644	-0.07
T?rkiye	5.607	10.225	0.876	68.05	0.644	-0.242
T?rkiye	5.186	10.246	0.847	68.225	0.529	-0.181
T?rkiye	4.872	10.245	0.792	68.4	0.631	-0.141
T?rkiye	4.862	10.257	0.857	68.575	0.51	-0.119
T?rkiye	4.367	10.357	0.736	68.75	0.447	-0.039
T?rkiye	5.093	10.404	0.83	68.925	0.47	-0.195
T?rkiye	5.463	10.429	0.86	69.1	0.523	-0.159
Uganda	3.734	7.37	0.76	48.74	0.747	-0.046
Uganda	4.456	7.422	0.845	49.58	0.708	-0.006
Uganda	4.569	7.476	0.813	50.42	0.578	-0.06
Uganda	4.612	7.513	0.852	51.26	0.76	-0.043
Uganda	4.193	7.538	0.83	52.1	0.801	-0.02
Uganda	4.826	7.599	0.882	52.94	0.733	0.026
Uganda	4.309	7.608	0.885	53.78	0.649	0.075
Uganda	3.71	7.614	0.878	54.62	0.763	0.046
Uganda	3.77	7.634	0.821	55.46	0.834	0.003
Uganda	4.238	7.654	0.747	56.3	0.758	0.128
Uganda	4.233	7.667	0.754	56.775	0.739	0.125
Uganda	4.001	7.663	0.74	57.25	0.772	0.053
Uganda	4.322	7.69	0.74	57.725	0.729	0.072
Uganda	4.948	7.719	0.805	58.2	0.704	0.132
Uganda	4.641	7.714	0.8	58.675	0.687	0.14
Uganda	4.225	7.717	0.793	59.15	0.711	0.081
Uganda	4.425	7.733	0.781	59.625	0.72	0.135
Uganda	4.467	7.759	0.827	60.1	0.848	0.067
Ukraine	4.804	9.414	0.852	60.92	0.624	-0.265
Ukraine	5.252	9.499	0.82	61.24	0.494	-0.249
Ukraine	5.172	9.527	0.86	61.56	0.487	-0.273
Ukraine	5.166	9.367	0.845	61.88	0.46	-0.249
Ukraine	5.058	9.411	0.884	62.2	0.484	-0.197
Ukraine	5.083	9.468	0.859	62.52	0.579	-0.236
Ukraine	5.03	9.472	0.898	62.84	0.564	-0.231
Ukraine	4.711	9.474	0.897	63.16	0.569	-0.225
Ukraine	4.297	9.424	0.877	63.48	0.533	0.078
Ukraine	3.965	9.325	0.909	63.8	0.431	-0.039
Ukraine	4.029	9.353	0.885	63.925	0.503	0.005
Ukraine	4.311	9.381	0.858	64.05	0.599	-0.008
Ukraine	4.662	9.42	0.901	64.175	0.663	-0.08
Ukraine	4.702	9.458	0.883	64.3	0.715	-0.087
Ukraine	5.27	9.426	0.885	64.425	0.784	0.121
Ukraine	5.311	9.469	0.879	64.55	0.77	0.166
Ukraine	4.637	9.281	0.863	64.675	0.829	0.408
Ukraine	4.672	9.423	0.839	64.8	0.772	0.37
United Arab Emirates	6.734	11.433	0.903	64.86	0.898	-0.043
United Arab Emirates	6.866	10.952	0.885	65.04	0.849	0.015
United Arab Emirates	7.097	10.909	0.912	65.1	0.878	0.051
United Arab Emirates	7.119	10.965	0.881	65.16	0.889	0.063
United Arab Emirates	7.218	11.001	0.856	65.22	0.92	
United Arab Emirates	6.621	11.041	0.864	65.28	0.936	
United Arab Emirates	6.54	11.072		65.34		
United Arab Emirates	6.568	11.128	0.824	65.4	0.915	0.192
United Arab Emirates	6.831	11.174	0.849	65.55	0.949	0.12
United Arab Emirates	7.039	11.173	0.836	65.7	0.962	0.206
United Arab Emirates	6.604	11.178	0.851	65.85	0.944	0.043
United Arab Emirates	6.711	11.181	0.862	66	0.911	0.118
United Arab Emirates	6.458	11.122	0.827	66.15	0.942	0.049
United Arab Emirates	6.733	11.152	0.826	66.3	0.951	0.15
United Arab Emirates	6.738	11.216	0.798	66.45	0.932	0.168
United Arab Emirates	6.728	11.236	0.776	66.6	0.886	0.155
United Kingdom	6.984	10.661	0.979	69.1	0.922	
United Kingdom	6.802	10.693	0.97	69.22	0.838	0.331
United Kingdom	6.986	10.684	0.954	69.28	0.759	0.325
United Kingdom	6.907	10.63	0.964	69.34	0.816	0.336
United Kingdom	7.029	10.646	0.955	69.4	0.841	0.397
United Kingdom	6.869	10.649	0.949	69.46	0.9	0.331
United Kingdom	6.881	10.656	0.935	69.52	0.889	0.366
United Kingdom	6.918	10.668	0.937	69.58	0.905	0.341
United Kingdom	6.758	10.692	0.91	69.64	0.857	0.349
United Kingdom	6.515	10.707	0.936	69.7	0.833	0.294
United Kingdom	6.824	10.721	0.954	69.8	0.821	0.244
United Kingdom	7.103	10.739	0.937	69.9	0.813	0.285
United Kingdom	7.233	10.75	0.928	70	0.838	0.22
United Kingdom	7.157	10.76	0.943	70.1	0.854	0.264
United Kingdom	6.798	10.639	0.929	70.2	0.885	0.196
United Kingdom	6.867	10.713	0.854	70.3	0.815	0.252
United Kingdom	6.722	10.754	0.863	70.4	0.857	0.308
United Kingdom	6.658	10.759	0.886	70.5	0.874	0.27
United States	7.182	10.921	0.965	66.78	0.911	
United States	7.513	10.931		66.76	0.872	0.191
United States	7.28	10.923	0.953	66.74	0.878	0.249
United States	7.158	10.888	0.912	66.72	0.831	0.195
United States	7.164	10.906	0.926	66.7	0.828	0.238
United States	7.115	10.914	0.922	66.68	0.863	0.155
United States	7.026	10.929	0.903	66.66	0.823	0.208
United States	7.249	10.941	0.925	66.64	0.792	0.268
United States	7.151	10.956	0.902	66.62	0.866	0.215
United States	6.864	10.975	0.904	66.6	0.849	0.213
United States	6.804	10.985	0.897	66.475	0.758	0.138
United States	6.992	11.001	0.921	66.35	0.868	0.191
United States	6.883	11.024	0.904	66.225	0.825	0.11
United States	6.944	11.042	0.917	66.1	0.836	0.138
United States	7.028	11.005	0.937	65.975	0.85	0.028
United States	6.959	11.061	0.92	65.85	0.816	0.188
United States	6.693	11.078	0.9	65.725	0.736	0.189
United States	6.521	11.089	0.861	65.6	0.721	0.185
Uruguay	5.786	9.64	0.912	66.78	0.807	-0.125
Uruguay	5.694	9.702	0.875	66.86	0.786	-0.178
Uruguay	5.664	9.769	0.879	66.94	0.808	-0.156
Uruguay	6.296	9.808	0.924	67.02	0.825	-0.131
Uruguay	6.062	9.88	0.893	67.1	0.832	-0.171
Uruguay	6.554	9.928	0.891	67.18	0.851	-0.093
Uruguay	6.45	9.96	0.865	67.26	0.871	0.054
Uruguay	6.444	10.002	0.917	67.34	0.888	-0.056
Uruguay	6.561	10.031	0.902	67.42	0.904	-0.086
Uruguay	6.628	10.032	0.891	67.5	0.917	-0.045
Uruguay	6.171	10.045	0.9	67.5	0.886	-0.085
Uruguay	6.336	10.06	0.914	67.5	0.898	-0.104
Uruguay	6.372	10.06	0.917	67.5	0.876	-0.109
Uruguay	6.6	10.067	0.933	67.5	0.903	-0.107
Uruguay	6.31	10.002	0.921	67.5	0.908	-0.094
Uruguay	6.502	10.054	0.914	67.5	0.899	-0.054
Uruguay	6.671	10.103	0.905	67.5	0.878	-0.055
Uruguay	6.662	10.122	0.908	67.5	0.904	-0.05
Uzbekistan	5.232	8.256	0.903	61.34	0.784	-0.125
Uzbekistan	5.311	8.402	0.894	61.82	0.831	-0.033
Uzbekistan	5.261	8.463	0.905	62.06		0.003
Uzbekistan	5.095	8.508	0.903	62.3		-0.04
Uzbekistan	5.739	8.554	0.924	62.54	0.934	0.032
Uzbekistan	6.019	8.608	0.933	62.78	0.914	-0.047
Uzbekistan	5.94	8.662	0.963	63.02	0.95	-0.043
Uzbekistan	6.049	8.712	0.952	63.26	0.954	0.052
Uzbekistan	5.972	8.764	0.968	63.5	0.98	0.366
Uzbekistan	5.893	8.804	0.945	63.8	0.984	0.199
Uzbekistan	6.421	8.831	0.942	64.1	0.985	0.114
Uzbekistan	6.205	8.87	0.921	64.4	0.97	0.308
Uzbekistan	6.154	8.91	0.915	64.7	0.97	0.295
Uzbekistan	5.842	8.91	0.85	65	0.928	0.19
Uzbekistan	6.185	8.962	0.896	65.3	0.927	0.183
Uzbekistan	6.016	8.996	0.879	65.6	0.959	0.306
Uzbekistan	6.385	9.026	0.909	65.9	0.927	0.247
Venezuela	7.17	9.316	0.955	65.5	0.838	
Venezuela	6.525	9.467	0.946	65.46	0.798	-0.037
Venezuela	6.258	9.719	0.922	65.38	0.678	-0.232
Venezuela	7.189	9.567	0.945	65.34	0.677	-0.124
Venezuela	7.478	9.748	0.932	65.3	0.768	-0.163
Venezuela	6.58	9.859	0.931	65.26	0.766	-0.235
Venezuela	7.067	9.862	0.932	65.22	0.804	-0.201
Venezuela	6.553	9.802	0.896	65.18	0.642	-0.23
Venezuela	6.136	9.366	0.904	65.14	0.57	-0.191
Venezuela	5.569	8.532	0.911	65.1	0.512	-0.089
Venezuela	4.041	7.602	0.902	64.925	0.458	-0.06
Venezuela	5.071	5.943	0.896	64.75	0.636	0.05
Venezuela	5.006	5.935	0.887	64.575	0.611	0.068
Venezuela	5.081	5.527	0.888	64.4	0.626	0.124
Venezuela	4.574		0.805	64.225	0.612	
Venezuela	5.108		0.812	64.05	0.596	
Venezuela	5.949		0.899	63.875	0.77	
Venezuela	5.765		0.885	63.7	0.757	
Vietnam	5.294	8.554	0.888	64.18	0.886	-0.006
Vietnam	5.422	8.613	0.856	64.26	0.918	0.068
Vietnam	5.48	8.658	0.805	64.34	0.889	0.18
Vietnam	5.304	8.701	0.815	64.42	0.834	-0.083
Vietnam	5.296	8.752	0.787	64.5	0.831	-0.027
Vietnam	5.767	8.804	0.898	64.58	0.818	0.084
Vietnam	5.535	8.847	0.775	64.66	0.856	-0.131
Vietnam	5.023	8.89	0.759	64.74	0.92	-0.048
Vietnam	5.085	8.941	0.792	64.82		-0.022
Vietnam	5.076	8.999	0.849	64.9		0.064
Vietnam	5.062	9.053	0.876	65	0.894	-0.112
Vietnam	5.175	9.111		65.1		
Vietnam	5.296	9.173	0.832	65.2	0.909	-0.063
Vietnam	5.467	9.235	0.848	65.3	0.952	-0.148
Vietnam	5.462	9.254	0.765	65.4	0.945	0.063
Vietnam	5.54	9.271	0.799	65.5	0.897	0.104
Vietnam	6.267	9.341	0.879	65.6	0.975	-0.182
Vietnam	6.325	9.392	0.845	65.7	0.956	-0.159
Yemen	4.477	8.212	0.825	58.72	0.673	0.006
Yemen	4.809	8.25	0.756	58.64	0.644	-0.056
Yemen	4.35	8.414	0.727	58.6	0.659	-0.107
Yemen	3.746	8.264	0.663	58.56	0.638	-0.174
Yemen	4.061	8.179	0.682	58.52	0.706	-0.172
Yemen	4.218	8.166	0.694	58.48	0.543	-0.179
Yemen	3.968	8.159	0.638	58.44	0.664	-0.166
Yemen	2.983	7.772	0.669	58.4	0.61	-0.138
Yemen	3.826	7.552	0.775	58.175	0.533	-0.144
Yemen	3.254	7.243	0.79	57.95	0.595	-0.128
Yemen	3.058	7.444	0.789	57.725	0.553	-0.127
Yemen	4.197	7.448	0.87	57.5	0.651	-0.106
Yemen	3.59		0.872	56.825	0.607	
Yemen	3.532		0.825	56.6	0.583	
Zambia	4.824	7.834	0.798	46.76	0.721	-0.012
Zambia	3.998	7.879	0.688	47.42	0.682	-0.073
Zambia	4.73	7.918	0.624	48.08	0.717	0.051
Zambia	5.26	7.971	0.782	48.74	0.696	-0.101
Zambia	4.999	8.054	0.864	50.06	0.663	-0.001
Zambia	5.013	8.094	0.78	50.72	0.788	0.004
Zambia	5.244	8.111	0.761	51.38	0.77	-0.108
Zambia	4.346	8.124	0.706	52.04	0.812	-0.014
Zambia	4.843	8.121	0.691	52.7	0.759	-0.042
Zambia	4.348	8.127	0.767	53.125	0.812	0.119
Zambia	3.933	8.13	0.744	53.55	0.823	0.137
Zambia	4.041	8.139	0.718	53.975	0.791	0.045
Zambia	3.307	8.123	0.638	54.4	0.811	0.074
Zambia	4.838	8.066	0.767	54.825	0.75	0.054
Zambia	3.082	8.082	0.619	55.25	0.833	0.138
Zambia	3.728	8.101	0.717	55.675	0.889	-0.009
Zambia	3.686	8.115	0.664	56.1	0.854	0.092
Zimbabwe	3.826	7.46	0.822	40.4	0.431	-0.063
Zimbabwe	3.28	7.413	0.828	41.6	0.456	-0.069
Zimbabwe	3.174	7.21	0.843	42.8	0.344	-0.077
Zimbabwe	4.056	7.313	0.806	44	0.411	-0.065
Zimbabwe	4.682	7.495	0.857	45.2	0.665	-0.081
Zimbabwe	4.846	7.617	0.865	46.4	0.633	-0.077
Zimbabwe	4.955	7.745	0.896	47.6	0.47	-0.091
Zimbabwe	4.69	7.755	0.799	48.8	0.576	-0.093
Zimbabwe	4.184	7.748	0.766	50	0.642	-0.062
Zimbabwe	3.703	7.747	0.736	51.2	0.667	-0.111
Zimbabwe	3.735	7.735	0.768	51.675	0.733	-0.082
Zimbabwe	3.638	7.754	0.754	52.15	0.753	-0.084
Zimbabwe	3.616	7.783	0.775	52.625	0.763	-0.055
Zimbabwe	2.694	7.698	0.759	53.1	0.632	-0.051
Zimbabwe	3.16	7.596	0.717	53.575	0.643	0.003
Zimbabwe	3.155	7.657	0.685	54.05	0.668	-0.079
Zimbabwe	3.296	7.67	0.666	54.525	0.652	-0.073
Zimbabwe	3.572	7.679	0.694	55	0.735	-0.069
